CREATE TABLE t1 (
a CHAR(10) NOT NULL,
b INT NOT NULL AUTO_INCREMENT,
PRIMARY KEY(a,b));
INSERT INTO t1 VALUES ("a",2);
SELECT LAST_INSERT_ID();
LAST_INSERT_ID()
0
SELECT * FROM LAST_INSERT_IDS() AS ids;
insert_id
INSERT INTO t1 VALUES ("a",NULL),("c",NULL);
SELECT LAST_INSERT_ID();
LAST_INSERT_ID()
3
SELECT * FROM LAST_INSERT_IDS() AS ids;
insert_id
3
1
DROP TABLE t1;
