CREATE TABLE t1 (a INT);
INSERT INTO t1 VALUES (0);
INSERT INTO t1 VALUES (1);
INSERT INTO t1 VALUES (2);
INSERT INTO t1 VALUES (3);
SELECT SQL_NO_FCACHE * FROM t1;
a
0
1
2
3
SELECT * FROM (SELECT SQL_NO_FCACHE * FROM t1) AS t2;
a
0
1
2
3
DROP TABLE t1;
