CREATE TABLE t1(x VARCHAR(1000));
INSERT INTO t1 VALUES (REPEAT("xyz", 100));
INSERT INTO t1 SELECT t1.* FROM t1, t1 t12, t1 t13, t1 t14;
INSERT INTO t1 SELECT t1.* FROM t1, t1 t12, t1 t13, t1 t14;
INSERT INTO t1 SELECT t1.* FROM t1, t1 t12, t1 t13, t1 t14;
SELECT * FROM t1 INTO OUTFILE 'OUTPUT_FILE';;
SELECT * FROM t1 INTO OUTFILE 'OUTPUT_FILE_ZSTD' COMPRESSED;;
TRUNCATE TABLE t1;
LOAD DATA INFILE 'INPUT_FILE' INTO TABLE t1;;
SELECT * FROM t1 INTO OUTFILE 'OUTPUT_FILE_ZSTD2' COMPRESSED;;
TRUNCATE TABLE t1;
SELECT * FROM t1 INTO OUTFILE 'OUTPUT_FILE_ZSTD3' COMPRESSED;;
0
CREATE TABLE t10(x varchar(5001));
LOAD DATA INFILE 'INPUT_FILE_BIG_ROW' INTO TABLE t10;;
SELECT * FROM t10 INTO OUTFILE 'OUTPUT_FILE_ZSTD_BIG_ROW' COMPRESSED;;
SELECT * FROM t10 INTO OUTFILE 'ERROR_OUTPUT_FILE' COMPRESSED;;
ERROR HY000: The MySQL server is running with the --secure-file-priv option so it cannot execute this statement
DROP TABLE t1, t10;
