usage and peak are 0
1
Reset tmp_table_disk_usage_period_peak
set reset_period_status_vars = on;
set reset_period_status_vars = off;
Confirm that tmp_table_disk_usage_period_peak is reset
period peak is reset to current usage
1
create table t1 (i int, c char(255));
create table t2 (i int, c varchar(255));
insert into t1 values (0, lpad('a', 250, 'b'));
insert into t1 select i+1,c from t1;
insert into t1 select i+2,c from t1;
insert into t1 select i+4,c from t1;
insert into t1 select i+8,c from t1;
insert into t1 select i+16,c from t1;
insert into t1 select i+32,c from t1;
insert into t1 select i+64,c from t1;
insert into t1 select i+128,c from t1;
insert into t1 select i+256,c from t1;
insert into t1 select i+512,c from t1;
insert into t1 select i+1024,c from t1;
insert into t1 select i+2048,c from t1;
insert into t2 select * from t1;
set session tmp_table_size=16384;
set session max_heap_table_size=16384;
create temporary table tm(i int, c char(255)) engine=myisam;
no increase
1
peak increased to new usage
1
global usage increased by session usage
1
original global peak is too high, or it is same as session
1
period peak is the same as session peak
1
insert into tm select * from t1;
increased
1
peak increased to new usage
1
global usage increased by session usage
1
original global peak is too high, or it is same as session
1
period peak is the same as session peak
1
update tm set c = lpad('b', 250, 'a');
increased
1
delete from tm where i < 100;
increased
1
drop temporary table tm;
create temporary table tm(i int, c varchar(255)) engine=myisam;
set reset_period_status_vars = on;
set reset_period_status_vars = off;
with reset returned period peak is still the same as session peak
1
no increase
1
peak is still the same
1
original global peak is too high, or it is same as session
1
after reset period peak is the same as usage
1
insert into tm select * from t2;
increased
1
peak is still the same
1
original global peak is too high, or it is same as session
1
update tm set c = lpad('b', 250, 'a');
increased
1
peak is still the same
1
original global peak is too high, or it is same as session
1
delete from tm where i < 100;
increased
1
peak is still the same
1
original global peak is too high, or it is same as session
1
select i, c, count(*) from t1 group by i, c having count(*) > 1;
i	c	count(*)
increased
1
peak increased
1
original global peak is too high, or it is within 8K of session
1
select i, c, count(*) from t2 group by i, c having count(*) > 1;
i	c	count(*)
increased
1
peak is still the same
1
global usage increased by session usage
1
original global peak is too high, or it is within 8K of session
1
select * from information_schema.tables;
usage is still the same after system temp table
1
flush status;
written is reset to 0
1
usage is still the same after flush
1
global usage increased by session usage
1
peak is reset to current usage
1
global peak is not reset
1
drop table t1;
drop table t2;
drop temporary table tm;
no increase
1
usage dropped to 0
1
global usage returned to init value
1
flush status;
peak is reset to current usage (0)
1
create temporary table tm(i int, c char(255)) engine=myisam;
insert into tm values (1, 'asdf');
peak increased to new usage
1
global usage increased by session usage
1
no increase
1
increased
1
con1 usage and peak are 0
1
create temporary table tm(i int, c char(255)) engine=myisam;
insert into tm values (1, 'asdf');
increased
1
con1 usage and peak are the same and not 0
1
global usage is same as two sessions + init usage
1
drop temporary table tm;
no decrease
1
