drop table if exists t1;
CREATE TABLE t1 (a INT, b INT, KEY ka(a), KEY kab(a,b)) ENGINE=RocksDB CHARSET=latin1;
INSERT INTO t1 (a, b) VALUES (1, 5);
INSERT INTO t1 (a, b) VALUES (2, 6);
INSERT INTO t1 (a, b) VALUES (3, 7);
ALTER TABLE t1 ADD INDEX kb(b), ALGORITHM=INPLACE;
SHOW CREATE TABLE t1;
Table	Create Table
t1	CREATE TABLE `t1` (
  `a` int DEFAULT NULL,
  `b` int DEFAULT NULL,
  KEY `ka` (`a`),
  KEY `kab` (`a`,`b`),
  KEY `kb` (`b`)
) ENGINE=ROCKSDB DEFAULT CHARSET=latin1
CHECK TABLE t1;
Table	Op	Msg_type	Msg_text
test.t1	check	status	OK
SELECT * FROM t1 FORCE INDEX(kb) WHERE b > 5;
a	b
2	6
3	7
SELECT * FROM t1 FORCE INDEX(kab) WHERE a > 2;
a	b
3	7
DROP TABLE t1;
CREATE TABLE t1 (a INT, b INT, KEY ka(a), KEY kab(a,b)) ENGINE=RocksDB CHARSET=latin1;
INSERT INTO t1 (a, b) VALUES (1, 5);
INSERT INTO t1 (a, b) VALUES (2, 6);
INSERT INTO t1 (a, b) VALUES (3, 7);
ALTER TABLE t1 ADD INDEX kb(b), DROP INDEX ka, ALGORITHM=INPLACE;
SHOW CREATE TABLE t1;
Table	Create Table
t1	CREATE TABLE `t1` (
  `a` int DEFAULT NULL,
  `b` int DEFAULT NULL,
  KEY `kab` (`a`,`b`),
  KEY `kb` (`b`)
) ENGINE=ROCKSDB DEFAULT CHARSET=latin1
CHECK TABLE t1;
Table	Op	Msg_type	Msg_text
test.t1	check	status	OK
SELECT * FROM t1 FORCE INDEX(kb) WHERE b > 5;
a	b
2	6
3	7
SELECT * FROM t1 FORCE INDEX(kab) WHERE a > 2;
a	b
3	7
DROP TABLE t1;
CREATE TABLE t1 (a INT PRIMARY KEY, b INT, c INT, UNIQUE KEY kbc(b,c)) ENGINE=RocksDB CHARSET=latin1;
INSERT INTO t1 (a, b, c) VALUES (1, 5, 4);
INSERT INTO t1 (a, b, c) VALUES (2, 6, 6);
INSERT INTO t1 (a, b, c) VALUES (3, 7, 8);
INSERT INTO t1 (a, b, c) VALUES (4, 7, 8);
ERROR 23000: Duplicate entry '7-8' for key 't1.kbc'
ALTER TABLE t1 DROP KEY kbc, ADD KEY kbc(b,c), ALGORITHM=INPLACE;
SHOW CREATE TABLE t1;
Table	Create Table
t1	CREATE TABLE `t1` (
  `a` int NOT NULL,
  `b` int DEFAULT NULL,
  `c` int DEFAULT NULL,
  PRIMARY KEY (`a`),
  KEY `kbc` (`b`,`c`)
) ENGINE=ROCKSDB DEFAULT CHARSET=latin1
CHECK TABLE t1;
Table	Op	Msg_type	Msg_text
test.t1	check	status	OK
INSERT INTO t1 (a, b, c) VALUES (5, 7, 8);
SELECT * FROM t1 FORCE INDEX(kbc) WHERE b > 5;
a	b	c
2	6	6
3	7	8
5	7	8
SELECT * FROM t1 FORCE INDEX(kbc) WHERE a > 2;
a	b	c
3	7	8
5	7	8
DROP TABLE t1;
CREATE TABLE t1 (a INT PRIMARY KEY, b INT, c INT, UNIQUE KEY kbc(b,c)) ENGINE=RocksDB CHARSET=latin1;
INSERT INTO t1 (a, b, c) VALUES (1, 5, 4);
INSERT INTO t1 (a, b, c) VALUES (2, 6, 6);
INSERT INTO t1 (a, b, c) VALUES (3, 7, 8);
INSERT INTO t1 (a, b, c) VALUES (4, 7, 8);
ERROR 23000: Duplicate entry '7-8' for key 't1.kbc'
ALTER TABLE t1 DROP KEY kbc, ADD KEY kac(a,c), ALGORITHM=INPLACE;
SHOW CREATE TABLE t1;
Table	Create Table
t1	CREATE TABLE `t1` (
  `a` int NOT NULL,
  `b` int DEFAULT NULL,
  `c` int DEFAULT NULL,
  PRIMARY KEY (`a`),
  KEY `kac` (`a`,`c`)
) ENGINE=ROCKSDB DEFAULT CHARSET=latin1
CHECK TABLE t1;
Table	Op	Msg_type	Msg_text
test.t1	check	status	OK
INSERT INTO t1 (a, b, c) VALUES (5, 7, 8);
SELECT * FROM t1 FORCE INDEX(kac) WHERE a > 4 and c > 7;
a	b	c
5	7	8
SELECT * FROM t1 FORCE INDEX(kac) WHERE a > 2;
a	b	c
3	7	8
5	7	8
DROP TABLE t1;
CREATE TABLE t1 (a INT, b INT, KEY ka(a), KEY kab(a,b)) ENGINE=RocksDB CHARSET=latin1;
INSERT INTO t1 (a, b) VALUES (1, 5);
INSERT INTO t1 (a, b) VALUES (2, 6);
INSERT INTO t1 (a, b) VALUES (3, 7);
ALTER TABLE t1 DROP INDEX ka, DROP INDEX kab, ALGORITHM=INPLACE;
ALTER TABLE t1 ADD INDEX kb(b), ADD INDEX kab(a,b), ALGORITHM=INPLACE;
SHOW CREATE TABLE t1;
Table	Create Table
t1	CREATE TABLE `t1` (
  `a` int DEFAULT NULL,
  `b` int DEFAULT NULL,
  KEY `kb` (`b`),
  KEY `kab` (`a`,`b`)
) ENGINE=ROCKSDB DEFAULT CHARSET=latin1
CHECK TABLE t1;
Table	Op	Msg_type	Msg_text
test.t1	check	status	OK
SELECT * FROM t1 FORCE INDEX(kb) WHERE b > 5;
a	b
2	6
3	7
SELECT * FROM t1 FORCE INDEX(kab) WHERE a > 2;
a	b
3	7
DROP TABLE t1;
CREATE TABLE t1 (a INT, b INT, KEY ka(a), KEY kab(a,b)) ENGINE=RocksDB CHARSET=latin1;
INSERT INTO t1 (a, b) VALUES (1, 5);
INSERT INTO t1 (a, b) VALUES (2, 6);
INSERT INTO t1 (a, b) VALUES (3, 7);
ALTER TABLE t1 ADD INDEX kb(b), DROP INDEX ka, ADD INDEX kba(b,a), DROP INDEX kab, ALGORITHM=INPLACE;
SHOW CREATE TABLE t1;
Table	Create Table
t1	CREATE TABLE `t1` (
  `a` int DEFAULT NULL,
  `b` int DEFAULT NULL,
  KEY `kb` (`b`),
  KEY `kba` (`b`,`a`)
) ENGINE=ROCKSDB DEFAULT CHARSET=latin1
CHECK TABLE t1;
Table	Op	Msg_type	Msg_text
test.t1	check	status	OK
SELECT * FROM t1 FORCE INDEX(kb) WHERE b > 5;
a	b
2	6
3	7
SELECT * FROM t1 FORCE INDEX(kba) WHERE a > 2;
a	b
3	7
DROP TABLE t1;
CREATE TABLE t1 (a INT, b INT, KEY ka(a), KEY kab(a,b)) ENGINE=RocksDB CHARSET=latin1;
ALTER TABLE t1 DROP INDEX ka, ADD INDEX ka(b), ALGORITHM=INPLACE;
SHOW CREATE TABLE t1;
Table	Create Table
t1	CREATE TABLE `t1` (
  `a` int DEFAULT NULL,
  `b` int DEFAULT NULL,
  KEY `kab` (`a`,`b`),
  KEY `ka` (`b`)
) ENGINE=ROCKSDB DEFAULT CHARSET=latin1
CHECK TABLE t1;
Table	Op	Msg_type	Msg_text
test.t1	check	status	OK
SELECT * FROM t1 FORCE INDEX(ka) WHERE b > 5;
a	b
SELECT * FROM t1 FORCE INDEX(kab) WHERE a > 2;
a	b
DROP TABLE t1;
CREATE TABLE t1 (pk CHAR(8) PRIMARY KEY, a VARCHAR(11), b INT UNSIGNED) ENGINE=RocksDB CHARSET=utf8mb3 collate utf8_bin;
Warnings:
Warning	1287	'utf8mb3' is deprecated and will be removed in a future release. Please use utf8mb4 instead
Warning	3778	'utf8mb3_bin' is a collation of the deprecated character set UTF8MB3. Please consider using UTF8MB4 with an appropriate collation instead.
SHOW CREATE TABLE t1;
Table	Create Table
t1	CREATE TABLE `t1` (
  `pk` char(8) COLLATE utf8mb3_bin NOT NULL,
  `a` varchar(11) COLLATE utf8mb3_bin DEFAULT NULL,
  `b` int unsigned DEFAULT NULL,
  PRIMARY KEY (`pk`)
) ENGINE=ROCKSDB DEFAULT CHARSET=utf8mb3 COLLATE=utf8mb3_bin
SHOW COLUMNS IN t1;
Field	Type	Null	Key	Default	Extra
pk	char(8)	NO	PRI	NULL	
a	varchar(11)	YES		NULL	
b	int unsigned	YES		NULL	
INSERT INTO t1 VALUES ('aaa', '1111', 1);
INSERT INTO t1 VALUES ('bbb', '2222', 2);
INSERT INTO t1 VALUES ('ccc', '3333', 3);
ALTER TABLE t1 ADD INDEX kab(a,b), ALGORITHM=INPLACE;
SHOW CREATE TABLE t1;
Table	Create Table
t1	CREATE TABLE `t1` (
  `pk` char(8) COLLATE utf8mb3_bin NOT NULL,
  `a` varchar(11) COLLATE utf8mb3_bin DEFAULT NULL,
  `b` int unsigned DEFAULT NULL,
  PRIMARY KEY (`pk`),
  KEY `kab` (`a`,`b`)
) ENGINE=ROCKSDB DEFAULT CHARSET=utf8mb3 COLLATE=utf8mb3_bin
CHECK TABLE t1;
Table	Op	Msg_type	Msg_text
test.t1	check	status	OK
SELECT * FROM t1 FORCE INDEX(kab) WHERE a > '2' AND b < 3;
pk	a	b
bbb	2222	2
DROP TABLE t1;
CREATE TABLE t1 (pk CHAR(8) PRIMARY KEY, a VARCHAR(11), b INT UNSIGNED) ENGINE=RocksDB CHARSET=utf8mb3 collate utf8_bin;
Warnings:
Warning	1287	'utf8mb3' is deprecated and will be removed in a future release. Please use utf8mb4 instead
Warning	3778	'utf8mb3_bin' is a collation of the deprecated character set UTF8MB3. Please consider using UTF8MB4 with an appropriate collation instead.
SHOW CREATE TABLE t1;
Table	Create Table
t1	CREATE TABLE `t1` (
  `pk` char(8) COLLATE utf8mb3_bin NOT NULL,
  `a` varchar(11) COLLATE utf8mb3_bin DEFAULT NULL,
  `b` int unsigned DEFAULT NULL,
  PRIMARY KEY (`pk`)
) ENGINE=ROCKSDB DEFAULT CHARSET=utf8mb3 COLLATE=utf8mb3_bin
SHOW COLUMNS IN t1;
Field	Type	Null	Key	Default	Extra
pk	char(8)	NO	PRI	NULL	
a	varchar(11)	YES		NULL	
b	int unsigned	YES		NULL	
INSERT INTO t1 VALUES ('aaa', '1111', 1);
INSERT INTO t1 VALUES ('bbb', '2222', 2);
INSERT INTO t1 VALUES ('ccc', '3333', 3);
ALTER TABLE t1 ADD INDEX kab(a,b), ALGORITHM=INPLACE;
ALTER TABLE t1 ADD INDEX ka(a), DROP INDEX kab, ALGORITHM=INPLACE;
SHOW CREATE TABLE t1;
Table	Create Table
t1	CREATE TABLE `t1` (
  `pk` char(8) COLLATE utf8mb3_bin NOT NULL,
  `a` varchar(11) COLLATE utf8mb3_bin DEFAULT NULL,
  `b` int unsigned DEFAULT NULL,
  PRIMARY KEY (`pk`),
  KEY `ka` (`a`)
) ENGINE=ROCKSDB DEFAULT CHARSET=utf8mb3 COLLATE=utf8mb3_bin
CHECK TABLE t1;
Table	Op	Msg_type	Msg_text
test.t1	check	status	OK
SELECT * FROM t1 FORCE INDEX(ka) WHERE a > '2' AND b < 3;
pk	a	b
bbb	2222	2
DROP TABLE t1;
CREATE TABLE t1 (pk CHAR(8) PRIMARY KEY, a VARCHAR(11), b INT UNSIGNED) ENGINE=RocksDB CHARSET=utf8mb3 collate utf8_bin;
Warnings:
Warning	1287	'utf8mb3' is deprecated and will be removed in a future release. Please use utf8mb4 instead
Warning	3778	'utf8mb3_bin' is a collation of the deprecated character set UTF8MB3. Please consider using UTF8MB4 with an appropriate collation instead.
SHOW CREATE TABLE t1;
Table	Create Table
t1	CREATE TABLE `t1` (
  `pk` char(8) COLLATE utf8mb3_bin NOT NULL,
  `a` varchar(11) COLLATE utf8mb3_bin DEFAULT NULL,
  `b` int unsigned DEFAULT NULL,
  PRIMARY KEY (`pk`)
) ENGINE=ROCKSDB DEFAULT CHARSET=utf8mb3 COLLATE=utf8mb3_bin
SHOW COLUMNS IN t1;
Field	Type	Null	Key	Default	Extra
pk	char(8)	NO	PRI	NULL	
a	varchar(11)	YES		NULL	
b	int unsigned	YES		NULL	
INSERT INTO t1 VALUES ('aaa', '1111', 1);
INSERT INTO t1 VALUES ('bbb', '2222', 2);
INSERT INTO t1 VALUES ('ccc', '3333', 3);
ALTER TABLE t1 ADD INDEX kab(a,b), ADD INDEX ka(a), ADD INDEX kb(b), ALGORITHM=INPLACE;
ALTER TABLE t1 DROP INDEX ka, DROP INDEX kb, ALGORITHM=INPLACE;
SHOW CREATE TABLE t1;
Table	Create Table
t1	CREATE TABLE `t1` (
  `pk` char(8) COLLATE utf8mb3_bin NOT NULL,
  `a` varchar(11) COLLATE utf8mb3_bin DEFAULT NULL,
  `b` int unsigned DEFAULT NULL,
  PRIMARY KEY (`pk`),
  KEY `kab` (`a`,`b`)
) ENGINE=ROCKSDB DEFAULT CHARSET=utf8mb3 COLLATE=utf8mb3_bin
CHECK TABLE t1;
Table	Op	Msg_type	Msg_text
test.t1	check	status	OK
SELECT * FROM t1 FORCE INDEX(kab) WHERE a > '2' AND b < 3;
pk	a	b
bbb	2222	2
DROP TABLE t1;
CREATE TABLE t1 (a INT, b INT, KEY ka(a), KEY kab(a,b)) ENGINE=RocksDB CHARSET=latin1;
INSERT INTO t1 (a, b) VALUES (1, 5);
INSERT INTO t1 (a, b) VALUES (2, 6);
INSERT INTO t1 (a, b) VALUES (3, 7);
CREATE INDEX kb on t1 (b);
CREATE INDEX kba on t1 (b,a);
DROP INDEX ka on t1;
DROP INDEX kab on t1;
SHOW CREATE TABLE t1;
Table	Create Table
t1	CREATE TABLE `t1` (
  `a` int DEFAULT NULL,
  `b` int DEFAULT NULL,
  KEY `kb` (`b`),
  KEY `kba` (`b`,`a`)
) ENGINE=ROCKSDB DEFAULT CHARSET=latin1
CHECK TABLE t1;
Table	Op	Msg_type	Msg_text
test.t1	check	status	OK
SELECT * FROM t1 FORCE INDEX(kb) WHERE b > 5;
a	b
2	6
3	7
SELECT * FROM t1 FORCE INDEX(kba) WHERE a > 2;
a	b
3	7
DROP TABLE t1;
CREATE TABLE t1 (i INT, j INT, k INT, PRIMARY KEY (i), KEY(j)) ENGINE=RocksDB CHARSET=latin1 PARTITION BY KEY(i) PARTITIONS 4;
ALTER TABLE t1 ADD INDEX kij(i,j), ALGORITHM=INPLACE;
DROP INDEX kij ON t1;
SHOW CREATE TABLE t1;
Table	Create Table
t1	CREATE TABLE `t1` (
  `i` int NOT NULL,
  `j` int DEFAULT NULL,
  `k` int DEFAULT NULL,
  PRIMARY KEY (`i`),
  KEY `j` (`j`)
) ENGINE=ROCKSDB DEFAULT CHARSET=latin1
/*!50100 PARTITION BY KEY (i)
PARTITIONS 4 */
SELECT * FROM t1 ORDER BY i LIMIT 10;
i	j	k
1	1	1
2	2	2
3	3	3
4	4	4
5	5	5
6	6	6
7	7	7
8	8	8
9	9	9
10	10	10
SELECT COUNT(*) FROM t1;
COUNT(*)
100
DROP TABLE t1;
CREATE TABLE t1 (a INT, b TEXT) CHARSET=utf8mb4;
ALTER TABLE t1 ADD KEY kb(b(10));
DROP TABLE t1;
set global rocksdb_bulk_load=1;
# Establish connection con1 (user=root)
# Switch to connection con1
show global variables like 'rocksdb_bulk_load%';
Variable_name	Value
rocksdb_bulk_load	ON
rocksdb_bulk_load_allow_sk	OFF
rocksdb_bulk_load_allow_unsorted	OFF
rocksdb_bulk_load_enable_unique_key_check	OFF
rocksdb_bulk_load_fail_if_not_bottommost_level	OFF
rocksdb_bulk_load_partial_index	ON
rocksdb_bulk_load_size	1000
rocksdb_bulk_load_use_sst_partitioner	OFF
show session variables like 'rocksdb_bulk_load%';
Variable_name	Value
rocksdb_bulk_load	ON
rocksdb_bulk_load_allow_sk	OFF
rocksdb_bulk_load_allow_unsorted	OFF
rocksdb_bulk_load_enable_unique_key_check	OFF
rocksdb_bulk_load_fail_if_not_bottommost_level	OFF
rocksdb_bulk_load_partial_index	ON
rocksdb_bulk_load_size	1000
rocksdb_bulk_load_use_sst_partitioner	OFF
CREATE TABLE t1 (i INT, j INT, PRIMARY KEY (i)) ENGINE=RocksDB CHARSET=latin1;
INSERT INTO t1 VALUES (1,1);
# Disconnecting on con1
# Establish connection con2 (user=root)
# Switch to connection con2
ALTER TABLE t1 ADD INDEX kj(j), ALGORITHM=INPLACE;
SELECT COUNT(*) FROM t1 FORCE INDEX(PRIMARY);
COUNT(*)
1
SELECT COUNT(*) FROM t1 FORCE INDEX(kj);
COUNT(*)
1
DROP TABLE t1;
# Establish connection con1 (user=root)
# Establish connection con2 (user=root)
# Switch to connection con1
CREATE TABLE t1 (i INT, j INT, PRIMARY KEY (i)) ENGINE=RocksDB CHARSET=latin1;
set rocksdb_bulk_load=1;
INSERT INTO t1 VALUES (1,1);
# Switch to connection con2
SELECT COUNT(*) FROM t1 FORCE INDEX(PRIMARY);
COUNT(*)
0
ALTER TABLE t1 ADD INDEX kj(j), ALGORITHM=INPLACE;
SELECT COUNT(*) FROM t1 FORCE INDEX(PRIMARY);
COUNT(*)
1
SELECT COUNT(*) FROM t1 FORCE INDEX(kj);
COUNT(*)
1
set global rocksdb_bulk_load=0;
DROP TABLE t1;
SET @prior_rocksdb_merge_combine_read_size= @@rocksdb_merge_combine_read_size;
SET @prior_rocksdb_strict_collation_check= @@rocksdb_strict_collation_check;
SET @prior_rocksdb_merge_buf_size = @@rocksdb_merge_buf_size;
SET global rocksdb_strict_collation_check = off;
SET session rocksdb_merge_combine_read_size = 566;
SET session rocksdb_merge_buf_size = 340;
show variables like 'rocksdb_bulk_load%';
Variable_name	Value
rocksdb_bulk_load	OFF
rocksdb_bulk_load_allow_sk	OFF
rocksdb_bulk_load_allow_unsorted	OFF
rocksdb_bulk_load_enable_unique_key_check	OFF
rocksdb_bulk_load_fail_if_not_bottommost_level	OFF
rocksdb_bulk_load_partial_index	ON
rocksdb_bulk_load_size	1000
rocksdb_bulk_load_use_sst_partitioner	OFF
CREATE TABLE t1 (a VARCHAR(80)) ENGINE=RocksDB CHARSET=latin1;
INSERT INTO t1 (a) VALUES (REPEAT("a", 80));
INSERT INTO t1 (a) VALUES (REPEAT("a", 80));
INSERT INTO t1 (a) VALUES (REPEAT("a", 80));
INSERT INTO t1 (a) VALUES (REPEAT("a", 80));
ALTER TABLE t1 ADD INDEX ka(a), ALGORITHM=INPLACE;
SHOW CREATE TABLE t1;
Table	Create Table
t1	CREATE TABLE `t1` (
  `a` varchar(80) DEFAULT NULL,
  KEY `ka` (`a`)
) ENGINE=ROCKSDB DEFAULT CHARSET=latin1
CHECK TABLE t1;
Table	Op	Msg_type	Msg_text
test.t1	check	status	OK
SELECT * FROM t1 FORCE INDEX(ka) WHERE a > "";
a
aaaaaaaaaaaaaaaaaaaaaaaaaaaaaaaaaaaaaaaaaaaaaaaaaaaaaaaaaaaaaaaaaaaaaaaaaaaaaaaa
aaaaaaaaaaaaaaaaaaaaaaaaaaaaaaaaaaaaaaaaaaaaaaaaaaaaaaaaaaaaaaaaaaaaaaaaaaaaaaaa
aaaaaaaaaaaaaaaaaaaaaaaaaaaaaaaaaaaaaaaaaaaaaaaaaaaaaaaaaaaaaaaaaaaaaaaaaaaaaaaa
aaaaaaaaaaaaaaaaaaaaaaaaaaaaaaaaaaaaaaaaaaaaaaaaaaaaaaaaaaaaaaaaaaaaaaaaaaaaaaaa
DROP TABLE t1;
SET session rocksdb_merge_buf_size = @prior_rocksdb_merge_buf_size;
SET session rocksdb_merge_combine_read_size = @prior_rocksdb_merge_combine_read_size;
SET global rocksdb_strict_collation_check = @prior_rocksdb_strict_collation_check;
CREATE TABLE t1 (i INT, j INT, PRIMARY KEY (i)) ENGINE=RocksDB CHARSET=latin1;
set global rocksdb_force_flush_memtable_now=1;
ALTER TABLE t1 ADD INDEX kj(j), ALGORITHM=INPLACE;
larger
0
# restart
larger
0
Table	Op	Msg_type	Msg_text
test.t1	analyze	status	OK
larger
1
# restart
larger
1
Table	Op	Msg_type	Msg_text
test.t1	analyze	status	OK
Table	Op	Msg_type	Msg_text
test.t1	analyze	status	OK
Table	Op	Msg_type	Msg_text
test.t1	analyze	status	OK
Table	Op	Msg_type	Msg_text
test.t1	analyze	status	OK
Table	Op	Msg_type	Msg_text
test.t1	analyze	status	OK
Table	Op	Msg_type	Msg_text
test.t1	analyze	status	OK
Table	Op	Msg_type	Msg_text
test.t1	analyze	status	OK
Table	Op	Msg_type	Msg_text
test.t1	analyze	status	OK
Table	Op	Msg_type	Msg_text
test.t1	analyze	status	OK
Table	Op	Msg_type	Msg_text
test.t1	analyze	status	OK
select 1300 < 1300 * 1.5 as "same";
same
1
DROP TABLE t1;
CREATE TABLE t1 (
a INT PRIMARY KEY,
b INT,
c INT,
KEY kbc(b,c)) ENGINE=RocksDB CHARSET=latin1;
INSERT INTO t1 (a,b,c) VALUES (1,1,1);
INSERT INTO t1 (a,b,c) VALUES (2,2,2);
INSERT INTO t1 (a,b,c) VALUES (3,3,3);
SHOW CREATE TABLE t1;
Table	Create Table
t1	CREATE TABLE `t1` (
  `a` int NOT NULL,
  `b` int DEFAULT NULL,
  `c` int DEFAULT NULL,
  PRIMARY KEY (`a`),
  KEY `kbc` (`b`,`c`)
) ENGINE=ROCKSDB DEFAULT CHARSET=latin1
ALTER TABLE t1 DROP INDEX kbc, ADD INDEX kbc(b,c), ALGORITHM=INPLACE;
ALTER TABLE t1 DROP INDEX kbc;
DROP TABLE t1;
CREATE TABLE t1 (
a INT PRIMARY KEY,
b varchar(10),
index kb(b(5))
) ENGINE=RocksDB CHARSET=utf8mb3 collate utf8_bin;
Warnings:
Warning	1287	'utf8mb3' is deprecated and will be removed in a future release. Please use utf8mb4 instead
Warning	3778	'utf8mb3_bin' is a collation of the deprecated character set UTF8MB3. Please consider using UTF8MB4 with an appropriate collation instead.
INSERT INTO t1 (a,b) VALUES (1,'1111122222');
INSERT INTO t1 (a,b) VALUES (2,'2222233333');
INSERT INTO t1 (a,b) VALUES (3,'3333344444');
ALTER TABLE t1 DROP INDEX kb, ADD INDEX kb(b(8)), ALGORITHM=INPLACE;
SELECT * FROM t1 FORCE INDEX(kb);
a	b
1	1111122222
2	2222233333
3	3333344444
SHOW CREATE TABLE t1;
Table	Create Table
t1	CREATE TABLE `t1` (
  `a` int NOT NULL,
  `b` varchar(10) COLLATE utf8mb3_bin DEFAULT NULL,
  PRIMARY KEY (`a`),
  KEY `kb` (`b`(8))
) ENGINE=ROCKSDB DEFAULT CHARSET=utf8mb3 COLLATE=utf8mb3_bin
DROP TABLE t1;
SET @prior_rocksdb_table_stats_sampling_pct = @@rocksdb_table_stats_sampling_pct;
set global rocksdb_table_stats_sampling_pct = 100;
CREATE TABLE t1 (a INT, b INT, PRIMARY KEY ka(a)) ENGINE=RocksDB CHARSET=latin1;
INSERT INTO t1 (a, b) VALUES (1, 10);
INSERT INTO t1 (a, b) VALUES (2, 10);
INSERT INTO t1 (a, b) VALUES (3, 20);
INSERT INTO t1 (a, b) VALUES (4, 20);
set global rocksdb_force_flush_memtable_now=1;
analyze table t1;
Table	Op	Msg_type	Msg_text
test.t1	analyze	status	OK
SHOW INDEX in t1;
Table	Non_unique	Key_name	Seq_in_index	Column_name	Collation	Cardinality	Sub_part	Packed	Null	Index_type	Comment	Index_comment	Visible	Expression
t1	0	PRIMARY	1	a	A	4	NULL	NULL		SE_SPECIFIC			YES	NULL
ALTER TABLE t1 ADD INDEX kb(b), ALGORITHM=INPLACE;
SHOW INDEX in t1;
Table	Non_unique	Key_name	Seq_in_index	Column_name	Collation	Cardinality	Sub_part	Packed	Null	Index_type	Comment	Index_comment	Visible	Expression
t1	0	PRIMARY	1	a	A	4	NULL	NULL		SE_SPECIFIC			YES	NULL
t1	1	kb	1	b	A	2	NULL	NULL	YES	SE_SPECIFIC			YES	NULL
DROP TABLE t1;
SET global rocksdb_table_stats_sampling_pct = @prior_rocksdb_table_stats_sampling_pct;
CREATE TABLE t1 (i int primary key, j int, v text) CHARSET=latin1;
INSERT INTO t1 VALUES (1, 1, "1"), (2, 1, "2");
ALTER TABLE t1 ADD INDEX idx (v(10));
ALTER TABLE t1 DROP INDEX idx, ADD UNIQUE KEY idx (j);
CHECK TABLE t1;
Table	Op	Msg_type	Msg_text
test.t1	check	status	OK
DROP TABLE t1;
