include/master-slave.inc
Warnings:
Note	####	Sending passwords in plain text without SSL/TLS is extremely insecure.
Note	####	Storing MySQL user name or password information in the master info repository is not secure and is therefore not recommended. Please consider using the USER and PASSWORD connection options for START SLAVE; see the 'START SLAVE Syntax' in the MySQL Manual for more information.
[connection master]
SET @@GLOBAL.rocksdb_alter_table_comment_inplace=ON;

# Test inplace ALTER when changing TABLE comment --- implicit TTL

CREATE TABLE t0(a int primary key, b char(100), ts BIGINT UNSIGNED default 0 NOT NULL) engine=rocksdb COMMENT "ttl_duration=1000;";
SET GLOBAL rocksdb_debug_ttl_rec_ts = -300;
INSERT into t0 values(1, 'aaa', 1);
INSERT into t0 values(2, 'bbb', 2);
INSERT into t0 values(3, 'ccc', 3);
SET GLOBAL rocksdb_debug_ttl_rec_ts = 0;
SELECT * from t0;
a	b	ts
1	aaa	1
2	bbb	2
3	ccc	3
SET @@GLOBAL.rocksdb_alter_table_comment_inplace = OFF;
SET session rocksdb_max_row_locks = 0;
Warnings:
Warning	1292	Truncated incorrect rocksdb_max_row_locks value: '0'
ALTER TABLE t0 comment = 'ttl_duration=2000';
ERROR HY000: Got error 10 'Operation aborted: Failed to acquire lock due to rocksdb_max_row_locks limit' from ROCKSDB
SET session rocksdb_max_row_locks = default;
ALTER TABLE t0 comment = 'ttl_duration=2000;', ALGORITHM=INPLACE;
ERROR 0A000: ALGORITHM=INPLACE is not supported for this operation. Try ALGORITHM=COPY.
SET @@GLOBAL.rocksdb_alter_table_comment_inplace = ON;
ALTER TABLE t0 comment = 'ttl_duration=2000;ttl_col=ts', ALGORITHM=INPLACE;
ERROR 0A000: ALGORITHM=INPLACE is not supported for this operation. Try ALGORITHM=COPY.
ALTER TABLE t0 comment = 'A=B', ALGORITHM=INPLACE;
ERROR 0A000: ALGORITHM=INPLACE is not supported for this operation. Try ALGORITHM=COPY.
SELECT * from t0;
a	b	ts
1	aaa	1
2	bbb	2
3	ccc	3
SELECT TABLE_NAME,TTL_DURATION,INDEX_FLAGS from INFORMATION_SCHEMA.ROCKSDB_DDL where TABLE_NAME = 't0';
TABLE_NAME	TTL_DURATION	INDEX_FLAGS
t0	1000	1
ALTER TABLE t0 comment = 'ttl_duration=20', ALGORITHM=INPLACE;
SELECT TABLE_NAME,TTL_DURATION,INDEX_FLAGS from INFORMATION_SCHEMA.ROCKSDB_DDL where TABLE_NAME = 't0';
TABLE_NAME	TTL_DURATION	INDEX_FLAGS
t0	20	1
SET GLOBAL rocksdb_force_flush_memtable_now=1;
SET GLOBAL rocksdb_compact_cf='default';
SELECT * from t0;
a	b	ts
ALTER TABLE t0 comment = 'abadfas;dfikajps;ttl_duration=30;aspipwrqp3948r', ALGORITHM=INPLACE;
DROP TABLE t0;
include/sync_slave_sql_with_master.inc

# Test inplace ALTER when changing TABLE comment --- explicit TTL 

CREATE TABLE t1 (a INT, b INT, c INT, ts BIGINT UNSIGNED NOT NULL, PRIMARY KEY (a), KEY(b)) ENGINE=ROCKSDB COMMENT "ttl_duration=1000;ttl_col=ts;";
INSERT into t1 values(1, 1, 1, UNIX_TIMESTAMP());
INSERT into t1 values(2, 2, 2, UNIX_TIMESTAMP());
INSERT into t1 values(3, 3, 3, UNIX_TIMESTAMP());
SELECT a,b,c from t1;
a	b	c
1	1	1
2	2	2
3	3	3
SET @@GLOBAL.rocksdb_alter_table_comment_inplace = OFF;
ALTER TABLE t1 comment = 'ttl_duration=2000;ttl_col=ts;', ALGORITHM=INPLACE;
ERROR 0A000: ALGORITHM=INPLACE is not supported for this operation. Try ALGORITHM=COPY.
SET @@GLOBAL.rocksdb_alter_table_comment_inplace = ON;
ALTER TABLE t1 comment = 'ttl_duration=2000;', ALGORITHM=INPLACE;
ERROR 0A000: ALGORITHM=INPLACE is not supported for this operation. Try ALGORITHM=COPY.
ALTER TABLE t1 add column ts2 BIGINT UNSIGNED DEFAULT 0 NOT NULL;
ALTER TABLE t1 comment = 'ttl_duration=2000;ttl_col=ts2', ALGORITHM=INPLACE;
ERROR 0A000: ALGORITHM=INPLACE is not supported for this operation. Try ALGORITHM=COPY.
ALTER TABLE t1 comment = 'ttl_col=ts;', ALGORITHM=INPLACE;
ERROR 0A000: ALGORITHM=INPLACE is not supported for this operation. Try ALGORITHM=COPY.
SELECT a,b,c from t1;
a	b	c
1	1	1
2	2	2
3	3	3
SELECT TABLE_NAME,TTL_DURATION,INDEX_FLAGS from INFORMATION_SCHEMA.ROCKSDB_DDL where TABLE_NAME = 't1';
TABLE_NAME	TTL_DURATION	INDEX_FLAGS
t1	1000	1
t1	1000	1
ALTER TABLE t1 comment = 'ttl_duration=200;ttl_col=ts;', ALGORITHM=INPLACE;
SELECT TABLE_NAME,TTL_DURATION,INDEX_FLAGS from INFORMATION_SCHEMA.ROCKSDB_DDL where TABLE_NAME = 't1';
TABLE_NAME	TTL_DURATION	INDEX_FLAGS
t1	200	1
t1	200	1
SET GLOBAL rocksdb_debug_ttl_snapshot_ts = 300;
SET GLOBAL rocksdb_force_flush_memtable_now=1;
SET GLOBAL rocksdb_compact_cf='default';
SET GLOBAL rocksdb_debug_ttl_snapshot_ts = 0;
SELECT a,b,c from t1;
a	b	c
ALTER TABLE t1 comment = 'abadfas;dfikajps;ttl_duration=1000;ttl_col=ts;aspipwrqp3948r', ALGORITHM=INPLACE;
DROP TABLE t1;
include/sync_slave_sql_with_master.inc

# Test inplace ALTER when changing TABLE comment --- partition with implicit TTL 

CREATE TABLE t2 (
c1 INT,
PRIMARY KEY (`c1`)
) ENGINE=ROCKSDB
COMMENT="custom_p0_ttl_duration=1000;"
PARTITION BY LIST(c1) (
PARTITION custom_p0 VALUES IN (1, 4, 7),
PARTITION custom_p1 VALUES IN (2, 5, 8),
PARTITION custom_p2 VALUES IN (3, 6, 9)
);
SET GLOBAL rocksdb_debug_ttl_rec_ts = -300;
INSERT INTO t2 values (1);
INSERT INTO t2 values (2);
INSERT INTO t2 values (3);
INSERT INTO t2 values (4);
INSERT INTO t2 values (5);
INSERT INTO t2 values (6);
INSERT INTO t2 values (7);
INSERT INTO t2 values (8);
INSERT INTO t2 values (9);
SET GLOBAL rocksdb_debug_ttl_rec_ts = 0;
SET @@GLOBAL.rocksdb_alter_table_comment_inplace = OFF;
ALTER TABLE t2 comment = ';custom_p0_ttl_duration=200', ALGORITHM=INPLACE;
ERROR 0A000: ALGORITHM=INPLACE is not supported for this operation. Try ALGORITHM=COPY.
SET @@GLOBAL.rocksdb_alter_table_comment_inplace = ON;
ALTER TABLE t2 comment = 'custom_p0_ttl_duration=10;custom_p1_ttl_duration=1', ALGORITHM=INPLACE;
ERROR 0A000: ALGORITHM=INPLACE is not supported for this operation. Try ALGORITHM=COPY.
ALTER TABLE t2 comment = 'ttl_duration=10;custom_p0_ttl_duration=1', ALGORITHM=INPLACE;
ERROR 0A000: ALGORITHM=INPLACE is not supported for this operation. Try ALGORITHM=COPY.
ALTER TABLE t2 comment = ';custom_p2_ttl_duration=1', ALGORITHM=INPLACE;
ERROR 0A000: ALGORITHM=INPLACE is not supported for this operation. Try ALGORITHM=COPY.
ALTER TABLE t2 comment = '', ALGORITHM=INPLACE;
ERROR 0A000: ALGORITHM=INPLACE is not supported for this operation. Try ALGORITHM=COPY.
ALTER TABLE t2 comment = 'custom_p1_ttl_duration=1;custom_p2_ttl_duration=1', ALGORITHM=INPLACE;
ERROR 0A000: ALGORITHM=INPLACE is not supported for this operation. Try ALGORITHM=COPY.
SELECT TABLE_NAME,TTL_DURATION,INDEX_FLAGS from INFORMATION_SCHEMA.ROCKSDB_DDL where TABLE_NAME = 't2' ORDER BY TABLE_NAME,TTL_DURATION,INDEX_FLAGS;
TABLE_NAME	TTL_DURATION	INDEX_FLAGS
t2	0	0
t2	0	0
t2	1000	1
ALTER TABLE t2 comment = ';custom_p0_ttl_duration=200', ALGORITHM=INPLACE;
SELECT TABLE_NAME,TTL_DURATION,INDEX_FLAGS from INFORMATION_SCHEMA.ROCKSDB_DDL where TABLE_NAME = 't2' ORDER BY TABLE_NAME,TTL_DURATION,INDEX_FLAGS;
TABLE_NAME	TTL_DURATION	INDEX_FLAGS
t2	0	0
t2	0	0
t2	200	1
SELECT * FROM t2;
c1
2
3
5
6
8
9
SET GLOBAL rocksdb_force_flush_memtable_now=1;
SET GLOBAL rocksdb_compact_cf='default';
SELECT * FROM t2;
c1
2
3
5
6
8
9
DROP TABLE t2;
include/sync_slave_sql_with_master.inc

# Test inplace ALTER when changing TABLE comment --- partition with explicit TTL 

CREATE TABLE t3 (
c1 BIGINT UNSIGNED NOT NULL,
c2 BIGINT UNSIGNED NOT NULL,
name VARCHAR(25) NOT NULL,
e DATE,
PRIMARY KEY (`c1`) COMMENT 'custom_p0_cfname=foo;custom_p1_cfname=bar;custom_p2_cfname=baz;'
) ENGINE=ROCKSDB
COMMENT="ttl_duration=1;custom_p1_ttl_duration=1000;custom_p1_ttl_col=c2;custom_p2_ttl_duration=5000;"
PARTITION BY LIST(c1) (
PARTITION custom_p0 VALUES IN (1, 2, 3),
PARTITION custom_p1 VALUES IN (4, 5, 6),
PARTITION custom_p2 VALUES IN (7, 8, 9)
);
set global rocksdb_debug_ttl_rec_ts = -300;
INSERT INTO t3 VALUES (1, UNIX_TIMESTAMP(), "one", null);
INSERT INTO t3 VALUES (2, UNIX_TIMESTAMP(), "two", null);
INSERT INTO t3 VALUES (3, UNIX_TIMESTAMP(), "three", null);
set global rocksdb_debug_ttl_rec_ts = 0;
INSERT INTO t3 VALUES (4, UNIX_TIMESTAMP(), "four", null);
INSERT INTO t3 VALUES (5, UNIX_TIMESTAMP(), "five", null);
INSERT INTO t3 VALUES (6, UNIX_TIMESTAMP(), "six", null);
INSERT INTO t3 VALUES (7, UNIX_TIMESTAMP(), "seven", null);
INSERT INTO t3 VALUES (8, UNIX_TIMESTAMP(), "eight", null);
INSERT INTO t3 VALUES (9, UNIX_TIMESTAMP(), "nine", null);
SET @@GLOBAL.rocksdb_alter_table_comment_inplace = OFF;
ALTER TABLE t3 comment = 'ttl_duration=5;custom_p1_ttl_duration=100;custom_p1_ttl_col=c2;custom_p2_ttl_duration=1000;', ALGORITHM=INPLACE;
ERROR 0A000: ALGORITHM=INPLACE is not supported for this operation. Try ALGORITHM=COPY.
SET @@GLOBAL.rocksdb_alter_table_comment_inplace = ON;
ALTER TABLE t3 comment = 'custom_p1_ttl_duration=100;custom_p1_ttl_col=c2;custom_p2_ttl_duration=5000;', ALGORITHM=INPLACE;
ERROR 0A000: ALGORITHM=INPLACE is not supported for this operation. Try ALGORITHM=COPY.
ALTER TABLE t3 comment = 'ttl_duration=1;custom_p1_ttl_duration=100;custom_p2_ttl_duration=5000;', ALGORITHM=INPLACE;
ERROR 0A000: ALGORITHM=INPLACE is not supported for this operation. Try ALGORITHM=COPY.
ALTER TABLE t3 comment = '', ALGORITHM=INPLACE;
ERROR 0A000: ALGORITHM=INPLACE is not supported for this operation. Try ALGORITHM=COPY.
ALTER TABLE t3 COMMENT="ttl_duration=1;custom_p1_ttl_duration=1000;custom_p1_ttl_col=e;custom_p2_ttl_duration=5000;",ALGORITHM=INPLACE;
ERROR HY000: TTL column (e) in MyRocks must be an unsigned non-null 64-bit integer or non-null timestamp, exist inside the table, and have an accompanying ttl duration.
ALTER TABLE t3 COMMENT="ttl_duration=1;custom_p1_ttl_duration=1000;custom_p1_ttl_col=c1;custom_p2_ttl_duration=5000;",ALGORITHM=INPLACE;
ERROR 0A000: ALGORITHM=INPLACE is not supported for this operation. Try ALGORITHM=COPY.
ALTER TABLE t3 COMMENT="ttl_duration=1;custom_p1_ttl_duration=1000;custom_p1_ttl_col=c2;custom_p2_ttl_col=c1;custom_p2_ttl_duration=5000;",ALGORITHM=INPLACE;
ERROR 0A000: ALGORITHM=INPLACE is not supported for this operation. Try ALGORITHM=COPY.
SELECT TABLE_NAME,TTL_DURATION,INDEX_FLAGS from INFORMATION_SCHEMA.ROCKSDB_DDL where TABLE_NAME = 't3';
TABLE_NAME	TTL_DURATION	INDEX_FLAGS
t3	5000	1
t3	1000	1
t3	1	1
ALTER TABLE t3 comment = 'ttl_duration=5;custom_p1_ttl_duration=100;custom_p1_ttl_col=c2;custom_p2_ttl_duration=1000;', ALGORITHM=INPLACE;
SELECT TABLE_NAME,TTL_DURATION,INDEX_FLAGS from INFORMATION_SCHEMA.ROCKSDB_DDL where TABLE_NAME = 't3';
TABLE_NAME	TTL_DURATION	INDEX_FLAGS
t3	1000	1
t3	100	1
t3	5	1
SET GLOBAL rocksdb_debug_ttl_snapshot_ts = 300;
set global rocksdb_force_flush_memtable_now=1;
set @@global.rocksdb_compact_cf = 'foo';
set @@global.rocksdb_compact_cf = 'baz';
set @@global.rocksdb_compact_cf = 'bar';
SET GLOBAL rocksdb_debug_ttl_snapshot_ts = 0;
SELECT c1 FROM t3;
c1
7
8
9
DROP TABLE t3;
include/sync_slave_sql_with_master.inc

# Cleanup

SET @@GLOBAL.rocksdb_alter_table_comment_inplace=default;
SET @@GLOBAL.rocksdb_alter_table_comment_inplace=default;
include/rpl_end.inc
