call mtr.add_suppression("RocksDB: Error 1062 finalizing last SST file while setting bulk loading variable");
call mtr.add_suppression("Error finishing bulk load.");
create table t1(a int, b int, primary key(a), unique key(b));
set rocksdb_bulk_load_enable_unique_key_check=1;
set rocksdb_bulk_load_allow_sk=1;
set rocksdb_bulk_load=1;
insert into t1 values(1,1);
insert into t1 values(2,2);
set rocksdb_bulk_load=0;
SELECT * from t1;
a	b
1	1
2	2
DROP table t1;
create table t1(a int, b int, primary key(a), unique key(b));
set rocksdb_bulk_load_enable_unique_key_check=0;
set rocksdb_bulk_load_allow_sk=1;
set rocksdb_bulk_load=1;
insert into t1 values(1,1);
insert into t1 values(2,1);
set rocksdb_bulk_load=0;
SELECT * from t1;
a	b
1	1
2	1
DROP table t1;
create table t1(a int, b int, primary key(a), unique key(b));
set rocksdb_bulk_load_enable_unique_key_check=1;
set rocksdb_bulk_load_allow_sk=1;
set rocksdb_bulk_load=1;
insert into t1 values(1,null);
insert into t1 values(2,null);
set rocksdb_bulk_load=0;
SELECT * from t1;
a	b
1	NULL
2	NULL
DROP table t1;
create table t1(a int, b int, primary key(a), unique key(b));
set rocksdb_bulk_load_enable_unique_key_check=1;
set rocksdb_bulk_load_allow_sk=1;
set rocksdb_bulk_load=1;
insert into t1 values(1,1);
insert into t1 values(1,2);
ERROR HY000: Rows must be inserted in primary key order during bulk load operation
set rocksdb_bulk_load=0;
DROP table t1;
create table t1(a int, b int, primary key(a), unique key(b));
set rocksdb_bulk_load_enable_unique_key_check=1;
set rocksdb_bulk_load_allow_sk=1;
set rocksdb_bulk_load=1;
insert into t1 values(1,1);
insert into t1 values(2,1);
set rocksdb_bulk_load=0;
Got one of the listed errors
DROP table t1;
create table t1(a int, b varchar(10), primary key(a), unique key(b));
set rocksdb_bulk_load_enable_unique_key_check=1;
set rocksdb_bulk_load_allow_sk=1;
set rocksdb_bulk_load=1;
insert into t1 values(1,'ab');
insert into t1 values(2,'ab');
set rocksdb_bulk_load=0;
Got one of the listed errors
DROP table t1;
create table t1(a int, b int, c int, primary key(a), unique key(b, c));
set rocksdb_bulk_load_enable_unique_key_check=1;
set rocksdb_bulk_load_allow_sk=1;
set rocksdb_bulk_load=1;
insert into t1 values(1,10, 100);
insert into t1 values(2,10, 101);
set rocksdb_bulk_load=0;
SELECT * from t1;
a	b	c
1	10	100
2	10	101
DROP table t1;
create table t1(a int, b int, c varchar(10), primary key(a), unique key(b, c));
set rocksdb_bulk_load_enable_unique_key_check=1;
set rocksdb_bulk_load_allow_sk=1;
set rocksdb_bulk_load=1;
insert into t1 values(1,10, 'ab');
insert into t1 values(2,10, 'abc');
set rocksdb_bulk_load=0;
SELECT * from t1;
a	b	c
1	10	ab
2	10	abc
DROP table t1;
create table t1(a int, b int, c int, primary key(a), unique key(b, c));
set rocksdb_bulk_load_enable_unique_key_check=1;
set rocksdb_bulk_load_allow_sk=1;
set rocksdb_bulk_load=1;
insert into t1 values(1,10, null);
insert into t1 values(2,10, null);
set rocksdb_bulk_load=0;
DROP table t1;
create table t1(a int, b int, c int, primary key(a), unique key(b, c));
set rocksdb_bulk_load_enable_unique_key_check=1;
set rocksdb_bulk_load_allow_sk=1;
set rocksdb_bulk_load=1;
insert into t1 values(1,10, 100);
insert into t1 values(2,10, 100);
set rocksdb_bulk_load=0;
Got one of the listed errors
DROP table t1;
create table t1(a int, b int, c varchar(10), primary key(a), unique key(b, c));
set rocksdb_bulk_load_enable_unique_key_check=1;
set rocksdb_bulk_load_allow_sk=1;
set rocksdb_bulk_load=1;
insert into t1 values(1,10, 'abc');
insert into t1 values(2,10, 'abc');
set rocksdb_bulk_load=0;
Got one of the listed errors
DROP table t1;
create table t1(a int, b int, c int, primary key(a, b), unique key(b, c));
set rocksdb_bulk_load_enable_unique_key_check=1;
set rocksdb_bulk_load_allow_sk=1;
set rocksdb_bulk_load=1;
insert into t1 values(1,10, 100);
insert into t1 values(2,10, 101);
set rocksdb_bulk_load=0;
SELECT * from t1;
a	b	c
1	10	100
2	10	101
DROP table t1;
create table t1(a int, b varchar(10), c int, primary key(a, b), unique key(b, c));
set rocksdb_bulk_load_enable_unique_key_check=1;
set rocksdb_bulk_load_allow_sk=1;
set rocksdb_bulk_load=1;
insert into t1 values(1,'abc', 100);
insert into t1 values(2,'abc', 101);
set rocksdb_bulk_load=0;
SELECT * from t1;
a	b	c
1	abc	100
2	abc	101
DROP table t1;
create table t1(a int, b int, c int, primary key(a, b), unique key(b, c));
set rocksdb_bulk_load_enable_unique_key_check=1;
set rocksdb_bulk_load_allow_sk=1;
set rocksdb_bulk_load=1;
insert into t1 values(1,10, 100);
insert into t1 values(2,10, 100);
set rocksdb_bulk_load=0;
Got one of the listed errors
DROP table t1;
create table t1(a int, b varchar(10), c int, primary key(a, b), unique key(b, c));
set rocksdb_bulk_load_enable_unique_key_check=1;
set rocksdb_bulk_load_allow_sk=1;
set rocksdb_bulk_load=1;
insert into t1 values(1,'abc', 100);
insert into t1 values(2,'abc', 100);
set rocksdb_bulk_load=0;
Got one of the listed errors
DROP table t1;
create table t1(a int, b int, primary key(a));
insert into t1 values(1,1);
insert into t1 values(2,2);
set rocksdb_bulk_load_allow_sk=1;
alter table t1 add unique key b(b);
SELECT * from t1;
a	b
1	1
2	2
DROP table t1;
create table t1(a int, b int, primary key(a));
insert into t1 values(1,1);
insert into t1 values(2,1);
set rocksdb_bulk_load_allow_sk=1;
alter table t1 add unique key b(b);
Got one of the listed errors
DROP table t1;
create table t1(a int, b int, c int, primary key(a, b));
insert into t1 values(1,10, 100);
insert into t1 values(2,10, 101);
set rocksdb_bulk_load_allow_sk=1;
alter table t1 add unique key(b, c);
SELECT * from t1;
a	b	c
1	10	100
2	10	101
DROP table t1;
create table t1(a int, b int, c int, primary key(a, b));
insert into t1 values(1,10, 100);
insert into t1 values(2,10, 100);
set rocksdb_bulk_load_enable_unique_key_check=0;
set rocksdb_bulk_load_allow_sk=1;
alter table t1 add unique key(b, c);
Got one of the listed errors
DROP table t1;
create table t1(a int, b int, c int, primary key(a, b));
insert into t1 values(1,10, 100);
insert into t1 values(2,10, 100);
set rocksdb_bulk_load_enable_unique_key_check=1;
set rocksdb_bulk_load_allow_sk=1;
alter table t1 add unique key(b, c);
Got one of the listed errors
DROP table t1;
