select * from INFORMATION_SCHEMA.ROCKSDB_GENERIC_INFO;
TYPE	NAME	VALUE
select count(*) from INFORMATION_SCHEMA.ROCKSDB_GENERIC_INFO;
count(*)
0
DROP TABLE IF EXISTS t1;
CREATE TABLE t1 (i INT, PRIMARY KEY (i) ) ENGINE = ROCKSDB;
INSERT INTO t1 VALUES (1), (2), (3);
select * from INFORMATION_SCHEMA.ROCKSDB_GENERIC_INFO;
TYPE	NAME	VALUE
BINLOG	FILE	master-bin.000001
BINLOG	POS	576
BINLOG	GTID	
select count(*) from INFORMATION_SCHEMA.ROCKSDB_GENERIC_INFO;
count(*)
3
DROP TABLE t1;
