set @saved_rocksdb_instant_ddl=@@global.rocksdb_disable_instant_ddl;
set global rocksdb_disable_instant_ddl = false;
#
# query use intrinsic table
#
create table ten(a int primary key);
insert into ten values (0),(1),(2),(3),(4),(5),(6),(7),(8),(9);
create table one_k(a int primary key);
insert into one_k select A.a + B.a* 10 + C.a * 100 from ten A, ten B, ten C;
create table t1 (
pk int primary key,
key1 varchar(32) CHARACTER SET utf8 COLLATE utf8_bin,
filler varchar(32),
key (key1)
);
Warnings:
Warning	3719	'utf8' is currently an alias for the character set UTF8MB3, but will be an alias for UTF8MB4 in a future release. Please consider using UTF8MB4 in order to be unambiguous.
Warning	3778	'utf8mb3_bin' is a collation of the deprecated character set UTF8MB3. Please consider using UTF8MB4 with an appropriate collation instead.
insert into t1 select a,a,a from one_k;
ALTER table t1 add column c1 int default 99;
INSERT into t1 select  1000 + a,  a,  a,  a from one_k;
explain SELECT DISTINCT filler from t1 order by filler limit 10;
id	select_type	table	partitions	type	possible_keys	key	key_len	ref	rows	filtered	Extra
1	SIMPLE	t1	NULL	ALL	NULL	NULL	NULL	NULL	ROWS	100.00	Using temporary; Using filesort
Warnings:
Note	1003	/* select#1 */ select distinct `test`.`t1`.`filler` AS `filler` from `test`.`t1` order by `test`.`t1`.`filler` limit 10
SELECT DISTINCT filler from t1 order by filler limit 10;
filler
0
1
10
100
101
102
103
104
105
106
#
# temp table
#
CREATE TEMPORARY TABLE t2 select * from t1;
explain SELECT DISTINCT filler from t2 order by filler limit 10;
id	select_type	table	partitions	type	possible_keys	key	key_len	ref	rows	filtered	Extra
1	SIMPLE	t2	NULL	ALL	NULL	NULL	NULL	NULL	ROWS	100.00	Using temporary; Using filesort
Warnings:
Note	1003	/* select#1 */ select distinct `test`.`t2`.`filler` AS `filler` from `test`.`t2` order by `test`.`t2`.`filler` limit 10
SELECT DISTINCT filler from t2 order by filler limit 10;
filler
0
1
10
100
101
102
103
104
105
106
DROP TABLE t1, t2;
DROP TABLE ten;
DROP TABLE one_k;
#
# temp table
#
CREATE TABLE `t1` (`c1` INT, `c2` INT, `c3` CHAR(255), `c4` CHAR(255));
INSERT INTO t1 VALUES
(1,1,'t1','t1'), (2,2,'t1','t1'), (3,3,'t1','t1'), (4,4,'t1','t1'), (5,5,'t1','t1'),
(6,6,'t1','t1'), (7,7,'t1','t1'), (8,8,'t1','t1'), (9,9,'t1','t1'), (10,10,'t1','t1'),
(11,11,'t1','t1'), (12,12,'t1','t1'), (13,13,'t1','t1'), (14,14,'t1','t1'), (15,15,'t1','t1'),
(16,16,'t1','t1'), (17,17,'t1','t1'), (18,18,'t1','t1'), (19,19,'t1','t1'), (20,20,'t1','t1'),
(21,21,'t1','t1'), (22,22,'t1','t1'), (23,23,'t1','t1'), (24,24,'t1','t1'), (25,25,'t1','t1');
SET @@session.max_heap_table_size=16*1024;
SET @@session.tmp_table_size=1024;
SET optimizer_switch="derived_condition_pushdown=off";
SET SESSION internal_tmp_mem_storage_engine=MEMORY;
SELECT * FROM (SELECT c2, c3, c4, SUM(c1) OVER (PARTITION BY c2) AS wcol FROM t1)o WHERE c2=10;
c2	c3	c4	wcol
10	t1	t1	10
SET SESSION internal_tmp_mem_storage_engine=TempTable;
SELECT * FROM (SELECT c2, c3, c4, SUM(c1) OVER (PARTITION BY c2) AS wcol FROM t1)o WHERE c2=10;
c2	c3	c4	wcol
10	t1	t1	10
SET optimizer_switch=default;
SET @@session.max_heap_table_size=default;
SET @@session.tmp_table_size=default;
SET @@session.internal_tmp_mem_storage_engine=default;
DROP TABLE t1;
set global rocksdb_disable_instant_ddl = @saved_rocksdb_instant_ddl;
