DROP TABLE IF EXISTS t1;
connect  con1,localhost,root,,;
SET SESSION TRANSACTION ISOLATION LEVEL REPEATABLE READ;
connect  con2,localhost,root,,;
SET SESSION TRANSACTION ISOLATION LEVEL REPEATABLE READ;
connection con1;
CREATE TABLE t1 (a INT, pk INT AUTO_INCREMENT PRIMARY KEY) ENGINE=rocksdb;
START TRANSACTION;
SELECT a FROM t1;
a
connection con2;
BEGIN;
INSERT INTO t1 (a) VALUES(1);
connection con1;
SELECT a FROM t1;
a
connection con2;
INSERT INTO t1 (a) VALUES (2);
connection con1;
SELECT a FROM t1;
a
INSERT INTO t1 (a) SELECT a+100 FROM t1;
SELECT a FROM t1;
a
connection con2;
SELECT a FROM t1;
a
1
2
COMMIT;
SELECT a FROM t1;
a
1
2
connection con1;
SELECT a FROM t1;
a
INSERT INTO t1 (a) SELECT a+200 FROM t1;
SELECT a FROM t1;
a
COMMIT;
SELECT a FROM t1;
a
1
2
connection con2;
SELECT a FROM t1;
a
1
2
connection default;
CREATE TABLE t2 (a INT PRIMARY KEY) ENGINE=rocksdb;
INSERT INTO t2 (a) VALUES (1);
COMMIT;
connection con1;
BEGIN;
SELECT a from t2;
a
1
INSERT INTO t2 (a) VALUES (1), (3);
ERROR 23000: Duplicate entry '1' for key 'PRIMARY'
connection con2;
INSERT INTO t2 (a) VALUES (2);
COMMIT;
connection con1;
SELECT a from t2;
a
1
COMMIT;
connection default;
disconnect con1;
disconnect con2;
DROP TABLE t1;
DROP TABLE t2;
