set session debug= "+d,myrocks_enable_unknown_collation_index_only_scans";
create table t (id int not null auto_increment primary key,
c varchar(8) CHARACTER SET utf8 COLLATE utf8_general_ci,
key sk (c));
Warnings:
Warning	3719	'utf8' is currently an alias for the character set UTF8MB3, but will be an alias for UTF8MB4 in a future release. Please consider using UTF8MB4 in order to be unambiguous.
Warning	3778	'utf8mb3_general_ci' is a collation of the deprecated character set UTF8MB3. Please consider using UTF8MB4 with an appropriate collation instead.
insert into t (c) values ('☀'), ('ß');
explain select c from t;
id	select_type	table	partitions	type	possible_keys	key	key_len	ref	rows	filtered	Extra
1	SIMPLE	t	NULL	index	NULL	sk	27	#	1000	100.00	Using index
Warnings:
Note	1003	/* select#1 */ select `test`.`t`.`c` AS `c` from `test`.`t`
select c from t;
c
ß
☀
drop table t;
set session debug= "-d,myrocks_enable_unknown_collation_index_only_scans";
create table t (id int not null auto_increment,
c1 varchar(1) CHARACTER SET latin1 COLLATE latin1_swedish_ci,
c2 char(1) CHARACTER SET latin1 COLLATE latin1_general_ci,
primary key (id),
key sk1 (c1),
key sk2 (c2));
explain select hex(c1) from t order by c1;
id	select_type	table	partitions	type	possible_keys	key	key_len	ref	rows	filtered	Extra
1	SIMPLE	t	NULL	index	NULL	sk1	4	#	1000	100.00	Using index
Warnings:
Note	1003	/* select#1 */ select hex(`test`.`t`.`c1`) AS `hex(c1)` from `test`.`t` order by `test`.`t`.`c1`
explain select hex(c1) from t IGNORE INDEX (sk1) order by c1;
id	select_type	table	partitions	type	possible_keys	key	key_len	ref	rows	filtered	Extra
1	SIMPLE	t	NULL	ALL	NULL	NULL	NULL	#	1000	100.00	Using filesort
Warnings:
Note	1003	/* select#1 */ select hex(`test`.`t`.`c1`) AS `hex(c1)` from `test`.`t` IGNORE INDEX (`sk1`) order by `test`.`t`.`c1`
explain select hex(c2) from t order by c2;
id	select_type	table	partitions	type	possible_keys	key	key_len	ref	rows	filtered	Extra
1	SIMPLE	t	NULL	index	NULL	sk2	2	#	1000	100.00	Using index
Warnings:
Note	1003	/* select#1 */ select hex(`test`.`t`.`c2`) AS `hex(c2)` from `test`.`t` order by `test`.`t`.`c2`
explain select hex(c2) from t IGNORE INDEX (sk1) order by c2;
id	select_type	table	partitions	type	possible_keys	key	key_len	ref	rows	filtered	Extra
1	SIMPLE	t	NULL	index	NULL	sk2	2	#	1000	100.00	Using index
Warnings:
Note	1003	/* select#1 */ select hex(`test`.`t`.`c2`) AS `hex(c2)` from `test`.`t` IGNORE INDEX (`sk1`) order by `test`.`t`.`c2`
truncate t;
insert into t (c1, c2) values ('Asdf    ', 'Asdf    ');
Warnings:
Warning	1265	Data truncated for column 'c1' at row 1
Warning	1265	Data truncated for column 'c2' at row 1
select char_length(c1), char_length(c2), c1, c2 from t;
char_length(c1)	char_length(c2)	c1	c2
1	1	A	A
drop table t;
create table t (id int not null auto_increment,
c2 char(255) CHARACTER SET latin1 COLLATE latin1_general_ci,
primary key (id),
unique key sk2 (c2));
insert into t (c2) values ('Asdf');
insert into t (c2) values ('asdf ');
ERROR 23000: Duplicate entry 'asdf' for key 't.sk2'
drop table t;
create table t (id int not null auto_increment,
c1 varchar(256) CHARACTER SET latin1 COLLATE latin1_swedish_ci,
primary key (id),
unique key sk1 (c1));
insert into t (c1) values ('Asdf');
insert into t (c1) values ('asdf ');
ERROR 23000: Duplicate entry 'asdf ' for key 't.sk1'
insert into t (c1) values ('asdf');
ERROR 23000: Duplicate entry 'asdf' for key 't.sk1'
drop table t;
create table t (id int not null auto_increment,
c1 varchar(256) CHARACTER SET latin1 COLLATE latin1_swedish_ci,
primary key (id),
unique key sk1 (c1(1)));
insert into t (c1) values ('Asdf');
insert into t (c1) values ('bbbb ');
insert into t (c1) values ('a    ');
ERROR 23000: Duplicate entry 'a' for key 't.sk1'
explain select c1 from t;
id	select_type	table	partitions	type	possible_keys	key	key_len	ref	rows	filtered	Extra
1	SIMPLE	t	NULL	ALL	NULL	NULL	NULL	#	1000	100.00	NULL
Warnings:
Note	1003	/* select#1 */ select `test`.`t`.`c1` AS `c1` from `test`.`t`
select c1 from t;
c1
Asdf
bbbb 
drop table t;
set session rocksdb_verify_row_debug_checksums = on;
create table t (id int primary key, email varchar(100), KEY email_i (email(30))) engine=rocksdb default charset=latin1;
insert into t values (1, '                                  a');
explain select 'email_i' as index_name, count(*) AS count from t force index(email_i);
id	select_type	table	partitions	type	possible_keys	key	key_len	ref	rows	filtered	Extra
1	SIMPLE	t	NULL	ALL	NULL	NULL	NULL	#	1000	100.00	NULL
Warnings:
Note	1003	/* select#1 */ select 'email_i' AS `index_name`,count(0) AS `count` from `test`.`t` FORCE INDEX (`email_i`)
select 'email_i' as index_name, count(*) AS count from t force index(email_i);
index_name	count
email_i	1
drop table t;
create table t (id int primary key, email varchar(767), KEY email_i (email)) engine=rocksdb default charset=latin1;
insert into t values (1, REPEAT('a', 700));
select 'email_i' as index_name, count(*) AS count from t force index(email_i);
index_name	count
email_i	1
drop table t;
create table t1 (
str char(255) character set utf8mb4,
val int,
key str (str(100))) default character set utf8mb4 engine=rocksdb;
insert into t1 values ('abc  ', 1), ('abc ', 2), ('abc', 3), ('abc\t', 4), ('abca', 5);
select str, val from t1 force index (str) where str like 'abc%' order by str, val;
str	val
abc	1
abc	2
abc	3
abc		4
abca	5
drop table t1;

#VARCHAR Covering Indexes

CREATE TABLE t1 (id INT,
fake_id INT,
bigfield varchar(256),
PRIMARY KEY (id),
KEY bf (bigfield(32)),
KEY fid (fake_id, bigfield(32))
) ENGINE=rocksdb CHARACTER SET "latin1" COLLATE "latin1_bin" ;
INSERT INTO t1 VALUES (0, 1000, ''),
(1, 1001, REPEAT('a', 1)),
(8, 1008, REPEAT('b', 8)),
(24, 1024, REPEAT('c', 24)),
(30, 1030, REPEAT(' ', 30)),
(31, 1031, REPEAT('d', 31)),
(32, 1032, REPEAT('x', 32)),
(33, 1033, REPEAT('y', 33)),
(34, 1034, REPEAT(' ', 34)),
(128, 1128, REPEAT('z', 128));
SELECT id, bigfield FROM t1 IGNORE INDEX(fid) ORDER BY fake_id;
id	bigfield
0	
1	a
8	bbbbbbbb
24	cccccccccccccccccccccccc
30	                              
31	ddddddddddddddddddddddddddddddd
32	xxxxxxxxxxxxxxxxxxxxxxxxxxxxxxxx
33	yyyyyyyyyyyyyyyyyyyyyyyyyyyyyyyyy
34	                                  
128	zzzzzzzzzzzzzzzzzzzzzzzzzzzzzzzzzzzzzzzzzzzzzzzzzzzzzzzzzzzzzzzzzzzzzzzzzzzzzzzzzzzzzzzzzzzzzzzzzzzzzzzzzzzzzzzzzzzzzzzzzzzzzzzz
# Eligible for covering index optimization
SELECT id, bigfield FROM t1 FORCE INDEX(fid) WHERE fake_id <= 1032 ORDER BY fake_id;
id	bigfield
0	
1	a
8	bbbbbbbb
24	cccccccccccccccccccccccc
30	                              
31	ddddddddddddddddddddddddddddddd
32	xxxxxxxxxxxxxxxxxxxxxxxxxxxxxxxx
include/assert.inc [Eligible for covering index optimization: 7 rocksdb_covered_secondary_key_lookups]
# Not eligible for covering index optimization
SELECT id, bigfield FROM t1 FORCE INDEX(fid) WHERE fake_id > 1032 ORDER BY fake_id;
id	bigfield
33	yyyyyyyyyyyyyyyyyyyyyyyyyyyyyyyyy
34	                                  
128	zzzzzzzzzzzzzzzzzzzzzzzzzzzzzzzzzzzzzzzzzzzzzzzzzzzzzzzzzzzzzzzzzzzzzzzzzzzzzzzzzzzzzzzzzzzzzzzzzzzzzzzzzzzzzzzzzzzzzzzzzzzzzzzz
include/assert.inc [Not eligible for covering index optimization: 0 rocksdb_covered_secondary_key_lookups]
DROP TABLE t1;
CREATE TABLE t1 (id INT,
fake_id INT,
bigfield varchar(256),
PRIMARY KEY (id),
KEY bf (bigfield(32)),
KEY fid (fake_id, bigfield(32))
) ENGINE=rocksdb CHARACTER SET "binary" COLLATE "binary" ;
INSERT INTO t1 VALUES (0, 1000, ''),
(1, 1001, REPEAT('a', 1)),
(8, 1008, REPEAT('b', 8)),
(24, 1024, REPEAT('c', 24)),
(30, 1030, REPEAT(' ', 30)),
(31, 1031, REPEAT('d', 31)),
(32, 1032, REPEAT('x', 32)),
(33, 1033, REPEAT('y', 33)),
(34, 1034, REPEAT(' ', 34)),
(128, 1128, REPEAT('z', 128));
SELECT id, bigfield FROM t1 IGNORE INDEX(fid) ORDER BY fake_id;
id	bigfield
0	
1	a
8	bbbbbbbb
24	cccccccccccccccccccccccc
30	                              
31	ddddddddddddddddddddddddddddddd
32	xxxxxxxxxxxxxxxxxxxxxxxxxxxxxxxx
33	yyyyyyyyyyyyyyyyyyyyyyyyyyyyyyyyy
34	                                  
128	zzzzzzzzzzzzzzzzzzzzzzzzzzzzzzzzzzzzzzzzzzzzzzzzzzzzzzzzzzzzzzzzzzzzzzzzzzzzzzzzzzzzzzzzzzzzzzzzzzzzzzzzzzzzzzzzzzzzzzzzzzzzzzzz
# Eligible for covering index optimization
SELECT id, bigfield FROM t1 FORCE INDEX(fid) WHERE fake_id <= 1032 ORDER BY fake_id;
id	bigfield
0	
1	a
8	bbbbbbbb
24	cccccccccccccccccccccccc
30	                              
31	ddddddddddddddddddddddddddddddd
32	xxxxxxxxxxxxxxxxxxxxxxxxxxxxxxxx
include/assert.inc [Eligible for covering index optimization: 7 rocksdb_covered_secondary_key_lookups]
# Not eligible for covering index optimization
SELECT id, bigfield FROM t1 FORCE INDEX(fid) WHERE fake_id > 1032 ORDER BY fake_id;
id	bigfield
33	yyyyyyyyyyyyyyyyyyyyyyyyyyyyyyyyy
34	                                  
128	zzzzzzzzzzzzzzzzzzzzzzzzzzzzzzzzzzzzzzzzzzzzzzzzzzzzzzzzzzzzzzzzzzzzzzzzzzzzzzzzzzzzzzzzzzzzzzzzzzzzzzzzzzzzzzzzzzzzzzzzzzzzzzzz
include/assert.inc [Not eligible for covering index optimization: 0 rocksdb_covered_secondary_key_lookups]
DROP TABLE t1;
CREATE TABLE t1 (id INT,
fake_id INT,
bigfield varchar(256),
PRIMARY KEY (id),
KEY bf (bigfield(32)),
KEY fid (fake_id, bigfield(32))
) ENGINE=rocksdb CHARACTER SET "utf8" COLLATE "utf8_bin" ;
Warnings:
Warning	3719	'utf8' is currently an alias for the character set UTF8MB3, but will be an alias for UTF8MB4 in a future release. Please consider using UTF8MB4 in order to be unambiguous.
Warning	3778	'utf8mb3_bin' is a collation of the deprecated character set UTF8MB3. Please consider using UTF8MB4 with an appropriate collation instead.
INSERT INTO t1 VALUES (0, 1000, ''),
(1, 1001, REPEAT('a', 1)),
(8, 1008, REPEAT('b', 8)),
(24, 1024, REPEAT('c', 24)),
(30, 1030, REPEAT(' ', 30)),
(31, 1031, REPEAT('d', 31)),
(32, 1032, REPEAT('x', 32)),
(33, 1033, REPEAT('y', 33)),
(34, 1034, REPEAT(' ', 34)),
(128, 1128, REPEAT('z', 128));
SELECT id, bigfield FROM t1 IGNORE INDEX(fid) ORDER BY fake_id;
id	bigfield
0	
1	a
8	bbbbbbbb
24	cccccccccccccccccccccccc
30	                              
31	ddddddddddddddddddddddddddddddd
32	xxxxxxxxxxxxxxxxxxxxxxxxxxxxxxxx
33	yyyyyyyyyyyyyyyyyyyyyyyyyyyyyyyyy
34	                                  
128	zzzzzzzzzzzzzzzzzzzzzzzzzzzzzzzzzzzzzzzzzzzzzzzzzzzzzzzzzzzzzzzzzzzzzzzzzzzzzzzzzzzzzzzzzzzzzzzzzzzzzzzzzzzzzzzzzzzzzzzzzzzzzzzz
# Eligible for covering index optimization
SELECT id, bigfield FROM t1 FORCE INDEX(fid) WHERE fake_id <= 1032 ORDER BY fake_id;
id	bigfield
0	
1	a
8	bbbbbbbb
24	cccccccccccccccccccccccc
30	                              
31	ddddddddddddddddddddddddddddddd
32	xxxxxxxxxxxxxxxxxxxxxxxxxxxxxxxx
include/assert.inc [Eligible for covering index optimization: 7 rocksdb_covered_secondary_key_lookups]
# Not eligible for covering index optimization
SELECT id, bigfield FROM t1 FORCE INDEX(fid) WHERE fake_id > 1032 ORDER BY fake_id;
id	bigfield
33	yyyyyyyyyyyyyyyyyyyyyyyyyyyyyyyyy
34	                                  
128	zzzzzzzzzzzzzzzzzzzzzzzzzzzzzzzzzzzzzzzzzzzzzzzzzzzzzzzzzzzzzzzzzzzzzzzzzzzzzzzzzzzzzzzzzzzzzzzzzzzzzzzzzzzzzzzzzzzzzzzzzzzzzzzz
include/assert.inc [Not eligible for covering index optimization: 0 rocksdb_covered_secondary_key_lookups]
DROP TABLE t1;
CREATE TABLE t1 (id INT,
fake_id INT,
bigfield varchar(256),
PRIMARY KEY (id),
KEY bf (bigfield(32)),
KEY fid (fake_id, bigfield(32))
) ENGINE=rocksdb CHARACTER SET "latin1" COLLATE "latin1_swedish_ci" ;
INSERT INTO t1 VALUES (0, 1000, ''),
(1, 1001, REPEAT('a', 1)),
(8, 1008, REPEAT('b', 8)),
(24, 1024, REPEAT('c', 24)),
(30, 1030, REPEAT(' ', 30)),
(31, 1031, REPEAT('d', 31)),
(32, 1032, REPEAT('x', 32)),
(33, 1033, REPEAT('y', 33)),
(34, 1034, REPEAT(' ', 34)),
(128, 1128, REPEAT('z', 128));
SELECT id, bigfield FROM t1 IGNORE INDEX(fid) ORDER BY fake_id;
id	bigfield
0	
1	a
8	bbbbbbbb
24	cccccccccccccccccccccccc
30	                              
31	ddddddddddddddddddddddddddddddd
32	xxxxxxxxxxxxxxxxxxxxxxxxxxxxxxxx
33	yyyyyyyyyyyyyyyyyyyyyyyyyyyyyyyyy
34	                                  
128	zzzzzzzzzzzzzzzzzzzzzzzzzzzzzzzzzzzzzzzzzzzzzzzzzzzzzzzzzzzzzzzzzzzzzzzzzzzzzzzzzzzzzzzzzzzzzzzzzzzzzzzzzzzzzzzzzzzzzzzzzzzzzzzz
# Eligible for covering index optimization
SELECT id, bigfield FROM t1 FORCE INDEX(fid) WHERE fake_id <= 1032 ORDER BY fake_id;
id	bigfield
0	
1	a
8	bbbbbbbb
24	cccccccccccccccccccccccc
30	                              
31	ddddddddddddddddddddddddddddddd
32	xxxxxxxxxxxxxxxxxxxxxxxxxxxxxxxx
include/assert.inc [Eligible for covering index optimization: 7 rocksdb_covered_secondary_key_lookups]
# Not eligible for covering index optimization
SELECT id, bigfield FROM t1 FORCE INDEX(fid) WHERE fake_id > 1032 ORDER BY fake_id;
id	bigfield
33	yyyyyyyyyyyyyyyyyyyyyyyyyyyyyyyyy
34	                                  
128	zzzzzzzzzzzzzzzzzzzzzzzzzzzzzzzzzzzzzzzzzzzzzzzzzzzzzzzzzzzzzzzzzzzzzzzzzzzzzzzzzzzzzzzzzzzzzzzzzzzzzzzzzzzzzzzzzzzzzzzzzzzzzzzz
include/assert.inc [Not eligible for covering index optimization: 0 rocksdb_covered_secondary_key_lookups]
DROP TABLE t1;
set session debug= "+d,myrocks_enable_unknown_collation_index_only_scans";
CREATE TABLE t1 (id INT,
fake_id INT,
bigfield varchar(256),
PRIMARY KEY (id),
KEY bf (bigfield(32)),
KEY fid (fake_id, bigfield(32))
) ENGINE=rocksdb CHARACTER SET "utf8" COLLATE "utf8_general_ci" ;
Warnings:
Warning	3719	'utf8' is currently an alias for the character set UTF8MB3, but will be an alias for UTF8MB4 in a future release. Please consider using UTF8MB4 in order to be unambiguous.
Warning	3778	'utf8mb3_general_ci' is a collation of the deprecated character set UTF8MB3. Please consider using UTF8MB4 with an appropriate collation instead.
INSERT INTO t1 VALUES (0, 1000, ''),
(1, 1001, REPEAT('a', 1)),
(8, 1008, REPEAT('b', 8)),
(24, 1024, REPEAT('c', 24)),
(30, 1030, REPEAT(' ', 30)),
(31, 1031, REPEAT('d', 31)),
(32, 1032, REPEAT('x', 32)),
(33, 1033, REPEAT('y', 33)),
(34, 1034, REPEAT(' ', 34)),
(128, 1128, REPEAT('z', 128));
SELECT id, bigfield FROM t1 IGNORE INDEX(fid) ORDER BY fake_id;
id	bigfield
0	
1	a
8	bbbbbbbb
24	cccccccccccccccccccccccc
30	                              
31	ddddddddddddddddddddddddddddddd
32	xxxxxxxxxxxxxxxxxxxxxxxxxxxxxxxx
33	yyyyyyyyyyyyyyyyyyyyyyyyyyyyyyyyy
34	                                  
128	zzzzzzzzzzzzzzzzzzzzzzzzzzzzzzzzzzzzzzzzzzzzzzzzzzzzzzzzzzzzzzzzzzzzzzzzzzzzzzzzzzzzzzzzzzzzzzzzzzzzzzzzzzzzzzzzzzzzzzzzzzzzzzzz
# Eligible for covering index optimization
SELECT id, bigfield FROM t1 FORCE INDEX(fid) WHERE fake_id <= 1032 ORDER BY fake_id;
id	bigfield
0	
1	a
8	bbbbbbbb
24	cccccccccccccccccccccccc
30	                              
31	ddddddddddddddddddddddddddddddd
32	xxxxxxxxxxxxxxxxxxxxxxxxxxxxxxxx
include/assert.inc [Eligible for covering index optimization: 7 rocksdb_covered_secondary_key_lookups]
# Not eligible for covering index optimization
SELECT id, bigfield FROM t1 FORCE INDEX(fid) WHERE fake_id > 1032 ORDER BY fake_id;
id	bigfield
33	yyyyyyyyyyyyyyyyyyyyyyyyyyyyyyyyy
34	                                  
128	zzzzzzzzzzzzzzzzzzzzzzzzzzzzzzzzzzzzzzzzzzzzzzzzzzzzzzzzzzzzzzzzzzzzzzzzzzzzzzzzzzzzzzzzzzzzzzzzzzzzzzzzzzzzzzzzzzzzzzzzzzzzzzzz
include/assert.inc [Not eligible for covering index optimization: 0 rocksdb_covered_secondary_key_lookups]
DROP TABLE t1;
set session debug= "-d,myrocks_enable_unknown_collation_index_only_scans";
