SET @ORIG_PAUSE_BACKGROUND_WORK = @@ROCKSDB_PAUSE_BACKGROUND_WORK;
SET GLOBAL ROCKSDB_PAUSE_BACKGROUND_WORK = 1;
DROP TABLE IF EXISTS t1;
CREATE TABLE t1 (
f FLOAT PRIMARY KEY,
r REAL(20,3),
d DOUBLE,
dp DOUBLE PRECISION (64,10)
) ENGINE=rocksdb;
Warnings:
Warning	1681	Specifying number of digits for floating point data types is deprecated and will be removed in a future release.
Warning	1681	Specifying number of digits for floating point data types is deprecated and will be removed in a future release.
SHOW INDEX IN t1;
Table	Non_unique	Key_name	Seq_in_index	Column_name	Collation	Cardinality	Sub_part	Packed	Null	Index_type	Comment	Index_comment	Visible	Expression
t1	0	PRIMARY	1	f	A	1000	NULL	NULL		SE_SPECIFIC			YES	NULL
INSERT INTO t1 (f,r,d,dp) VALUES
(1.2345,1422.22,1.2345,1234567.89),
(0,0,0,0),
(-1,-1,-1,-1),
(17.5843,4953453454.44,29229114.0,1111111.23),
(4644,1422.22,466664.999,0.5);
EXPLAIN SELECT f FROM t1 ORDER BY f;
id	select_type	table	partitions	type	possible_keys	key	key_len	ref	rows	filtered	Extra
1	SIMPLE	t1	NULL	index	NULL	PRIMARY	4	NULL	#	#	Using index
Warnings:
Note	1003	/* select#1 */ select `test`.`t1`.`f` AS `f` from `test`.`t1` order by `test`.`t1`.`f`
SELECT f FROM t1 ORDER BY f;
f
-1
0
1.2345
17.5843
4644
EXPLAIN SELECT f FROM t1 IGNORE INDEX (PRIMARY) ORDER BY f;
id	select_type	table	partitions	type	possible_keys	key	key_len	ref	rows	filtered	Extra
1	SIMPLE	t1	NULL	ALL	NULL	NULL	NULL	NULL	#	#	Using filesort
Warnings:
Note	1003	/* select#1 */ select `test`.`t1`.`f` AS `f` from `test`.`t1` IGNORE INDEX (PRIMARY) order by `test`.`t1`.`f`
SELECT f FROM t1 IGNORE INDEX (PRIMARY) ORDER BY f;
f
-1
0
1.2345
17.5843
4644
DROP TABLE t1;
CREATE TABLE t1 (
f FLOAT,
r REAL(20,3),
d DOUBLE,
dp DOUBLE PRECISION (64,10),
pk DOUBLE PRIMARY KEY,
UNIQUE KEY r_dp (r,dp)
) ENGINE=rocksdb;
Warnings:
Warning	1681	Specifying number of digits for floating point data types is deprecated and will be removed in a future release.
Warning	1681	Specifying number of digits for floating point data types is deprecated and will be removed in a future release.
SHOW INDEX IN t1;
Table	Non_unique	Key_name	Seq_in_index	Column_name	Collation	Cardinality	Sub_part	Packed	Null	Index_type	Comment	Index_comment	Visible	Expression
t1	0	PRIMARY	1	pk	A	1000	NULL	NULL		SE_SPECIFIC			YES	NULL
t1	0	r_dp	1	r	A	500	NULL	NULL	YES	SE_SPECIFIC			YES	NULL
t1	0	r_dp	2	dp	A	1000	NULL	NULL	YES	SE_SPECIFIC			YES	NULL
INSERT INTO t1 (f,r,d,dp,pk) VALUES
(1.2345,1422.22,1.2345,1234567.89,1),
(0,0,0,0,2),
(-1,-1,-1,-1,3),
(17.5843,4953453454.44,29229114.0,1111111.23,4),
(4644,1422.22,466664.999,0.5,5);
EXPLAIN SELECT r, dp FROM t1 WHERE r > 0 or dp > 0;
id	select_type	table	partitions	type	possible_keys	key	key_len	ref	rows	filtered	Extra
1	SIMPLE	t1	NULL	index	r_dp	r_dp	18	NULL	#	#	Using where; Using index
Warnings:
Note	1003	/* select#1 */ select `test`.`t1`.`r` AS `r`,`test`.`t1`.`dp` AS `dp` from `test`.`t1` where ((`test`.`t1`.`r` > 0) or (`test`.`t1`.`dp` > 0))
SELECT r, dp FROM t1 WHERE r > 0 or dp > 0;
r	dp
1422.220	0.5000000000
1422.220	1234567.8900000000
4953453454.440	1111111.2300000000
DROP TABLE t1;
CREATE TABLE t1 (
f FLOAT,
r REAL(20,3),
d DOUBLE,
dp DOUBLE PRECISION (64,10),
pk FLOAT PRIMARY KEY,
UNIQUE KEY(d)
) ENGINE=rocksdb;
Warnings:
Warning	1681	Specifying number of digits for floating point data types is deprecated and will be removed in a future release.
Warning	1681	Specifying number of digits for floating point data types is deprecated and will be removed in a future release.
SHOW INDEX IN t1;
Table	Non_unique	Key_name	Seq_in_index	Column_name	Collation	Cardinality	Sub_part	Packed	Null	Index_type	Comment	Index_comment	Visible	Expression
t1	0	PRIMARY	1	pk	A	1000	NULL	NULL		SE_SPECIFIC			YES	NULL
t1	0	d	1	d	A	1000	NULL	NULL	YES	SE_SPECIFIC			YES	NULL
INSERT INTO t1 (f,r,d,dp,pk) VALUES
(1.2345,1422.22,1.2345,1234567.89,1),
(0,0,0,0,2),
(-1,-1,-1,-1,3),
(17.5843,4953453454.44,29229114.0,1111111.23,4),
(4644,1422.22,466664.999,0.5,5);
EXPLAIN SELECT DISTINCT d FROM t1 ORDER BY d;
id	select_type	table	partitions	type	possible_keys	key	key_len	ref	rows	filtered	Extra
1	SIMPLE	t1	NULL	index	d	d	9	NULL	#	#	Using index
Warnings:
Note	1003	/* select#1 */ select distinct `test`.`t1`.`d` AS `d` from `test`.`t1` order by `test`.`t1`.`d`
SELECT DISTINCT d FROM t1 ORDER BY d;
d
-1
0
1.2345
466664.999
29229114
DROP TABLE t1;
CREATE TABLE t1 (
f FLOAT,
r REAL(20,3),
d DOUBLE,
dp DOUBLE PRECISION (64,10),
pk FLOAT PRIMARY KEY,
KEY(d)
) ENGINE=rocksdb;
Warnings:
Warning	1681	Specifying number of digits for floating point data types is deprecated and will be removed in a future release.
Warning	1681	Specifying number of digits for floating point data types is deprecated and will be removed in a future release.
SHOW INDEX IN t1;
Table	Non_unique	Key_name	Seq_in_index	Column_name	Collation	Cardinality	Sub_part	Packed	Null	Index_type	Comment	Index_comment	Visible	Expression
t1	0	PRIMARY	1	pk	A	1000	NULL	NULL		SE_SPECIFIC			YES	NULL
t1	1	d	1	d	A	500	NULL	NULL	YES	SE_SPECIFIC			YES	NULL
INSERT INTO t1 (f,r,d,dp,pk) VALUES
(1.2345,1422.22,1.2345,1234567.89,1),
(0,0,0,0,2),
(-1,-1,-1,-1,3),
(17.5843,4953453454.44,29229114.0,1111111.23,4),
(4644,1422.22,466664.999,0.5,5);
EXPLAIN SELECT DISTINCT d FROM t1 ORDER BY d;
id	select_type	table	partitions	type	possible_keys	key	key_len	ref	rows	filtered	Extra
1	SIMPLE	t1	NULL	index	d	d	9	NULL	#	#	Using index
Warnings:
Note	1003	/* select#1 */ select distinct `test`.`t1`.`d` AS `d` from `test`.`t1` order by `test`.`t1`.`d`
SELECT DISTINCT d FROM t1 ORDER BY d;
d
-1
0
1.2345
466664.999
29229114
DROP TABLE t1;
CREATE TABLE t1 (
f FLOAT,
r REAL(20,3),
d DOUBLE,
dp DOUBLE PRECISION (64,10),
pk FLOAT PRIMARY KEY,
UNIQUE KEY(f)
) ENGINE=rocksdb;
Warnings:
Warning	1681	Specifying number of digits for floating point data types is deprecated and will be removed in a future release.
Warning	1681	Specifying number of digits for floating point data types is deprecated and will be removed in a future release.
SHOW INDEX IN t1;
Table	Non_unique	Key_name	Seq_in_index	Column_name	Collation	Cardinality	Sub_part	Packed	Null	Index_type	Comment	Index_comment	Visible	Expression
t1	0	PRIMARY	1	pk	A	1000	NULL	NULL		SE_SPECIFIC			YES	NULL
t1	0	f	1	f	A	1000	NULL	NULL	YES	SE_SPECIFIC			YES	NULL
INSERT INTO t1 (f,r,d,dp,pk) VALUES
(1.2345,1422.22,1.2345,1234567.89,1),
(0,0,0,0,2),
(-1,-1,-1,-1,3),
(17.5843,4953453454.44,29229114.0,1111111.23,4),
(4644,1422.22,466664.999,0.5,5);
INSERT INTO t1 (f,r,d,dp,pk) VALUES
(1.2345,0,0,0,6);
ERROR 23000: Duplicate entry '1.2345' for key 'f'
EXPLAIN SELECT DISTINCT f FROM t1 ORDER BY f;
id	select_type	table	partitions	type	possible_keys	key	key_len	ref	rows	filtered	Extra
1	SIMPLE	t1	NULL	index	f	f	5	NULL	#	#	Using index
Warnings:
Note	1003	/* select#1 */ select distinct `test`.`t1`.`f` AS `f` from `test`.`t1` order by `test`.`t1`.`f`
SELECT DISTINCT f FROM t1 ORDER BY f;
f
-1
0
1.2345
17.5843
4644
DROP TABLE t1;
CREATE TABLE t1 (
f FLOAT,
r REAL(20,3),
d DOUBLE,
dp DOUBLE PRECISION (64,10),
pk FLOAT PRIMARY KEY,
KEY(f)
) ENGINE=rocksdb;
Warnings:
Warning	1681	Specifying number of digits for floating point data types is deprecated and will be removed in a future release.
Warning	1681	Specifying number of digits for floating point data types is deprecated and will be removed in a future release.
SHOW INDEX IN t1;
Table	Non_unique	Key_name	Seq_in_index	Column_name	Collation	Cardinality	Sub_part	Packed	Null	Index_type	Comment	Index_comment	Visible	Expression
t1	0	PRIMARY	1	pk	A	1000	NULL	NULL		SE_SPECIFIC			YES	NULL
t1	1	f	1	f	A	500	NULL	NULL	YES	SE_SPECIFIC			YES	NULL
INSERT INTO t1 (f,r,d,dp,pk) VALUES
(1.2345,1422.22,1.2345,1234567.89,1),
(0,0,0,0,2),
(-1,-1,-1,-1,3),
(17.5843,4953453454.44,29229114.0,1111111.23,4),
(4644,1422.22,466664.999,0.5,5);
INSERT INTO t1 (f,r,d,dp,pk) VALUES
(1.2345,0,0,0,6);
EXPLAIN SELECT DISTINCT f FROM t1 ORDER BY f;
id	select_type	table	partitions	type	possible_keys	key	key_len	ref	rows	filtered	Extra
1	SIMPLE	t1	NULL	index	f	f	5	NULL	#	#	Using index
Warnings:
Note	1003	/* select#1 */ select distinct `test`.`t1`.`f` AS `f` from `test`.`t1` order by `test`.`t1`.`f`
SELECT DISTINCT f FROM t1 ORDER BY f;
f
-1
0
1.2345
17.5843
4644
DROP TABLE t1;
SET GLOBAL ROCKSDB_PAUSE_BACKGROUND_WORK = @ORIG_PAUSE_BACKGROUND_WORK;
