Valid values must be between 0 and 100000000 inclusive.
select @@global.innodb_aio_old_usecs in (0, 1, 99999999, 100000000);
@@global.innodb_aio_old_usecs in (0, 1, 99999999, 100000000)
0
select @@session.innodb_aio_old_usecs;
ERROR HY000: Variable 'innodb_aio_old_usecs' is a GLOBAL variable
show global variables like 'innodb_aio_old_usecs';
Variable_name	Value
innodb_aio_old_usecs	2000000
show session variables like 'innodb_aio_old_usecs';
Variable_name	Value
innodb_aio_old_usecs	2000000
select * from information_schema.global_variables where variable_name='innodb_aio_old_usecs';
VARIABLE_NAME	VARIABLE_VALUE
INNODB_AIO_OLD_USECS	2000000
select * from information_schema.session_variables where variable_name='innodb_aio_old_usecs';
VARIABLE_NAME	VARIABLE_VALUE
INNODB_AIO_OLD_USECS	2000000
set global innodb_aio_old_usecs=-1;
Warnings:
Warning	1292	Truncated incorrect innodb_aio_old_usecs value: '-1'
select @@global.innodb_aio_old_usecs;
@@global.innodb_aio_old_usecs
0
set global innodb_aio_old_usecs=0;
select @@global.innodb_aio_old_usecs;
@@global.innodb_aio_old_usecs
0
set global innodb_aio_old_usecs=100000000;
Warnings:
Warning	1292	Truncated incorrect innodb_aio_old_usecs value: '100000000'
select @@global.innodb_aio_old_usecs;
@@global.innodb_aio_old_usecs
10000000
set global innodb_aio_old_usecs=100000001;
Warnings:
Warning	1292	Truncated incorrect innodb_aio_old_usecs value: '100000001'
select @@global.innodb_aio_old_usecs;
@@global.innodb_aio_old_usecs
10000000
set global innodb_aio_old_usecs=1000000000000;
Warnings:
Warning	1292	Truncated incorrect innodb_aio_old_usecs value: '1000000000000'
select @@global.innodb_aio_old_usecs;
@@global.innodb_aio_old_usecs
10000000
set global innodb_aio_old_usecs="A";
ERROR 42000: Incorrect argument type to variable 'innodb_aio_old_usecs'
select @@global.innodb_aio_old_usecs;
@@global.innodb_aio_old_usecs
10000000
set global innodb_aio_old_usecs=DEFAULT;
select @@global.innodb_aio_old_usecs;
@@global.innodb_aio_old_usecs
2000000
