SET @start_log_datagram_usecs = @@global.log_datagram_usecs;
SELECT @start_log_datagram_usecs;
@start_log_datagram_usecs
0
'#--------------------FN_DYNVARS_072_01------------------------#'
SET @@global.log_datagram_usecs = 5000;
SET @@global.log_datagram_usecs = DEFAULT;
SELECT @@global.log_datagram_usecs;
@@global.log_datagram_usecs
0
'#---------------------FN_DYNVARS_072_02-------------------------#'
SET @@global.log_datagram_usecs = @start_log_datagram_usecs;
SELECT @@global.log_datagram_usecs = 0;
@@global.log_datagram_usecs = 0
1
'#--------------------FN_DYNVARS_072_03------------------------#'
SET @@global.log_datagram_usecs = 4096;
SELECT @@global.log_datagram_usecs;
@@global.log_datagram_usecs
4096
SET @@global.log_datagram_usecs = 4294967295;
SELECT @@global.log_datagram_usecs;
@@global.log_datagram_usecs
4294967295
SET @@global.log_datagram_usecs = 4294967294;
SELECT @@global.log_datagram_usecs;
@@global.log_datagram_usecs
4294967294
SET @@global.log_datagram_usecs = 4097;
SELECT @@global.log_datagram_usecs;
@@global.log_datagram_usecs
4097
SET @@global.log_datagram_usecs = 65535;
SELECT @@global.log_datagram_usecs;
@@global.log_datagram_usecs
65535
'#--------------------FN_DYNVARS_072_04-------------------------#'
SET @@global.log_datagram_usecs = -1;
Warnings:
Warning	1292	Truncated incorrect log_datagram_usecs value: '-1'
SELECT @@global.log_datagram_usecs;
@@global.log_datagram_usecs
0
SET @@global.log_datagram_usecs = 18446744073709551616;
ERROR 42000: Incorrect argument type to variable 'log_datagram_usecs'
SELECT @@global.log_datagram_usecs;
@@global.log_datagram_usecs
0
SET @@global.log_datagram_usecs = 10000.01;
ERROR 42000: Incorrect argument type to variable 'log_datagram_usecs'
SELECT @@global.log_datagram_usecs;
@@global.log_datagram_usecs
0
SET @@global.log_datagram_usecs = ON;
ERROR 42000: Incorrect argument type to variable 'log_datagram_usecs'
SELECT @@global.log_datagram_usecs;
@@global.log_datagram_usecs
0
SET @@global.log_datagram_usecs = 'test';
ERROR 42000: Incorrect argument type to variable 'log_datagram_usecs'
SELECT @@global.log_datagram_usecs;
@@global.log_datagram_usecs
0
'#-------------------FN_DYNVARS_072_05----------------------------#'
SET @@session.log_datagram_usecs = 4096;
ERROR HY000: Variable 'log_datagram_usecs' is a GLOBAL variable and should be set with SET GLOBAL
SELECT @@session.log_datagram_usecs;
ERROR HY000: Variable 'log_datagram_usecs' is a GLOBAL variable
'#----------------------FN_DYNVARS_072_06------------------------#'
SELECT @@global.log_datagram_usecs = VARIABLE_VALUE
FROM INFORMATION_SCHEMA.GLOBAL_VARIABLES
WHERE VARIABLE_NAME='log_datagram_usecs';
@@global.log_datagram_usecs = VARIABLE_VALUE
1
SELECT @@log_datagram_usecs = VARIABLE_VALUE
FROM INFORMATION_SCHEMA.SESSION_VARIABLES
WHERE VARIABLE_NAME='log_datagram_usecs';
@@log_datagram_usecs = VARIABLE_VALUE
1
'#---------------------FN_DYNVARS_072_08----------------------#'
SET @@global.log_datagram_usecs = 5000;
SELECT @@log_datagram_usecs = @@global.log_datagram_usecs;
@@log_datagram_usecs = @@global.log_datagram_usecs
1
'#---------------------FN_DYNVARS_072_09----------------------#'
SET log_datagram_usecs = 6000;
ERROR HY000: Variable 'log_datagram_usecs' is a GLOBAL variable and should be set with SET GLOBAL
SELECT @@log_datagram_usecs;
@@log_datagram_usecs
5000
SET local.log_datagram_usecs = 7000;
ERROR 42000: You have an error in your SQL syntax; check the manual that corresponds to your MySQL server version for the right syntax to use near 'log_datagram_usecs = 7000' at line 1
SELECT local.log_datagram_usecs;
ERROR 42S02: Unknown table 'local' in field list
SET global.log_datagram_usecs = 8000;
ERROR 42000: You have an error in your SQL syntax; check the manual that corresponds to your MySQL server version for the right syntax to use near 'log_datagram_usecs = 8000' at line 1
SELECT global.log_datagram_usecs;
ERROR 42S02: Unknown table 'global' in field list
SELECT log_datagram_usecs = @@session.log_datagram_usecs;
ERROR 42S22: Unknown column 'log_datagram_usecs' in 'field list'
SET @@global.log_datagram_usecs = @start_log_datagram_usecs;
SELECT @@global.log_datagram_usecs;
@@global.log_datagram_usecs
0
SET @@global.log_datagram_usecs= @start_log_datagram_usecs;
SELECT @@global.log_datagram_usecs;
@@global.log_datagram_usecs
0
