include/master-slave.inc
Warnings:
Note	####	Sending passwords in plain text without SSL/TLS is extremely insecure.
Note	####	Storing MySQL user name or password information in the master info repository is not secure and is therefore not recommended. Please consider using the USER and PASSWORD connection options for START SLAVE; see the 'START SLAVE Syntax' in the MySQL Manual for more information.
[connection master]
set @saved_log_column_names = @@global.log_column_names;
set @@global.log_column_names = true;
set @saved_slave_type_conversions = @@global.slave_type_conversions;
set @@global.slave_type_conversions = 'ALL_LOSSY,ALL_NON_LOSSY';
set @saved_log_column_names = @@global.log_column_names;
set @@global.log_column_names = true;
create table t1(a int, b tinyblob, c int);
Check slave can deal with reordering of columns
drop table t1;
create table t1(a int, c tinyint, b mediumblob);
insert into t1 values(1, "tiny blob", 100);
select * from t1;
a	c	b
1	100	tiny blob
Check slave can deal with deleted columns
drop table t1;
create table t1(c tinyint, b mediumblob);
insert into t1 values(1, "tiny blob", 100);
select * from t1;
c	b
100	tiny blob
Check slave can deal with added columns
drop table t1;
create table t1(a int, d int, c tinyint, b mediumblob);
insert into t1 values(1, "tiny blob", 100);
select * from t1;
a	d	c	b
1	NULL	100	tiny blob
Check slave can deal with deleted columns and modified column type
create table t2 (col1 int, col2 varchar(1000), col3 enum('1','2','3'), col4 varchar(100)) engine=innodb;
drop table t2;
create table t2(col2 text, col3 enum('1','2','3'), col4 text) engine=innodb;
insert into t2 values(1, "column2", 3, "column4");
select * from t2;
col2	col3	col4
column2	3	column4
Check slave can deal with deleted columns, different column order and modified column type
drop table t2;
create table t2(col3 enum('1','2','3'), col2 text) engine=innodb;
insert into t2 values(1, "column2", 3, "column4");
select * from t2;
col3	col2
3	column2
Check slave can deal with added columns, deleted columns and modified column type
drop table t2;
create table t2(col5 enum('1','2','3'), col1 int, col6 SET('1','2','3'), col2 text, col7 int) engine=innodb;
insert into t2 values(1, "column2", 3, "column4");
select * from t2;
col5	col1	col6	col2	col7
NULL	1	NULL	column2	NULL
set @@global.slave_type_conversions = @saved_slave_type_conversions;
set @@global.log_column_names = @saved_log_column_names;
set @@global.log_column_names = @saved_log_column_names;
drop table t1;
drop table t2;
include/rpl_end.inc
