SET default_storage_engine=InnoDB;
SET GLOBAL innodb_file_format = `Barracuda`;
SET GLOBAL innodb_file_per_table = ON;
# Test 1) Show the page size from Information Schema
SELECT variable_value FROM information_schema.global_status
WHERE LOWER(variable_name) = 'innodb_page_size';
variable_value
32768
# Test 2) The number of buffer pool pages is dependent upon the page size.
SELECT variable_value FROM information_schema.global_status
WHERE LOWER(variable_name) = 'innodb_buffer_pool_pages_total';
variable_value
{1023_or_1024}
# Test 3) Query some information_shema tables that are dependent upon
#         the page size.
INDEX_ID	NAME	TABLE_ID	TYPE	N_FIELDS	PAGE_NO	SPACE
11	ID_IND	11	3	1	301	0
12	FOR_IND	11	0	1	302	0
13	REF_IND	11	0	1	303	0
14	ID_IND	12	3	2	304	0
15	SYS_TABLESPACES_SPACE	13	3	1	306	0
16	SYS_DATAFILES_SPACE	14	3	1	307	0
CREATE TABLE t1 (a INT KEY, b TEXT) ROW_FORMAT=REDUNDANT ENGINE=innodb;
CREATE TABLE t2 (a INT KEY, b TEXT) ROW_FORMAT=COMPACT ENGINE=innodb;
CREATE TABLE t3 (a INT KEY, b TEXT) ROW_FORMAT=COMPRESSED ENGINE=innodb;
CREATE TABLE t4 (a INT KEY, b TEXT) ROW_FORMAT=DYNAMIC ENGINE=innodb;
SELECT * FROM INFORMATION_SCHEMA.INNODB_SYS_TABLES
WHERE name LIKE 'test%' ORDER BY table_id;
TABLE_ID	NAME	FLAG	N_COLS	SPACE	FILE_FORMAT	ROW_FORMAT	ZIP_PAGE_SIZE
{id}	test/t1	0	5	{id}	Antelope	Redundant	0
{id}	test/t2	1	5	{id}	Antelope	Compact	0
{id}	test/t3	43	5	{id}	Barracuda	Compressed	16384
{id}	test/t4	33	5	{id}	Barracuda	Dynamic	0
SELECT * FROM INFORMATION_SCHEMA.INNODB_SYS_TABLESPACES
WHERE name LIKE 'test%' ORDER BY space;
SPACE	NAME	FLAG	FILE_FORMAT	ROW_FORMAT	PAGE_SIZE	ZIP_PAGE_SIZE
{id}	test/t1	384	Antelope	Compact or Redundant	32768	0
{id}	test/t2	384	Antelope	Compact or Redundant	32768	0
{id}	test/t3	427	Barracuda	Compressed	32768	16384
{id}	test/t4	417	Barracuda	Dynamic	32768	0
SELECT * FROM INFORMATION_SCHEMA.INNODB_SYS_DATAFILES
WHERE path LIKE '%test%' ORDER BY space;
SPACE	PATH
{id}	MYSQLD_DATADIR/test/t1.ibd
{id}	MYSQLD_DATADIR/test/t2.ibd
{id}	MYSQLD_DATADIR/test/t3.ibd
{id}	MYSQLD_DATADIR/test/t4.ibd
DROP TABLE t1, t2, t3, t4;
# Test 4) The maximum row size is dependent upon the page size.
#         Redundant: 16315, Compact: 16318.
#         Compressed: 16318, Dynamic: ?.
#         Each row format has its own amount of overhead that
#         varies depending on number of fields and other overhead.
SET SESSION innodb_strict_mode = ON;
CREATE TABLE t1 (
c01 char(200), c02 char(200), c03 char(200), c04 char(200), c05 char(200),
c06 char(200), c07 char(200), c08 char(200), c09 char(200), c10 char(200),
c11 char(200), c12 char(200), c13 char(200), c14 char(200), c15 char(200),
c16 char(200), c17 char(200), c18 char(200), c19 char(200), c20 char(200),
c21 char(200), c22 char(200), c23 char(200), c24 char(200), c25 char(200),
c26 char(200), c27 char(200), c28 char(200), c29 char(200), c30 char(200),
c31 char(200), c32 char(200), c33 char(200), c34 char(200), c35 char(200),
c36 char(200), c37 char(200), c38 char(200), c39 char(200), c40 char(200),
c41 char(200), c42 char(200), c43 char(200), c44 char(200), c45 char(200),
c46 char(200), c47 char(200), c48 char(200), c49 char(200), c50 char(200),
c51 char(200), c52 char(200), c53 char(200), c54 char(200), c55 char(200),
c56 char(200), c57 char(200), c58 char(200), c59 char(200), c60 char(200),
c61 char(200), c62 char(200), c63 char(200), c64 char(200), c65 char(200),
c66 char(200), c67 char(200), c68 char(200), c69 char(200), c70 char(200),
c71 char(200), c72 char(200), c73 char(200), c74 char(200), c75 char(200),
c76 char(200), c77 char(200), c78 char(200), c79 char(200), c80 char(200),
c81 char(121)
) ROW_FORMAT=redundant;
DROP TABLE t1;
CREATE TABLE t1 (
c01 char(200), c02 char(200), c03 char(200), c04 char(200), c05 char(200),
c06 char(200), c07 char(200), c08 char(200), c09 char(200), c10 char(200),
c11 char(200), c12 char(200), c13 char(200), c14 char(200), c15 char(200),
c16 char(200), c17 char(200), c18 char(200), c19 char(200), c20 char(200),
c21 char(200), c22 char(200), c23 char(200), c24 char(200), c25 char(200),
c26 char(200), c27 char(200), c28 char(200), c29 char(200), c30 char(200),
c31 char(200), c32 char(200), c33 char(200), c34 char(200), c35 char(200),
c36 char(200), c37 char(200), c38 char(200), c39 char(200), c40 char(200),
c41 char(200), c42 char(200), c43 char(200), c44 char(200), c45 char(200),
c46 char(200), c47 char(200), c48 char(200), c49 char(200), c50 char(200),
c51 char(200), c52 char(200), c53 char(200), c54 char(200), c55 char(200),
c56 char(200), c57 char(200), c58 char(200), c59 char(200), c60 char(200),
c61 char(200), c62 char(200), c63 char(200), c64 char(200), c65 char(200),
c66 char(200), c67 char(200), c68 char(200), c69 char(200), c70 char(200),
c71 char(200), c72 char(200), c73 char(200), c74 char(200), c75 char(200),
c76 char(200), c77 char(200), c78 char(200), c79 char(200), c80 char(200),
c81 char(122)
) ROW_FORMAT=redundant;
ERROR 42000: Row size too large (> max_row_size). Changing some columns to TEXT or BLOB or using ROW_FORMAT=DYNAMIC or ROW_FORMAT=COMPRESSED may help. In current row format, BLOB prefix of 768 bytes is stored inline.
CREATE TABLE t1 (
c01 char(200), c02 char(200), c03 char(200), c04 char(200), c05 char(200),
c06 char(200), c07 char(200), c08 char(200), c09 char(200), c10 char(200),
c11 char(200), c12 char(200), c13 char(200), c14 char(200), c15 char(200),
c16 char(200), c17 char(200), c18 char(200), c19 char(200), c20 char(200),
c21 char(200), c22 char(200), c23 char(200), c24 char(200), c25 char(200),
c26 char(200), c27 char(200), c28 char(200), c29 char(200), c30 char(200),
c31 char(200), c32 char(200), c33 char(200), c34 char(200), c35 char(200),
c36 char(200), c37 char(200), c38 char(200), c39 char(200), c40 char(200),
c41 char(200), c42 char(200), c43 char(200), c44 char(200), c45 char(200),
c46 char(200), c47 char(200), c48 char(200), c49 char(200), c50 char(200),
c51 char(200), c52 char(200), c53 char(200), c54 char(200), c55 char(200),
c56 char(200), c57 char(200), c58 char(200), c59 char(200), c60 char(200),
c61 char(200), c62 char(200), c63 char(200), c64 char(200), c65 char(200),
c66 char(200), c67 char(200), c68 char(200), c69 char(200), c70 char(200),
c71 char(200), c72 char(200), c73 char(200), c74 char(200), c75 char(200),
c76 char(200), c77 char(200), c78 char(200), c79 char(200), c80 char(200),
c81 char(200), c82 char(82)
) ROW_FORMAT=compact;
DROP TABLE t1;
CREATE TABLE t1 (
c01 char(200), c02 char(200), c03 char(200), c04 char(200), c05 char(200),
c06 char(200), c07 char(200), c08 char(200), c09 char(200), c10 char(200),
c11 char(200), c12 char(200), c13 char(200), c14 char(200), c15 char(200),
c16 char(200), c17 char(200), c18 char(200), c19 char(200), c20 char(200),
c21 char(200), c22 char(200), c23 char(200), c24 char(200), c25 char(200),
c26 char(200), c27 char(200), c28 char(200), c29 char(200), c30 char(200),
c31 char(200), c32 char(200), c33 char(200), c34 char(200), c35 char(200),
c36 char(200), c37 char(200), c38 char(200), c39 char(200), c40 char(200),
c41 char(200), c42 char(200), c43 char(200), c44 char(200), c45 char(200),
c46 char(200), c47 char(200), c48 char(200), c49 char(200), c50 char(200),
c51 char(200), c52 char(200), c53 char(200), c54 char(200), c55 char(200),
c56 char(200), c57 char(200), c58 char(200), c59 char(200), c60 char(200),
c61 char(200), c62 char(200), c63 char(200), c64 char(200), c65 char(200),
c66 char(200), c67 char(200), c68 char(200), c69 char(200), c70 char(200),
c71 char(200), c72 char(200), c73 char(200), c74 char(200), c75 char(200),
c76 char(200), c77 char(200), c78 char(200), c79 char(200), c80 char(200),
c81 char(200), c82 char(83)
) ROW_FORMAT=compact;
ERROR 42000: Row size too large (> max_row_size). Changing some columns to TEXT or BLOB or using ROW_FORMAT=DYNAMIC or ROW_FORMAT=COMPRESSED may help. In current row format, BLOB prefix of 768 bytes is stored inline.
CREATE TABLE t1 (
c01 char(200), c02 char(200), c03 char(200), c04 char(200), c05 char(200),
c06 char(200), c07 char(200), c08 char(200), c09 char(200), c10 char(200),
c11 char(200), c12 char(200), c13 char(200), c14 char(200), c15 char(200),
c16 char(200), c17 char(200), c18 char(200), c19 char(200), c20 char(200),
c21 char(200), c22 char(200), c23 char(200), c24 char(200), c25 char(200),
c26 char(200), c27 char(200), c28 char(200), c29 char(200), c30 char(200),
c31 char(200), c32 char(200), c33 char(200), c34 char(200), c35 char(200),
c36 char(200), c37 char(200), c38 char(200), c39 char(200), c40 char(200),
c41 char(200), c42 char(200), c43 char(200), c44 char(200), c45 char(200),
c46 char(200), c47 char(200), c48 char(200), c49 char(200), c50 char(200),
c51 char(200), c52 char(200), c53 char(200), c54 char(200), c55 char(200),
c56 char(200), c57 char(200), c58 char(200), c59 char(200), c60 char(200),
c61 char(200), c62 char(200), c63 char(200), c64 char(200), c65 char(200),
c66 char(200), c67 char(200), c68 char(200), c69 char(200), c70 char(200),
c71 char(200), c72 char(200), c73 char(200), c74 char(200), c75 char(200),
c76 char(200), c77 char(200), c78 char(200), c79 char(200), c80 char(200),
c81 char(60)
) ROW_FORMAT=compressed;
DROP TABLE t1;
CREATE TABLE t1 (
c01 char(200), c02 char(200), c03 char(200), c04 char(200), c05 char(200),
c06 char(200), c07 char(200), c08 char(200), c09 char(200), c10 char(200),
c11 char(200), c12 char(200), c13 char(200), c14 char(200), c15 char(200),
c16 char(200), c17 char(200), c18 char(200), c19 char(200), c20 char(200),
c21 char(200), c22 char(200), c23 char(200), c24 char(200), c25 char(200),
c26 char(200), c27 char(200), c28 char(200), c29 char(200), c30 char(200),
c31 char(200), c32 char(200), c33 char(200), c34 char(200), c35 char(200),
c36 char(200), c37 char(200), c38 char(200), c39 char(200), c40 char(200),
c41 char(200), c42 char(200), c43 char(200), c44 char(200), c45 char(200),
c46 char(200), c47 char(200), c48 char(200), c49 char(200), c50 char(200),
c51 char(200), c52 char(200), c53 char(200), c54 char(200), c55 char(200),
c56 char(200), c57 char(200), c58 char(200), c59 char(200), c60 char(200),
c61 char(200), c62 char(200), c63 char(200), c64 char(200), c65 char(200),
c66 char(200), c67 char(200), c68 char(200), c69 char(200), c70 char(200),
c71 char(200), c72 char(200), c73 char(200), c74 char(200), c75 char(200),
c76 char(200), c77 char(200), c78 char(200), c79 char(200), c80 char(200),
c81 char(63)
) ROW_FORMAT=compressed;
ERROR 42000: Row size too large (> max_row_size). Changing some columns to TEXT or BLOB may help. In current row format, BLOB prefix of 0 bytes is stored inline.
CREATE TABLE t1 (
c01 char(200), c02 char(200), c03 char(200), c04 char(200), c05 char(200),
c06 char(200), c07 char(200), c08 char(200), c09 char(200), c10 char(200),
c11 char(200), c12 char(200), c13 char(200), c14 char(200), c15 char(200),
c16 char(200), c17 char(200), c18 char(200), c19 char(200), c20 char(200),
c21 char(200), c22 char(200), c23 char(200), c24 char(200), c25 char(200),
c26 char(200), c27 char(200), c28 char(200), c29 char(200), c30 char(200),
c31 char(200), c32 char(200), c33 char(200), c34 char(200), c35 char(200),
c36 char(200), c37 char(200), c38 char(200), c39 char(200), c40 char(200),
c41 char(200), c42 char(200), c43 char(200), c44 char(200), c45 char(200),
c46 char(200), c47 char(200), c48 char(200), c49 char(200), c50 char(200),
c51 char(200), c52 char(200), c53 char(200), c54 char(200), c55 char(200),
c56 char(200), c57 char(200), c58 char(200), c59 char(200), c60 char(200),
c61 char(200), c62 char(200), c63 char(200), c64 char(200), c65 char(200),
c66 char(200), c67 char(200), c68 char(200), c69 char(200), c70 char(200),
c71 char(200), c72 char(200), c73 char(200), c74 char(200), c75 char(200),
c76 char(200), c77 char(200), c78 char(200), c79 char(200), c80 char(200),
c81 char(200), c82 char(82)
) ROW_FORMAT=dynamic;
DROP TABLE t1;
CREATE TABLE t1 (
c01 char(200), c02 char(200), c03 char(200), c04 char(200), c05 char(200),
c06 char(200), c07 char(200), c08 char(200), c09 char(200), c10 char(200),
c11 char(200), c12 char(200), c13 char(200), c14 char(200), c15 char(200),
c16 char(200), c17 char(200), c18 char(200), c19 char(200), c20 char(200),
c21 char(200), c22 char(200), c23 char(200), c24 char(200), c25 char(200),
c26 char(200), c27 char(200), c28 char(200), c29 char(200), c30 char(200),
c31 char(200), c32 char(200), c33 char(200), c34 char(200), c35 char(200),
c36 char(200), c37 char(200), c38 char(200), c39 char(200), c40 char(200),
c41 char(200), c42 char(200), c43 char(200), c44 char(200), c45 char(200),
c46 char(200), c47 char(200), c48 char(200), c49 char(200), c50 char(200),
c51 char(200), c52 char(200), c53 char(200), c54 char(200), c55 char(200),
c56 char(200), c57 char(200), c58 char(200), c59 char(200), c60 char(200),
c61 char(200), c62 char(200), c63 char(200), c64 char(200), c65 char(200),
c66 char(200), c67 char(200), c68 char(200), c69 char(200), c70 char(200),
c71 char(200), c72 char(200), c73 char(200), c74 char(200), c75 char(200),
c76 char(200), c77 char(200), c78 char(200), c79 char(200), c80 char(200),
c81 char(200), c82 char(83)
) ROW_FORMAT=dynamic;
ERROR 42000: Row size too large (> max_row_size). Changing some columns to TEXT or BLOB may help. In current row format, BLOB prefix of 0 bytes is stored inline.
CREATE TABLE t1 (a varchar(255) character set utf8,
b varchar(255) character set utf8,
c varchar(255) character set utf8,
d varchar(255) character set utf8,
e varchar(4) character set utf8,
PRIMARY KEY (a,b,c,d,e))
ENGINE=innodb;
DROP TABLE t1;
CREATE TABLE t1 (a varchar(255) character set utf8,
b varchar(255) character set utf8,
c varchar(255) character set utf8,
d varchar(255) character set utf8,
e varchar(5) character set utf8,
PRIMARY KEY (a,b,c,d,e))
ENGINE=innodb;
ERROR 42000: Specified key was too long; max key length is 3072 bytes
CREATE TABLE t1 (a varchar(255) character set utf8,
b varchar(255) character set utf8,
c varchar(255) character set utf8,
d varchar(255) character set utf8,
e varchar(255) character set utf8,
f varchar(4)   character set utf8,
PRIMARY KEY (a), KEY (b,c,d,e,f))
ENGINE=innodb;
DROP TABLE t1;
CREATE TABLE t1 (a varchar(255) character set utf8,
b varchar(255) character set utf8,
c varchar(255) character set utf8,
d varchar(255) character set utf8,
e varchar(255) character set utf8,
f varchar(5)   character set utf8,
PRIMARY KEY (a), KEY (b,c,d,e,f))
ENGINE=innodb;
ERROR 42000: Specified key was too long; max key length is 3072 bytes
# Test 5) Make sure that KEY_BLOCK_SIZE=32, 16, 8, 4, 2 & 1
#         are all accepted.
SET SESSION innodb_strict_mode = ON;
CREATE TABLE t1 (i int) ROW_FORMAT=COMPRESSED KEY_BLOCK_SIZE=32;
SHOW WARNINGS;
Level	Code	Message
SELECT table_name, row_format, create_options
FROM information_schema.tables WHERE table_name = 't1';
table_name	row_format	create_options
t1	Compressed	row_format=COMPRESSED KEY_BLOCK_SIZE=32
ALTER TABLE t1 KEY_BLOCK_SIZE=16;
SHOW WARNINGS;
Level	Code	Message
SELECT table_name, row_format, create_options
FROM information_schema.tables WHERE table_name = 't1';
table_name	row_format	create_options
t1	Compressed	row_format=COMPRESSED KEY_BLOCK_SIZE=16
ALTER TABLE t1 KEY_BLOCK_SIZE=8;
SHOW WARNINGS;
Level	Code	Message
SELECT table_name, row_format, create_options
FROM information_schema.tables WHERE table_name = 't1';
table_name	row_format	create_options
t1	Compressed	row_format=COMPRESSED KEY_BLOCK_SIZE=8
ALTER TABLE t1 KEY_BLOCK_SIZE=4;
SHOW WARNINGS;
Level	Code	Message
SELECT table_name, row_format, create_options
FROM information_schema.tables WHERE table_name = 't1';
table_name	row_format	create_options
t1	Compressed	row_format=COMPRESSED KEY_BLOCK_SIZE=4
ALTER TABLE t1 KEY_BLOCK_SIZE=2;
SHOW WARNINGS;
Level	Code	Message
SELECT table_name, row_format, create_options
FROM information_schema.tables WHERE table_name = 't1';
table_name	row_format	create_options
t1	Compressed	row_format=COMPRESSED KEY_BLOCK_SIZE=2
ALTER TABLE t1 KEY_BLOCK_SIZE=1;
SHOW WARNINGS;
Level	Code	Message
SELECT table_name, row_format, create_options
FROM information_schema.tables WHERE table_name = 't1';
table_name	row_format	create_options
t1	Compressed	row_format=COMPRESSED KEY_BLOCK_SIZE=1
ALTER TABLE t1 KEY_BLOCK_SIZE=0;
SHOW WARNINGS;
Level	Code	Message
SELECT table_name, row_format, create_options
FROM information_schema.tables WHERE table_name = 't1';
table_name	row_format	create_options
t1	Compressed	row_format=COMPRESSED
DROP TABLE t1;
SET SESSION innodb_strict_mode = OFF;
CREATE TABLE t1 (i int) ROW_FORMAT=COMPRESSED KEY_BLOCK_SIZE=16;
SHOW WARNINGS;
Level	Code	Message
SELECT table_name, row_format, create_options
FROM information_schema.tables WHERE table_name = 't1';
table_name	row_format	create_options
t1	Compressed	row_format=COMPRESSED KEY_BLOCK_SIZE=16
ALTER TABLE t1 KEY_BLOCK_SIZE=8;
SHOW WARNINGS;
Level	Code	Message
SELECT table_name, row_format, create_options
FROM information_schema.tables WHERE table_name = 't1';
table_name	row_format	create_options
t1	Compressed	row_format=COMPRESSED KEY_BLOCK_SIZE=8
ALTER TABLE t1 KEY_BLOCK_SIZE=4;
SHOW WARNINGS;
Level	Code	Message
SELECT table_name, row_format, create_options
FROM information_schema.tables WHERE table_name = 't1';
table_name	row_format	create_options
t1	Compressed	row_format=COMPRESSED KEY_BLOCK_SIZE=4
ALTER TABLE t1 KEY_BLOCK_SIZE=2;
SHOW WARNINGS;
Level	Code	Message
SELECT table_name, row_format, create_options
FROM information_schema.tables WHERE table_name = 't1';
table_name	row_format	create_options
t1	Compressed	row_format=COMPRESSED KEY_BLOCK_SIZE=2
ALTER TABLE t1 KEY_BLOCK_SIZE=1;
SHOW WARNINGS;
Level	Code	Message
SELECT table_name, row_format, create_options
FROM information_schema.tables WHERE table_name = 't1';
table_name	row_format	create_options
t1	Compressed	row_format=COMPRESSED KEY_BLOCK_SIZE=1
ALTER TABLE t1 KEY_BLOCK_SIZE=0;
SHOW WARNINGS;
Level	Code	Message
SELECT table_name, row_format, create_options
FROM information_schema.tables WHERE table_name = 't1';
table_name	row_format	create_options
t1	Compressed	row_format=COMPRESSED
DROP TABLE t1;
# Test 6) Make sure that KEY_BLOCK_SIZE = 8, 16 and 32
# are rejected when innodb_file_per_table=OFF
SET SESSION innodb_strict_mode = ON;
SET GLOBAL innodb_file_per_table = OFF;
SHOW VARIABLES LIKE 'innodb_file_per_table';
Variable_name	Value
innodb_file_per_table	OFF
CREATE TABLE t4 (id int PRIMARY KEY) ENGINE=innodb KEY_BLOCK_SIZE=8;
ERROR HY000: Table storage engine for 't4' doesn't have this option
SHOW WARNINGS;
Level	Code	Message
Warning	1478	InnoDB: KEY_BLOCK_SIZE requires innodb_file_per_table.
Error	1031	Table storage engine for 't4' doesn't have this option
CREATE TABLE t5 (id int PRIMARY KEY) ENGINE=innodb KEY_BLOCK_SIZE=16;
ERROR HY000: Table storage engine for 't5' doesn't have this option
SHOW WARNINGS;
Level	Code	Message
Warning	1478	InnoDB: KEY_BLOCK_SIZE requires innodb_file_per_table.
Error	1031	Table storage engine for 't5' doesn't have this option
CREATE TABLE t6 (id int PRIMARY KEY) ENGINE=innodb KEY_BLOCK_SIZE=32;
ERROR HY000: Table storage engine for 't6' doesn't have this option
SHOW WARNINGS;
Level	Code	Message
Warning	1478	InnoDB: KEY_BLOCK_SIZE requires innodb_file_per_table.
Error	1031	Table storage engine for 't6' doesn't have this option
SET GLOBAL innodb_file_per_table = ON;
SET GLOBAL innodb_file_format = `Antelope`;
SHOW VARIABLES LIKE 'innodb_file%';
Variable_name	Value
innodb_file_format	Antelope
innodb_file_format_check	ON
innodb_file_format_max	Barracuda
innodb_file_per_table	ON
CREATE TABLE t4 (id int PRIMARY KEY) ENGINE=innodb KEY_BLOCK_SIZE=8;
ERROR HY000: Table storage engine for 't4' doesn't have this option
SHOW WARNINGS;
Level	Code	Message
Warning	1478	InnoDB: KEY_BLOCK_SIZE requires innodb_file_format > Antelope.
Error	1031	Table storage engine for 't4' doesn't have this option
CREATE TABLE t5 (id int PRIMARY KEY) ENGINE=innodb KEY_BLOCK_SIZE=16;
ERROR HY000: Table storage engine for 't5' doesn't have this option
SHOW WARNINGS;
Level	Code	Message
Warning	1478	InnoDB: KEY_BLOCK_SIZE requires innodb_file_format > Antelope.
Error	1031	Table storage engine for 't5' doesn't have this option
CREATE TABLE t6 (id int PRIMARY KEY) ENGINE=innodb KEY_BLOCK_SIZE=32;
ERROR HY000: Table storage engine for 't6' doesn't have this option
SHOW WARNINGS;
Level	Code	Message
Warning	1478	InnoDB: KEY_BLOCK_SIZE requires innodb_file_format > Antelope.
Error	1031	Table storage engine for 't6' doesn't have this option
SET GLOBAL innodb_file_format = `Barracuda`;
# Test 7) Not included here; 16k only
# Test 8) Test creating a table that could lead to undo log overflow.
CREATE TABLE t1(a blob,b blob,c blob,d blob,e blob,f blob,g blob,
h blob,i blob,j blob,k blob,l blob,m blob,n blob,
o blob,p blob,q blob,r blob,s blob,t blob,u blob)
ENGINE=InnoDB ROW_FORMAT=dynamic;
SET @a = repeat('a', 767 * 2);
SET @b = repeat('b', 767 * 2);
SET @c = repeat('c', 767 * 2);
SET @d = repeat('d', 767 * 2);
SET @e = repeat('e', 767 * 2);
INSERT INTO t1 VALUES (@a,@a,@a,@a,@a,@a,@a,@a,@a,@a,@a,@a,@a,@a,@a,@a,@a,@a,@a,@a,@a);
UPDATE t1 SET a=@b,b=@b,c=@b,d=@b,e=@b,f=@b,g=@b,h=@b,i=@b,j=@b,
k=@b,l=@b,m=@b,n=@b,o=@b,p=@b,q=@b,r=@b,s=@b,t=@b,u=@b;
CREATE INDEX t1a ON t1 (a(767));
CREATE INDEX t1b ON t1 (b(767));
CREATE INDEX t1c ON t1 (c(767));
CREATE INDEX t1d ON t1 (d(767));
CREATE INDEX t1e ON t1 (e(767));
CREATE INDEX t1f ON t1 (f(767));
CREATE INDEX t1g ON t1 (g(767));
CREATE INDEX t1h ON t1 (h(767));
CREATE INDEX t1i ON t1 (i(767));
CREATE INDEX t1j ON t1 (j(767));
UPDATE t1 SET a=@c,b=@c,c=@c,d=@c,e=@c,f=@c,g=@c,h=@c,i=@c,j=@c,
k=@c,l=@c,m=@c,n=@c,o=@c,p=@c,q=@c,r=@c,s=@c,t=@c,u=@c;
CREATE INDEX t1k ON t1 (k(767));
UPDATE t1 SET a=@d,b=@d,c=@d,d=@d,e=@d,f=@d,g=@d,h=@d,i=@d,j=@d,
k=@d,l=@d,m=@d,n=@d,o=@d,p=@d,q=@d,r=@d,s=@d,t=@d,u=@d;
ERROR HY000: Undo log record is too big.
BEGIN;
UPDATE t1 SET a=@d,b=@d,c=@d,d=@d,e=@d;
UPDATE t1 SET f=@d,g=@d,h=@d,i=@d,j=@d,k=@d,l=@d,m=@d,
n=@d,o=@d,p=@d,q=@d,r=@d,s=@d,t=@d,u=@d;
COMMIT;
CREATE INDEX t1l ON t1 (l(767));
UPDATE t1 SET l=@e;
CREATE INDEX t1m ON t1 (m(767));
UPDATE t1 SET m=@e;
CREATE INDEX t1n ON t1 (n(767));
UPDATE t1 SET n=@e;
CREATE INDEX t1o ON t1 (o(767));
UPDATE t1 SET o=@e;
CREATE INDEX t1p ON t1 (p(767));
UPDATE t1 SET p=@e;
CREATE INDEX t1q ON t1 (q(767));
UPDATE t1 SET q=@e;
CREATE INDEX t1r ON t1 (r(767));
UPDATE t1 SET r=@e;
CREATE INDEX t1s ON t1 (s(767));
UPDATE t1 SET s=@e;
CREATE INDEX t1t ON t1 (t(767));
UPDATE t1 SET t=@e;
CREATE INDEX t1u ON t1 (u(767));
UPDATE t1 SET u=@e;
show CREATE TABLE t1;
Table	Create Table
t1	CREATE TABLE `t1` (
  `a` blob,
  `b` blob,
  `c` blob,
  `d` blob,
  `e` blob,
  `f` blob,
  `g` blob,
  `h` blob,
  `i` blob,
  `j` blob,
  `k` blob,
  `l` blob,
  `m` blob,
  `n` blob,
  `o` blob,
  `p` blob,
  `q` blob,
  `r` blob,
  `s` blob,
  `t` blob,
  `u` blob,
  KEY `t1a` (`a`(767)),
  KEY `t1b` (`b`(767)),
  KEY `t1c` (`c`(767)),
  KEY `t1d` (`d`(767)),
  KEY `t1e` (`e`(767)),
  KEY `t1f` (`f`(767)),
  KEY `t1g` (`g`(767)),
  KEY `t1h` (`h`(767)),
  KEY `t1i` (`i`(767)),
  KEY `t1j` (`j`(767)),
  KEY `t1k` (`k`(767)),
  KEY `t1l` (`l`(767)),
  KEY `t1m` (`m`(767)),
  KEY `t1n` (`n`(767)),
  KEY `t1o` (`o`(767)),
  KEY `t1p` (`p`(767)),
  KEY `t1q` (`q`(767)),
  KEY `t1r` (`r`(767)),
  KEY `t1s` (`s`(767)),
  KEY `t1t` (`t`(767)),
  KEY `t1u` (`u`(767))
) ENGINE=InnoDB DEFAULT CHARSET=latin1 ROW_FORMAT=DYNAMIC
DROP TABLE t1;
