DROP TABLE IF EXISTS t1;
CREATE TABLE t1 (a INT AUTO_INCREMENT, b CHAR(8), PRIMARY KEY(a,b)) ENGINE=LevelDB;
INSERT INTO t1 (b) VALUES ('a'),('b'),('b'),('c'),('a');
SELECT LAST_INSERT_ID();
LAST_INSERT_ID()
1
SELECT a,b FROM t1;
a	b
1	a
2	b
3	b
4	c
5	a
DROP TABLE t1;
CREATE TABLE t1 (a CHAR(8), b INT AUTO_INCREMENT, PRIMARY KEY (a,b), KEY(b)) ENGINE=LevelDB;
ERROR HY000: Got error 122 from storage engine
