create table t1 (a int primary key, msg varchar(255)) engine=rocksdb;
SET SESSION debug="d,crash_commit_after_prepare";
insert into t1 values (1, 'dogz');
select * from t1;
a	msg
SET SESSION debug="d,crash_commit_after_log";
insert into t1 values (2, 'catz'), (3, 'men');
select * from t1;
a	msg
2	catz
3	men
SET SESSION debug="d,crash_commit_after";
insert into t1 values (4, 'cars'), (5, 'foo');
select * from t1;
a	msg
2	catz
3	men
4	cars
5	foo
drop table t1;
