drop table if exists t0, t1, t2, t3, t4;
create table t0 (id integer, x integer) engine=INNODB;
insert into t0 values(0, 0), (1, 1), (2, 2), (3, 3), (4, 4), (5, 5);
create table t1 (id integer primary key, x integer) engine=INNODB;
insert into t1 values(0, 0), (1, 1), (2, 2), (3, 3), (4, 4), (5, 5);
create table t2 (id integer primary key, x integer, unique key x(x)) engine=INNODB;
insert into t2 values(0, 0), (1, 1), (2, 2), (3, 3), (4, 4), (5, 5);
create table t3 (id integer primary key, x integer, key x(x)) engine=INNODB;
insert into t3 values(0, 0), (1, 1), (2, 2), (3, 3), (4, 4), (5, 5);
### (0.0) Basic syntax
set autocommit=1;
select 1 for update skip locked;
1
1
select * from nonexistence for update skip locked;
ERROR 42S02: Table 'test.nonexistence' doesn't exist
select 1 for update nowait;
1
1
select * from nonexistence for update nowait;
ERROR 42S02: Table 'test.nonexistence' doesn't exist
### (0.1) Without pirmary key: Locks on all rows
set autocommit=0;
SELECT * from t0 where id = 1 FOR UPDATE;
id	x
1	1
set autocommit=0;
lock will skip
SELECT * from t0 where id >= 0 FOR UPDATE SKIP LOCKED;
id	x
lock will skip
SELECT * from t0 order by id FOR UPDATE SKIP LOCKED;
id	x
lock will not wait, expecting error
SELECT * from t0 where id = 1 FOR UPDATE NOWAIT;
ERROR HY000: Failed to lock a record and didn't wait
commit;
commit;
### (0.2) Without pirmary key: Locks on some rows with 'limit x'
set autocommit=0;
SELECT * from t0 where id = 1 limit 1 FOR UPDATE;
id	x
1	1
set autocommit=0;
lock will skip
SELECT * from t0 where id >= 0 FOR UPDATE SKIP LOCKED;
id	x
2	2
3	3
4	4
5	5
lock will skip
SELECT * from t0 order by id FOR UPDATE SKIP LOCKED;
id	x
2	2
3	3
4	4
5	5
lock will not wait, expecting error
SELECT * from t0 where id = 1 FOR UPDATE NOWAIT;
ERROR HY000: Failed to lock a record and didn't wait
commit;
commit;
### (1) With pirmary key: Locks only on the record (covering index)
set autocommit=0;
SELECT * from t1 where id = 1 FOR UPDATE;
id	x
1	1
set autocommit=0;
lock will skip
SELECT * from t1 where id >= 0 and id <= 3 FOR UPDATE SKIP LOCKED;
id	x
0	0
2	2
3	3
set autocommit=0;
lock will skip
SELECT * from t1 where id >= 0  FOR UPDATE SKIP LOCKED;
id	x
5	5
lock will skip
SELECT * from t1 order by id FOR UPDATE SKIP LOCKED;
id	x
5	5
lock will not wait, expecting error
SELECT * from t1 where id = 1 FOR UPDATE NOWAIT;
ERROR HY000: Failed to lock a record and didn't wait
commit;
commit;
commit;
### (2) With unique secondary key: Locks on the unique secondary key (covering index)
set autocommit=0;
SELECT x from t2 where x = 1 FOR UPDATE;
x
1
set autocommit=0;
lock will skip
SELECT x from t2 where x >= 0 and x <= 3 FOR UPDATE SKIP LOCKED;
x
0
2
3
set autocommit=0;
lock will skip
SELECT x from t2 where x >= 0 FOR UPDATE SKIP LOCKED;
x
5
lock will skip
SELECT x from t2 order by x FOR UPDATE SKIP LOCKED;
x
5
lock will not wait, expecting error
SELECT x from t2 where x = 1 FOR UPDATE NOWAIT;
ERROR HY000: Failed to lock a record and didn't wait
commit;
commit;
commit;
### (3) With non-unique secondary key: Locks on the non-unique secondary key (covering index)
set autocommit=0;
SELECT x from t3 where x = 1 FOR UPDATE;
x
1
set autocommit=0;
lock will skip
SELECT x from t3 where x >= 0 and x <= 3 FOR UPDATE SKIP LOCKED;
x
0
2
3
set autocommit=0;
lock will skip
SELECT x from t3 where x >= 0 FOR UPDATE SKIP LOCKED;
x
5
lock will skip
SELECT x from t3 order by x FOR UPDATE SKIP LOCKED;
x
5
lock will not wait, expecting error
SELECT x from t3 where x = 1 FOR UPDATE NOWAIT;
ERROR HY000: Failed to lock a record and didn't wait
commit;
commit;
commit;
### (4) Locks on both the primary key and the unique secondary key
set autocommit=0;
SELECT * from t2 where id = 1 FOR UPDATE;
id	x
1	1
set autocommit=0;
lock will skip
SELECT * from t2 where id >= 0 and id <= 3 FOR UPDATE SKIP LOCKED;
id	x
0	0
2	2
3	3
set autocommit=0;
lock will skip
SELECT * from t2 where id >= 0 FOR UPDATE SKIP LOCKED;
id	x
5	5
lock will skip
SELECT * from t2 order by id FOR UPDATE SKIP LOCKED;
id	x
5	5
lock will not wait, expecting error
SELECT * from t2 where id = 1 FOR UPDATE NOWAIT;
ERROR HY000: Failed to lock a record and didn't wait
commit;
commit;
commit;
### (5) Transaction 1 locks primary key only, transaction 2 locks both
set autocommit=0;
SELECT id from t2 where id = 1 FOR UPDATE;
id
1
set autocommit=0;
lock will skip
SELECT * from t2 where x >= 0 and x <= 3 FOR UPDATE SKIP LOCKED;
id	x
0	0
2	2
3	3
set autocommit=0;
lock will skip
SELECT x from t2 where x >= 0 FOR UPDATE SKIP LOCKED;
x
5
### (6) INSERT INTO t SELECT * FROM t FOR UPDATE [SKIP LOCKED | NOWAIT]
set autocommit=1;
select count(*) from t0;
count(*)
6
insert into t0 select * from t0 for update skip locked;
select count(*) from t0;
count(*)
12
insert into t0 select * from t0 for update nowait;
select count(*) from t0;
count(*)
24
### (7) Unsupported storage engines
create table t4 (a int primary key) engine=heap;
insert into t4 values (1), (2), (3);
Should succeed since no table gets involved
select 1 for update skip locked;
1
1
select * from nonexistence for update skip locked;
ERROR 42S02: Table 'test.nonexistence' doesn't exist
select * from t4 for update skip locked;
ERROR HY000: Table storage engine for 't4' doesn't have this option
select * from t4 where a > 1 and a < 3 for update skip locked;
ERROR HY000: Table storage engine for 't4' doesn't have this option
insert into t4 select * from t4 for update skip locked;
ERROR HY000: Table storage engine for 't4' doesn't have this option
Should succeed since no table gets involved
select 1 for update nowait;
1
1
select * from nonexistence for update nowait;
ERROR 42S02: Table 'test.nonexistence' doesn't exist
select * from t4 for update nowait;
ERROR HY000: Table storage engine for 't4' doesn't have this option
select * from t4 where a > 1 and a < 3 for update nowait;
ERROR HY000: Table storage engine for 't4' doesn't have this option
insert into t4 select * from t4 for update nowait;
ERROR HY000: Table storage engine for 't4' doesn't have this option
### (7) New key words 'SKIP' 'LOCKED' 'NOWAIT' are not reserved key words
create database skip;
use skip;
create table skip (skip int primary key) engine=innodb;
insert into skip values (1), (2), (3);
select skip.skip.skip from skip.skip where skip.skip.skip = 2;
skip
2
select skip as locked from skip where skip = 2;
locked
2
select * from skip where skip > 9 for update skip locked;
skip
select * from skip where skip > 9 for update nowait;
skip
update skip set skip = 4 where skip = 2;
select skip as nowait from skip where skip = 4;
nowait
4
drop database skip;
create database locked;
use locked;
create table locked (locked int primary key) engine=innodb;
insert into locked values (1), (2), (3);
select locked.locked.locked from locked.locked where locked.locked.locked = 2;
locked
2
select locked as nowait from locked where locked = 2;
nowait
2
select * from locked where locked > 9 for update skip locked;
locked
select * from locked where locked > 9 for update nowait;
locked
update locked set locked = 4 where locked = 2;
select locked as skip from locked where locked = 4;
skip
4
drop database locked;
create database nowait;
use nowait;
create table nowait (nowait int primary key) engine=innodb;
insert into nowait values (1), (2), (3);
select nowait.nowait.nowait from nowait.nowait where nowait.nowait.nowait = 2;
nowait
2
select nowait as skip from nowait where nowait = 2;
skip
2
select * from nowait where nowait > 9 for update skip locked;
nowait
select * from nowait where nowait > 9 for update nowait;
nowait
update nowait set nowait = 4 where nowait = 2;
select nowait as locked from nowait where nowait = 4;
locked
4
drop database nowait;
use test;
drop table t0, t1, t2, t3, t4;
