drop table if exists t1;
show variables like 'innodb_rollback_on_timeout';
Variable_name	Value
innodb_rollback_on_timeout	ON
create table t1 (a int unsigned not null primary key) engine = innodb;
insert into t1 values (1);
commit;
begin work;
insert into t1 values (2);
select * from t1;
a
1
2
begin work;
insert into t1 values (5);
select * from t1;
a
1
5
insert into t1 values (2);
ERROR HY000: Lock wait timeout exceeded; try restarting transaction: Timeout on record in index: test/t1.PRIMARY
select * from t1;
a
1
commit;
select * from t1;
a
1
2
commit;
select * from t1;
a
1
2
drop table t1;
End of 5.0 tests
