include/master-slave.inc
Warnings:
Note	####	Sending passwords in plain text without SSL/TLS is extremely insecure.
Note	####	Storing MySQL user name or password information in the master info repository is not secure and is therefore not recommended. Please consider using the USER and PASSWORD connection options for START SLAVE; see the 'START SLAVE Syntax' in the MySQL Manual for more information.
[connection master]
SET @@session.show_create_table_contain_privacy_policy = TRUE;
########################################################################
=== Creating table with POLICY!
########################################################################
CREATE TABLE t1 (
id int NOT NULL,
name VARCHAR(30)   NOT NULL DEFAULT '',
PRIMARY KEY (`id`)
) PRIVACY_POLICY='policy_original';
SHOW CREATE TABLE t1;
Table	Create Table
t1	CREATE TABLE `t1` (
  `id` int NOT NULL,
  `name` varchar(30) NOT NULL DEFAULT '',
  PRIMARY KEY (`id`)
) ENGINE=InnoDB DEFAULT CHARSET=utf8mb4 COLLATE=utf8mb4_0900_ai_ci PRIVACY_POLICY='policy_original'
SELECT TABLE_NAME, CREATE_OPTIONS FROM INFORMATION_SCHEMA.TABLES WHERE TABLE_NAME='t1';
TABLE_NAME	CREATE_OPTIONS
t1	privacy_policy="policy_original"
## Connecting to replica
include/sync_slave_sql_with_master.inc
SET @@session.show_create_table_contain_privacy_policy = TRUE;
SHOW CREATE TABLE t1;
Table	Create Table
t1	CREATE TABLE `t1` (
  `id` int NOT NULL,
  `name` varchar(30) NOT NULL DEFAULT '',
  PRIMARY KEY (`id`)
) ENGINE=InnoDB DEFAULT CHARSET=utf8mb4 COLLATE=utf8mb4_0900_ai_ci PRIVACY_POLICY='policy_original'
SELECT TABLE_NAME, CREATE_OPTIONS FROM INFORMATION_SCHEMA.TABLES WHERE TABLE_NAME='t1';
TABLE_NAME	CREATE_OPTIONS
t1	privacy_policy="policy_original"
########################################################################
=== Altering table with POLICY!
########################################################################
## Connecting to primary
ALTER TABLE t1 PRIVACY_POLICY='policy_altered';
ALTER TABLE t1 rename t2;
ALTER TABLE t2 ADD Column new_col int not null;
ALTER TABLE t2 ADD KEY (name(20));
SHOW CREATE TABLE t2;
Table	Create Table
t2	CREATE TABLE `t2` (
  `id` int NOT NULL,
  `name` varchar(30) NOT NULL DEFAULT '',
  `new_col` int NOT NULL,
  PRIMARY KEY (`id`),
  KEY `name` (`name`(20))
) ENGINE=InnoDB DEFAULT CHARSET=utf8mb4 COLLATE=utf8mb4_0900_ai_ci PRIVACY_POLICY='policy_altered'
SELECT TABLE_NAME, CREATE_OPTIONS FROM INFORMATION_SCHEMA.TABLES WHERE TABLE_NAME='t2';
TABLE_NAME	CREATE_OPTIONS
t2	privacy_policy="policy_altered"
include/sync_slave_sql_with_master.inc
## Connecting to replica
SHOW CREATE TABLE t2;
Table	Create Table
t2	CREATE TABLE `t2` (
  `id` int NOT NULL,
  `name` varchar(30) NOT NULL DEFAULT '',
  `new_col` int NOT NULL,
  PRIMARY KEY (`id`),
  KEY `name` (`name`(20))
) ENGINE=InnoDB DEFAULT CHARSET=utf8mb4 COLLATE=utf8mb4_0900_ai_ci PRIVACY_POLICY='policy_altered'
SELECT TABLE_NAME, CREATE_OPTIONS FROM INFORMATION_SCHEMA.TABLES WHERE TABLE_NAME='t2';
TABLE_NAME	CREATE_OPTIONS
t2	privacy_policy="policy_altered"
## Connecting to primary
ALTER TABLE t2 rename t1;
########################################################################
=== Cleanup POLICY!
########################################################################
ALTER TABLE t1 PRIVACY_POLICY='';
SHOW CREATE TABLE t1;
Table	Create Table
t1	CREATE TABLE `t1` (
  `id` int NOT NULL,
  `name` varchar(30) NOT NULL DEFAULT '',
  `new_col` int NOT NULL,
  PRIMARY KEY (`id`),
  KEY `name` (`name`(20))
) ENGINE=InnoDB DEFAULT CHARSET=utf8mb4 COLLATE=utf8mb4_0900_ai_ci
SELECT TABLE_NAME, CREATE_OPTIONS FROM INFORMATION_SCHEMA.TABLES WHERE TABLE_NAME='t1';
TABLE_NAME	CREATE_OPTIONS
t1	
## Connecting to replica
include/sync_slave_sql_with_master.inc
SHOW CREATE TABLE t1;
Table	Create Table
t1	CREATE TABLE `t1` (
  `id` int NOT NULL,
  `name` varchar(30) NOT NULL DEFAULT '',
  `new_col` int NOT NULL,
  PRIMARY KEY (`id`),
  KEY `name` (`name`(20))
) ENGINE=InnoDB DEFAULT CHARSET=utf8mb4 COLLATE=utf8mb4_0900_ai_ci
SELECT TABLE_NAME, CREATE_OPTIONS FROM INFORMATION_SCHEMA.TABLES WHERE TABLE_NAME='t1';
TABLE_NAME	CREATE_OPTIONS
t1	
## Connecting to primary
drop table t1;
include/rpl_end.inc
