drop table if exists t1, t2, t3;
drop view if exists v1;
SET @start_allow_DOCUMENT_type = @@global.allow_DOCUMENT_type;
SELECT @start_allow_DOCUMENT_type;
@start_allow_DOCUMENT_type
1
CREATE TABLE t1 ( a int NOT null,
b char (10) NOT null,
doc DOCUMENT NOT null) engine=innodb;
insert into t1 values (1,'@1','{ "id":101, "name":"Alex", "phone":6507770001, "address":{ "houseNumber":1001, "streetName":"1st", "zipcode":98761, "state":"CA" }, "intstr":"1001", "dt":"1001" }');
insert into t1 values (2,'@2','{ "id":102, "name":"Bob", "phone":6507770002, "address":{ "houseNumber":1002, "streetName":"2nd", "zipcode":98762, "state":"AZ" }, "int64":2222222220123456789, "intstr":"1002", "dt":"0123456789ABCDEFGHIGKLMNOPQRSTUVWXYZ0123456789" }');
insert into t1 values (3,'@3','{ "id":103, "name":"Charlie", "phone":6507770003, "address":{ "houseNumber":1003, "streetName":"3rd", "zipcode":98763, "state":"NY" }, "double":3.94065645841246, "dt":"2014-11-01" }');
insert into t1 values (4,'@1','{ "id":104, "name":"Don", "phone":6507770004, "address":{ "houseNumber":1004, "streetName":"4th", "zipcode":98764, "state":"WA" }, "Children":["Alex", "Bob", "Charlie"] }');
insert into t1 values (5,'@2','{ "id":105, "name":"Evan", "phone":6507770005, "address":{ "houseNumber":1005, "streetName":"5th", "zipcode":98764, "state":"WA" }, "dt":"2014-11-11 11:59:59" }');
insert into t1 values (8,'@1','{ "id":108, "address":{ "zipcode":98768 } }');
insert into t1 values (7,'@3','{ "id":104, "address":{ "zipcode":98767, "state":"NY" } }');
insert into t1 values (6,'@2','{ "id":106, "address":{ "zipcode":98766 } }');
SELECT DOCUMENT('{}') SIMILAR DOCUMENT('{ }');
DOCUMENT('{}') SIMILAR DOCUMENT('{ }')
1
SELECT DOCUMENT('[]') SIMILAR DOCUMENT('[ ]');
DOCUMENT('[]') SIMILAR DOCUMENT('[ ]')
1
SELECT DOCUMENT('[[[]]]') SIMILAR DOCUMENT('[[[]]]');
DOCUMENT('[[[]]]') SIMILAR DOCUMENT('[[[]]]')
1
SELECT DOCUMENT('[[[{}]]]') SIMILAR DOCUMENT('[[[{}]]]');
DOCUMENT('[[[{}]]]') SIMILAR DOCUMENT('[[[{}]]]')
1
SELECT DOCUMENT('{"k1":"v1", "k2":"v2"}') SIMILAR DOCUMENT('{"k2":"v2", "k1":"v1"}');
DOCUMENT('{"k1":"v1", "k2":"v2"}') SIMILAR DOCUMENT('{"k2":"v2", "k1":"v1"}')
1
SELECT DOCUMENT('{"k1"    :"v1", "k2":"v2"}') SIMILAR DOCUMENT('{"k2":"v2", "k1":"v1"}');
DOCUMENT('{"k1"    :"v1", "k2":"v2"}') SIMILAR DOCUMENT('{"k2":"v2", "k1":"v1"}')
1
SELECT DOCUMENT('{"k1":"v1","k2":true,"k3":3}') SIMILAR DOCUMENT('{"k3":3, "k2":true, "k1":"v1"}');
DOCUMENT('{"k1":"v1","k2":true,"k3":3}') SIMILAR DOCUMENT('{"k3":3, "k2":true, "k1":"v1"}')
1
SELECT DOCUMENT('[1, 2, "foo"]') SIMILAR DOCUMENT('[1, 2, "foo"]');
DOCUMENT('[1, 2, "foo"]') SIMILAR DOCUMENT('[1, 2, "foo"]')
1
SELECT DOCUMENT('{"foo": {"k1": 1, "k2": 2}, "foo2": {"k1": 1, "k2": 2}}') SIMILAR DOCUMENT('{"foo2": {"k2": 2, "k1": 1}, "foo": {"k2": 2, "k1": 1}}');
DOCUMENT('{"foo": {"k1": 1, "k2": 2}, "foo2": {"k1": 1, "k2": 2}}') SIMILAR DOCUMENT('{"foo2": {"k2": 2, "k1": 1}, "foo": {"k2": 2, "k1": 1}}')
1
SELECT DOCUMENT('{"k1": [1, "bar", {"k11": "v11", "k12": "v12"}, [{"foo": "bar"}]], "k2": "v2"}') SIMILAR DOCUMENT('{"k2" : "v2", "k1": [1, "bar", {"k12": "v12", "k11": "v11"}, [{"foo": "bar"}]]}');
DOCUMENT('{"k1": [1, "bar", {"k11": "v11", "k12": "v12"}, [{"foo": "bar"}]], "k2": "v2"}') SIMILAR DOCUMENT('{"k2" : "v2", "k1": [1, "bar", {"k12": "v12", "k11": "v11"}, [{"foo": "bar"}]]}')
1
SELECT DOCUMENT('{"k1":"value123"}') SIMILAR DOCUMENT('{"k1":"v%23"}');
DOCUMENT('{"k1":"value123"}') SIMILAR DOCUMENT('{"k1":"v%23"}')
1
SELECT DOCUMENT('{"k1":"value123"}') SIMILAR DOCUMENT('{"k1":"va_ue123"}');
DOCUMENT('{"k1":"value123"}') SIMILAR DOCUMENT('{"k1":"va_ue123"}')
1
SELECT DOCUMENT('{"k":"%"}') SIMILAR DOCUMENT('{"k":"\\\\%"}');
DOCUMENT('{"k":"%"}') SIMILAR DOCUMENT('{"k":"\\\\%"}')
1
SELECT DOCUMENT('{"k":"_"}') SIMILAR DOCUMENT('{"k":"\\\\_"}');
DOCUMENT('{"k":"_"}') SIMILAR DOCUMENT('{"k":"\\\\_"}')
1
SELECT DOCUMENT('{}') NOT SIMILAR DOCUMENT('[]');
DOCUMENT('{}') NOT SIMILAR DOCUMENT('[]')
1
SELECT DOCUMENT('{"k1": "v1", "k2": "v2"}') NOT SIMILAR DOCUMENT('{"k1":"v2", "k2":"v2"}');
DOCUMENT('{"k1": "v1", "k2": "v2"}') NOT SIMILAR DOCUMENT('{"k1":"v2", "k2":"v2"}')
1
SELECT DOCUMENT('[1, 2, 3]') NOT SIMILAR DOCUMENT('[1, 3, 2]');
DOCUMENT('[1, 2, 3]') NOT SIMILAR DOCUMENT('[1, 3, 2]')
1
SELECT DOCUMENT('[1, 2, 3]') NOT SIMILAR DOCUMENT('[1, 2, 3, 4]');
DOCUMENT('[1, 2, 3]') NOT SIMILAR DOCUMENT('[1, 2, 3, 4]')
1
SELECT DOCUMENT('[1, 2, 3, 4]') NOT SIMILAR DOCUMENT('[1, 2, 3]');
DOCUMENT('[1, 2, 3, 4]') NOT SIMILAR DOCUMENT('[1, 2, 3]')
1
SELECT DOCUMENT('{"k1": "v1", "k2": "v2"}') NOT SIMILAR DOCUMENT('{"k1":"v2"}');
DOCUMENT('{"k1": "v1", "k2": "v2"}') NOT SIMILAR DOCUMENT('{"k1":"v2"}')
1
SELECT DOCUMENT('{"k1": "v1"}') NOT SIMILAR DOCUMENT('{"k1":"v1", "k2":"v2"}');
DOCUMENT('{"k1": "v1"}') NOT SIMILAR DOCUMENT('{"k1":"v1", "k2":"v2"}')
1
SELECT DOCUMENT('{"k1":"v%23"}') NOT SIMILAR DOCUMENT('{"k1":"value123"}');
DOCUMENT('{"k1":"v%23"}') NOT SIMILAR DOCUMENT('{"k1":"value123"}')
1
SELECT DOCUMENT('{"k1":"va_ue123"}') NOT SIMILAR DOCUMENT('{"k1":"value123"}');
DOCUMENT('{"k1":"va_ue123"}') NOT SIMILAR DOCUMENT('{"k1":"value123"}')
1
SELECT DOCUMENT('{}') SIMILAR DOCUMENT('[]');
DOCUMENT('{}') SIMILAR DOCUMENT('[]')
0
SELECT DOCUMENT('{"k1": "v1", "k2": "v2"}') SIMILAR DOCUMENT('{"k1":"v2", "k2":"v2"}');
DOCUMENT('{"k1": "v1", "k2": "v2"}') SIMILAR DOCUMENT('{"k1":"v2", "k2":"v2"}')
0
SELECT DOCUMENT('[1, 2, 3]') SIMILAR DOCUMENT('[1, 3, 2]');
DOCUMENT('[1, 2, 3]') SIMILAR DOCUMENT('[1, 3, 2]')
0
SELECT DOCUMENT('[1, 2, 3]') SIMILAR DOCUMENT('[1, 2, 3, 4]');
DOCUMENT('[1, 2, 3]') SIMILAR DOCUMENT('[1, 2, 3, 4]')
0
SELECT DOCUMENT('[1, 2, 3, 4]') SIMILAR DOCUMENT('[1, 2, 3]');
DOCUMENT('[1, 2, 3, 4]') SIMILAR DOCUMENT('[1, 2, 3]')
0
SELECT DOCUMENT('{"k1": "v1", "k2": "v2"}') SIMILAR DOCUMENT('{"k1":"v2"}');
DOCUMENT('{"k1": "v1", "k2": "v2"}') SIMILAR DOCUMENT('{"k1":"v2"}')
0
SELECT DOCUMENT('{"k1": "v1"}') SIMILAR DOCUMENT('{"k1":"v1", "k2":"v2"}');
DOCUMENT('{"k1": "v1"}') SIMILAR DOCUMENT('{"k1":"v1", "k2":"v2"}')
0
SELECT DOCUMENT('{"k1":"v%23"}') SIMILAR DOCUMENT('{"k1":"value123"}');
DOCUMENT('{"k1":"v%23"}') SIMILAR DOCUMENT('{"k1":"value123"}')
0
SELECT DOCUMENT('{"k1":"va_ue123"}') SIMILAR DOCUMENT('{"k1":"value123"}');
DOCUMENT('{"k1":"va_ue123"}') SIMILAR DOCUMENT('{"k1":"value123"}')
0
SELECT DOCUMENT('{}') NOT SIMILAR DOCUMENT('{}');
DOCUMENT('{}') NOT SIMILAR DOCUMENT('{}')
0
SELECT DOCUMENT('[]') NOT SIMILAR DOCUMENT('[]');
DOCUMENT('[]') NOT SIMILAR DOCUMENT('[]')
0
SELECT DOCUMENT('[[[]]]') NOT SIMILAR DOCUMENT('[[[]]]');
DOCUMENT('[[[]]]') NOT SIMILAR DOCUMENT('[[[]]]')
0
SELECT DOCUMENT('[[[{}]]]') NOT SIMILAR DOCUMENT('[[[{}]]]');
DOCUMENT('[[[{}]]]') NOT SIMILAR DOCUMENT('[[[{}]]]')
0
SELECT DOCUMENT('{"k1":"v1", "k2":"v2"}') NOT SIMILAR DOCUMENT('{"k2":"v2", "k1":"v1"}');
DOCUMENT('{"k1":"v1", "k2":"v2"}') NOT SIMILAR DOCUMENT('{"k2":"v2", "k1":"v1"}')
0
SELECT DOCUMENT('{"k1"    :"v1", "k2":"v2"}') NOT SIMILAR DOCUMENT('{"k2":"v2", "k1":"v1"}');
DOCUMENT('{"k1"    :"v1", "k2":"v2"}') NOT SIMILAR DOCUMENT('{"k2":"v2", "k1":"v1"}')
0
SELECT DOCUMENT('{"k1":"v1","k2":true,"k3":3}') NOT SIMILAR DOCUMENT('{"k3":3, "k2":true, "k1":"v1"}');
DOCUMENT('{"k1":"v1","k2":true,"k3":3}') NOT SIMILAR DOCUMENT('{"k3":3, "k2":true, "k1":"v1"}')
0
SELECT DOCUMENT('[1, 2, "foo"]') NOT SIMILAR DOCUMENT('[1, 2, "foo"]');
DOCUMENT('[1, 2, "foo"]') NOT SIMILAR DOCUMENT('[1, 2, "foo"]')
0
SELECT DOCUMENT('{"foo": {"k1": 1, "k2": 2}, "foo2": {"k1": 1, "k2": 2}}') NOT SIMILAR DOCUMENT('{"foo2": {"k2": 2, "k1": 1}, "foo": {"k2": 2, "k1": 1}}');
DOCUMENT('{"foo": {"k1": 1, "k2": 2}, "foo2": {"k1": 1, "k2": 2}}') NOT SIMILAR DOCUMENT('{"foo2": {"k2": 2, "k1": 1}, "foo": {"k2": 2, "k1": 1}}')
0
SELECT DOCUMENT('{"k1": [1, "bar", {"k11": "v11", "k12": "v12"}, [{"foo": "bar"}]], "k2": "v2"}') NOT SIMILAR DOCUMENT('{"k2" : "v2", "k1": [1, "bar", {"k12": "v12", "k11": "v11"}, [{"foo": "bar"}]]}');
DOCUMENT('{"k1": [1, "bar", {"k11": "v11", "k12": "v12"}, [{"foo": "bar"}]], "k2": "v2"}') NOT SIMILAR DOCUMENT('{"k2" : "v2", "k1": [1, "bar", {"k12": "v12", "k11": "v11"}, [{"foo": "bar"}]]}')
0
SELECT DOCUMENT('{"k1":"value123"}') NOT SIMILAR DOCUMENT('{"k1":"v%23"}');
DOCUMENT('{"k1":"value123"}') NOT SIMILAR DOCUMENT('{"k1":"v%23"}')
0
SELECT DOCUMENT('{"k1":"value123"}') NOT SIMILAR DOCUMENT('{"k1":"va_ue123"}');
DOCUMENT('{"k1":"value123"}') NOT SIMILAR DOCUMENT('{"k1":"va_ue123"}')
0
SELECT DOCUMENT('{"k":"%"}') NOT SIMILAR DOCUMENT('{"k":"\\\\%"}');
DOCUMENT('{"k":"%"}') NOT SIMILAR DOCUMENT('{"k":"\\\\%"}')
0
SELECT DOCUMENT('{"k":"_"}') NOT SIMILAR DOCUMENT('{"k":"\\\\_"}');
DOCUMENT('{"k":"_"}') NOT SIMILAR DOCUMENT('{"k":"\\\\_"}')
0
SELECT DOCUMENT('{"1":"1"}') SIMILAR '{"1":"1"}';
ERROR HY000: Incorrect arguments to COMPARE DOCUMENT TYPES
SELECT DOCUMENT('[1]') SIMILAR 1;
ERROR HY000: Incorrect arguments to COMPARE DOCUMENT TYPES
SELECT '[1]' SIMILAR DOCUMENT('[1]');
ERROR HY000: Incorrect arguments to COMPARE DOCUMENT TYPES
SELECT 1 SIMILAR DOCUMENT('[1]');
ERROR HY000: Incorrect arguments to COMPARE DOCUMENT TYPES
SELECT 1 SIMILAR 1;
ERROR HY000: Incorrect arguments to COMPARE DOCUMENT TYPES
SELECT doc SIMILAR '' FROM t1;
ERROR HY000: Incorrect arguments to COMPARE DOCUMENT TYPES
SELECT doc.address SIMILAR '' FROM t1;
ERROR HY000: Incorrect arguments to COMPARE DOCUMENT TYPES
SELECT doc SIMILAR 2 FROM t1;
ERROR HY000: Incorrect arguments to COMPARE DOCUMENT TYPES
SELECT doc.address SIMILAR 2 FROM t1;
ERROR HY000: Incorrect arguments to COMPARE DOCUMENT TYPES
SELECT '' SIMILAR doc FROM t1;
ERROR HY000: Incorrect arguments to COMPARE DOCUMENT TYPES
SELECT '' SIMILAR doc.address FROM t1;
ERROR HY000: Incorrect arguments to COMPARE DOCUMENT TYPES
SELECT 2 SIMILAR doc FROM t1;
ERROR HY000: Incorrect arguments to COMPARE DOCUMENT TYPES
SELECT 2 SIMILAR doc.address FROM t1;
ERROR HY000: Incorrect arguments to COMPARE DOCUMENT TYPES
CREATE TABLE t2 ( a int NOT null,
b char (10) NOT null,
doc DOCUMENT NOT null) engine=innodb;
insert into t2 values (8,'@1','{ "id":108, "address":{ "zipcode":98761}, "addr":{"zipcode":98761}}');
insert into t2 values (10,'@10','{"zipcode":98761}');
insert into t2 values (7,'@3','{ "id":104, "address":{ "state":"NY", "zipcode":98767 } }');
insert into t2 values (6,'@2','{ "id":106, "address":{"zipcode":98766, "state":"CA"} }');
insert into t2 values (6,'@2','{ "id":110, "address":{"zipcode":98767, "state":"NY"}}');
SELECT DOCUMENT('{"1": "1", "2": "2"}') SIMILAR DOCUMENT('{"2": "2", "1":"1"}');
DOCUMENT('{"1": "1", "2": "2"}') SIMILAR DOCUMENT('{"2": "2", "1":"1"}')
1
SELECT DOCUMENT('{ "zipcode":98767, "state":"NY" }') SIMILAR doc.address FROM t2;
DOCUMENT('{ "zipcode":98767, "state":"NY" }') SIMILAR doc.address
0
0
1
0
1
SELECT DOCUMENT('{ "address":{ "zipcode":98761}, "addr":{"zipcode":98761}, "id":108 }') SIMILAR doc FROM t2;
DOCUMENT('{ "address":{ "zipcode":98761}, "addr":{"zipcode":98761}, "id":108 }') SIMILAR doc
1
0
0
0
0
SELECT doc.address SIMILAR DOCUMENT('{ "zipcode":98767, "state":"NY" }') FROM t2;
doc.address SIMILAR DOCUMENT('{ "zipcode":98767, "state":"NY" }')
0
0
1
0
1
SELECT doc.address SIMILAR doc.addr FROM t2;
doc.address SIMILAR doc.addr
1
0
0
0
0
SELECT doc.address SIMILAR doc FROM t2;
doc.address SIMILAR doc
0
0
0
0
0
SELECT doc SIMILAR DOCUMENT('{ "address":{ "zipcode":98761}, "id":108, "addr":{"zipcode":98761}}') FROM t2;
doc SIMILAR DOCUMENT('{ "address":{ "zipcode":98761}, "id":108, "addr":{"zipcode":98761}}')
1
0
0
0
0
SELECT doc SIMILAR doc.addr FROM t2;
doc SIMILAR doc.addr
0
0
0
0
0
SELECT doc SIMILAR doc FROM t2;
doc SIMILAR doc
1
1
1
1
1
SELECT doc.id FROM t2 WHERE DOCUMENT('{"1": "1", "2": "2"}') SIMILAR DOCUMENT('{"2": "2", "1":"1"}');
`doc`.`id`
108
NULL
104
106
110
SELECT doc.id FROM t2 WHERE DOCUMENT('{ "zipcode":98767, "state":"NY" }') SIMILAR doc.address;
`doc`.`id`
104
110
SELECT doc.id FROM t2 WHERE DOCUMENT('{ "address":{ "zipcode":98761}, "addr":{"zipcode":98761}, "id":108 }') SIMILAR doc;
`doc`.`id`
108
SELECT doc.id FROM t2 WHERE doc.address SIMILAR DOCUMENT('{ "zipcode":98767, "state":"NY" }');
`doc`.`id`
104
110
SELECT doc.id FROM t2 WHERE doc.address SIMILAR doc.addr;
`doc`.`id`
108
SELECT doc.id FROM t2 WHERE doc.address SIMILAR doc;
`doc`.`id`
SELECT doc.id FROM t2 WHERE doc SIMILAR DOCUMENT('{ "address":{ "zipcode":98761}, "id":108, "addr":{"zipcode":98761}}');
`doc`.`id`
108
SELECT doc.id FROM t2 WHERE doc SIMILAR doc.addr;
`doc`.`id`
SELECT doc.id FROM t2 WHERE doc SIMILAR doc;
`doc`.`id`
108
NULL
104
106
110
SELECT doc.id FROM t2 HAVING DOCUMENT('{"1": "1", "2": "2"}') SIMILAR DOCUMENT('{"2": "2", "1":"1"}');
`doc`.`id`
108
NULL
104
106
110
SELECT doc.address FROM t2 HAVING DOCUMENT('{ "zipcode":98767, "state":"NY" }') SIMILAR doc.address;
`doc`.`address`
{"state":"NY","zipcode":98767}
{"zipcode":98767,"state":"NY"}
SELECT doc FROM t2 HAVING DOCUMENT('{ "address":{ "zipcode":98761}, "addr":{"zipcode":98761}, "id":108 }') SIMILAR doc;
doc
{"id":108,"address":{"zipcode":98761},"addr":{"zipcode":98761}}
SELECT doc.address FROM t2 HAVING doc.address SIMILAR DOCUMENT('{ "zipcode":98767, "state":"NY" }');
`doc`.`address`
{"state":"NY","zipcode":98767}
{"zipcode":98767,"state":"NY"}
SELECT doc.address, doc.addr FROM t2 HAVING doc.address SIMILAR doc.addr;
`doc`.`address`	`doc`.`addr`
{"zipcode":98761}	{"zipcode":98761}
SELECT doc, doc.address FROM t2 HAVING doc.address SIMILAR doc;
doc	`doc`.`address`
SELECT doc FROM t2 HAVING doc SIMILAR DOCUMENT('{ "address":{ "zipcode":98761}, "id":108, "addr":{"zipcode":98761}}');
doc
{"id":108,"address":{"zipcode":98761},"addr":{"zipcode":98761}}
SELECT doc, doc.addr FROM t2 HAVING doc SIMILAR doc.addr;
doc	`doc`.`addr`
SELECT doc FROM t2 HAVING doc SIMILAR doc;
doc
{"id":108,"address":{"zipcode":98761},"addr":{"zipcode":98761}}
{"zipcode":98761}
{"id":104,"address":{"state":"NY","zipcode":98767}}
{"id":106,"address":{"zipcode":98766,"state":"CA"}}
{"id":110,"address":{"zipcode":98767,"state":"NY"}}
SELECT t1.doc.id, t2.doc.id 
FROM t1 JOIN t2
ON DOCUMENT('{"1": "1", "2": "2"}') SIMILAR DOCUMENT('{"2": "2", "1":"1"}');
`doc`.`id`	`doc`.`id`
101	108
101	NULL
101	104
101	106
101	110
102	108
102	NULL
102	104
102	106
102	110
103	108
103	NULL
103	104
103	106
103	110
104	108
104	NULL
104	104
104	106
104	110
105	108
105	NULL
105	104
105	106
105	110
108	108
108	NULL
108	104
108	106
108	110
104	108
104	NULL
104	104
104	106
104	110
106	108
106	NULL
106	104
106	106
106	110
SELECT t1.doc.id, t2.doc.id 
FROM t1 JOIN t2 
ON DOCUMENT('{ "zipcode":98767, "state":"NY" }') SIMILAR t2.doc.address;
`doc`.`id`	`doc`.`id`
101	104
101	110
102	104
102	110
103	104
103	110
104	104
104	110
105	104
105	110
108	104
108	110
104	104
104	110
106	104
106	110
SELECT t1.doc.id, t2.doc.id 
FROM t1 JOIN t2
ON DOCUMENT('{ "address":{ "zipcode":98761}, "addr":{"zipcode":98761}, "id":108 }') SIMILAR t2.doc;
`doc`.`id`	`doc`.`id`
101	108
102	108
103	108
104	108
105	108
108	108
104	108
106	108
SELECT t1.doc.id, t2.doc.id 
FROM t1 JOIN t2
ON t2.doc.address SIMILAR DOCUMENT('{ "zipcode":98767, "state":"NY" }');
`doc`.`id`	`doc`.`id`
101	104
101	110
102	104
102	110
103	104
103	110
104	104
104	110
105	104
105	110
108	104
108	110
104	104
104	110
106	104
106	110
SELECT t1.doc.id, t2.doc.id
FROM t1 JOIN t2
ON t1.doc.address SIMILAR t2.doc.addr;
`doc`.`id`	`doc`.`id`
SELECT t1.doc.id, t2.doc.id
FROM t1 JOIN t2
ON t1.doc.address SIMILAR t2.doc;
`doc`.`id`	`doc`.`id`
SELECT t1.doc.id, t2.doc.id 
FROM t1 JOIN t2
ON t2.doc SIMILAR DOCUMENT('{ "address":{ "zipcode":98761}, "id":108, "addr":{"zipcode":98761}}');
`doc`.`id`	`doc`.`id`
101	108
102	108
103	108
104	108
105	108
108	108
104	108
106	108
SELECT t1.doc.id, t2.doc.id
FROM t1 JOIN t2
ON t1.doc SIMILAR t2.doc.addr;
`doc`.`id`	`doc`.`id`
SELECT t1.doc.id, t2.doc.id
FROM t1 JOIN t2
ON t1.doc SIMILAR t2.doc;
`doc`.`id`	`doc`.`id`
104	104
SELECT t1.doc.id, t2.doc.id
FROM t1 JOIN t2
ON t1.doc.address SIMILAR t2.doc.address;
`doc`.`id`	`doc`.`id`
104	104
104	110
SELECT t1.doc.id, t2.doc.id
FROM t1 JOIN t2
ON t1.doc.address NOT SIMILAR t2.doc.address;
`doc`.`id`	`doc`.`id`
101	108
101	NULL
101	104
101	106
101	110
102	108
102	NULL
102	104
102	106
102	110
103	108
103	NULL
103	104
103	106
103	110
104	108
104	NULL
104	104
104	106
104	110
105	108
105	NULL
105	104
105	106
105	110
108	108
108	NULL
108	104
108	106
108	110
104	108
104	NULL
104	106
106	108
106	NULL
106	104
106	106
106	110
SELECT doc.id FROM (SELECT * FROM t2 WHERE DOCUMENT('{"1": "1", "2": "2"}') SIMILAR DOCUMENT('{"2": "2", "1":"1"}')) temp;
`doc`.`id`
108
NULL
104
106
110
SELECT doc.id FROM (SELECT * FROM t2 WHERE DOCUMENT('{ "zipcode":98767, "state":"NY" }') SIMILAR doc.address) temp;
`doc`.`id`
104
110
SELECT doc.id FROM (SELECT * FROM t2 WHERE DOCUMENT('{ "address":{ "zipcode":98761}, "addr":{"zipcode":98761}, "id":108 }') SIMILAR doc) temp;
`doc`.`id`
108
SELECT doc.id FROM (SELECT * FROM t2 WHERE doc.address SIMILAR DOCUMENT('{ "zipcode":98767, "state":"NY" }')) temp;
`doc`.`id`
104
110
SELECT doc.id FROM (SELECT * FROM t2 WHERE doc.address SIMILAR doc.addr) temp;
`doc`.`id`
108
SELECT doc.id FROM (SELECT * FROM t2 WHERE doc.address SIMILAR doc) temp;
`doc`.`id`
SELECT doc.id FROM (SELECT * FROM t2 WHERE doc SIMILAR DOCUMENT('{ "address":{ "zipcode":98761}, "id":108, "addr":{"zipcode":98761}}')) temp;
`doc`.`id`
108
SELECT doc.id FROM (SELECT * FROM t2 WHERE doc SIMILAR doc.addr) temp;
`doc`.`id`
SELECT doc.id FROM (SELECT * FROM t2 WHERE doc SIMILAR doc) temp;
`doc`.`id`
108
NULL
104
106
110
SELECT temp.doc.id
FROM (SELECT * FROM t2 WHERE doc.address SIMILAR DOCUMENT('{"state":"NY", "zipcode":98767}')) temp;
`doc`.`id`
104
110
SELECT temp.doc.id
FROM (SELECT * FROM t2 WHERE doc.address NOT SIMILAR DOCUMENT('{"state":"NY", "zipcode":98767}')) temp;
`doc`.`id`
108
NULL
106
CREATE VIEW v1 AS
(SELECT * FROM t2 WHERE doc.address SIMILAR DOCUMENT('{"state":"NY", "zipcode":98767}'));
SELECT * FROM v1;
a	b	doc
7	@3	{"id":104,"address":{"state":"NY","zipcode":98767}}
6	@2	{"id":110,"address":{"zipcode":98767,"state":"NY"}}
DROP VIEW v1;
CREATE VIEW v1 AS
(SELECT * FROM t2 WHERE doc.address NOT SIMILAR DOCUMENT('{"state":"NY", "zipcode":98767}'));
SELECT * FROM v1;
a	b	doc
8	@1	{"id":108,"address":{"zipcode":98761},"addr":{"zipcode":98761}}
10	@10	{"zipcode":98761}
6	@2	{"id":106,"address":{"zipcode":98766,"state":"CA"}}
DROP VIEW v1;
CREATE TABLE t3 ( a int NOT null,
b char (10) NOT null,
doc DOCUMENT NOT null) engine=innodb;
insert into t3 values (1,'@1','{ "id":101, "addr":{"state":"California"}}');
insert into t3 values (2,'@2','{ "id":102, "addr":{"symbol":"%"}}');
insert into t3 values (3,'@3','{ "id":103, "addr":{"symbol":"_"}}');
insert into t3 values (4,'@4','{ "id":104, "k1":{"k2": ["wildcard", "array"]}}');
SELECT doc.id FROM t3 WHERE doc SIMILAR DOCUMENT('{"id":101, "addr":{"state":"Ca%a"}}');
`doc`.`id`
101
SELECT doc.id FROM t3 WHERE doc SIMILAR DOCUMENT('{"id":101, "addr":{"state":"Ca%ni_"}}');
`doc`.`id`
101
SELECT doc.id FROM t3 WHERE doc.addr SIMILAR DOCUMENT('{"state":"C%nia"}');
`doc`.`id`
101
SELECT doc.id FROM t3 WHERE doc.addr SIMILAR DOCUMENT('{"state":"C_lifornia"}');
`doc`.`id`
101
SELECT doc.id FROM t3 WHERE doc.k1 SIMILAR DOCUMENT('{"k2": ["wi%rd", "arr_y"] }');
`doc`.`id`
104
SELECT doc.id FROM t3 WHERE doc.k1.k2 SIMILAR DOCUMENT('["wi%rd", "arr_y"]');
`doc`.`id`
104
SELECT doc.id FROM t3 WHERE doc.addr SIMILAR DOCUMENT('{"symbol":"\\\\%"}');
`doc`.`id`
102
SELECT doc.id FROM t3 WHERE doc.addr SIMILAR DOCUMENT('{"symbol":"\\\\_"}');
`doc`.`id`
103
SELECT doc.id FROM t3 WHERE doc SIMILAR DOCUMENT('{"i_":101, "addr":{"state":"Ca%ni_"}}');
`doc`.`id`
SELECT doc.id FROM t3 WHERE doc.addr SIMILAR DOCUMENT('{"s%te":"C_lifornia"}');
`doc`.`id`
drop table t1, t2, t3;
