drop table if exists t1, t2, t3;
drop view if exists v1;
SET @start_allow_DOCUMENT_type = @@global.allow_DOCUMENT_type;
SELECT @start_allow_DOCUMENT_type;
@start_allow_DOCUMENT_type
1
CREATE TABLE t1 ( a int NOT null,
b char (10) NOT null,
doc DOCUMENT NOT null) engine=innodb;
insert into t1 values (1,'@1','{ "id":101, "name":"Alex", "phone":6507770001, "address":{ "houseNumber":1001, "streetName":"1st", "zipcode":98761, "state":"CA" }, "intstr":"1001", "dt":"1001" }');
insert into t1 values (2,'@2','{ "id":102, "name":"Bob", "phone":6507770002, "address":{ "houseNumber":1002, "streetName":"2nd", "zipcode":98762, "state":"AZ" }, "int64":2222222220123456789, "intstr":"1002", "dt":"0123456789ABCDEFGHIGKLMNOPQRSTUVWXYZ0123456789" }');
insert into t1 values (3,'@3','{ "id":103, "name":"Charlie", "phone":6507770003, "address":{ "houseNumber":1003, "streetName":"3rd", "zipcode":98763, "state":"NY" }, "double":3.94065645841246, "dt":"2014-11-01" }');
insert into t1 values (4,'@1','{ "id":104, "name":"Don", "phone":6507770004, "address":{ "houseNumber":1004, "streetName":"4th", "zipcode":98764, "state":"WA" }, "Children":["Alex", "Bob", "Charlie"] }');
insert into t1 values (5,'@2','{ "id":105, "name":"Evan", "phone":6507770005, "address":{ "houseNumber":1005, "streetName":"5th", "zipcode":98764, "state":"WA" }, "dt":"2014-11-11 11:59:59" }');
insert into t1 values (8,'@1','{ "id":108, "address":{ "zipcode":98768 } }');
insert into t1 values (7,'@3','{ "id":104, "address":{ "zipcode":98767, "state":"NY" } }');
insert into t1 values (6,'@2','{ "id":106, "address":{ "zipcode":98766 } }');
CREATE TABLE t2 ( a int NOT null,
b char (10) NOT null,
doc DOCUMENT NOT null) engine=innodb;
insert into t2 values (8,'@1','{ "id":108, "address":{ "zipcode":98761} }');
insert into t2 values (7,'@3','{ "id":104, "address":{ "state":"NY", "zipcode":98767 } }');
insert into t2 values (6,'@2','{ "id":106, "address":{"zipcode":98766, "state":"CA"} }');
insert into t2 values (6,'@2','{ "id":110, "address":{"zipcode":98767, "state":"NY"}, "addr":{"zipcode":98767, "state":"NY"}}');
SELECT DOCUMENT('{}') SUBDOC DOCUMENT('{}');
DOCUMENT('{}') SUBDOC DOCUMENT('{}')
1
SELECT DOCUMENT('{}') SUBDOC DOCUMENT('{"k":"v"}');
DOCUMENT('{}') SUBDOC DOCUMENT('{"k":"v"}')
1
SELECT DOCUMENT('{"k1": "v1"}') SUBDOC DOCUMENT('{"k1":"v1", "k2":"v2"}');
DOCUMENT('{"k1": "v1"}') SUBDOC DOCUMENT('{"k1":"v1", "k2":"v2"}')
1
SELECT DOCUMENT('{"k2": "v2"}') SUBDOC DOCUMENT('{"k1":"v1", "k2":"v2"}');
DOCUMENT('{"k2": "v2"}') SUBDOC DOCUMENT('{"k1":"v1", "k2":"v2"}')
1
SELECT DOCUMENT('{"k1": "v1", "k2":"v2"}') SUBDOC DOCUMENT('{"k3": [1, 2], "k2":"v2", "k1":"v1"}');
DOCUMENT('{"k1": "v1", "k2":"v2"}') SUBDOC DOCUMENT('{"k3": [1, 2], "k2":"v2", "k1":"v1"}')
1
SELECT DOCUMENT('{"k1": {"foo":"bar"}}') SUBDOC DOCUMENT('{"k2": 1, "k1":{"foo":"bar"}}');
DOCUMENT('{"k1": {"foo":"bar"}}') SUBDOC DOCUMENT('{"k2": 1, "k1":{"foo":"bar"}}')
1
SELECT DOCUMENT('{"k1":"v%23"}') SUBDOC DOCUMENT('{"k1":"value123", "k2":"v2"}');
DOCUMENT('{"k1":"v%23"}') SUBDOC DOCUMENT('{"k1":"value123", "k2":"v2"}')
1
SELECT DOCUMENT('{"k1":"va_ue123"}') SUBDOC DOCUMENT('{"k2":"v2", "k1":"value123"}');
DOCUMENT('{"k1":"va_ue123"}') SUBDOC DOCUMENT('{"k2":"v2", "k1":"value123"}')
1
SELECT DOCUMENT('{"k":"\\\\%"}') SUBDOC DOCUMENT('{"k":"%"}');
DOCUMENT('{"k":"\\\\%"}') SUBDOC DOCUMENT('{"k":"%"}')
1
SELECT DOCUMENT('{"k":"\\\\_"}') SUBDOC DOCUMENT('{"k":"_"}');
DOCUMENT('{"k":"\\\\_"}') SUBDOC DOCUMENT('{"k":"_"}')
1
SELECT DOCUMENT('{"k":"v"}') NOT SUBDOC DOCUMENT('{}');
DOCUMENT('{"k":"v"}') NOT SUBDOC DOCUMENT('{}')
1
SELECT DOCUMENT('{}') NOT SUBDOC DOCUMENT('[]');
DOCUMENT('{}') NOT SUBDOC DOCUMENT('[]')
1
SELECT DOCUMENT('[]') NOT SUBDOC DOCUMENT('[]');
DOCUMENT('[]') NOT SUBDOC DOCUMENT('[]')
1
SELECT DOCUMENT('[1, 2, 3]') NOT SUBDOC DOCUMENT('{"k": [1, 2, 3]}');
DOCUMENT('[1, 2, 3]') NOT SUBDOC DOCUMENT('{"k": [1, 2, 3]}')
1
SELECT DOCUMENT('{"k":{"k1":"v1"}}') NOT SUBDOC DOCUMENT('{"k":{}}');
DOCUMENT('{"k":{"k1":"v1"}}') NOT SUBDOC DOCUMENT('{"k":{}}')
1
SELECT DOCUMENT('{"k1":"value123"}') NOT SUBDOC DOCUMENT('{"k1":"v%23", "k2":"v2"}');
DOCUMENT('{"k1":"value123"}') NOT SUBDOC DOCUMENT('{"k1":"v%23", "k2":"v2"}')
1
SELECT DOCUMENT('{"k1":"value123"}') NOT SUBDOC DOCUMENT('{"k1":"va_ue123", "k2":"v2"}');
DOCUMENT('{"k1":"value123"}') NOT SUBDOC DOCUMENT('{"k1":"va_ue123", "k2":"v2"}')
1
SELECT DOCUMENT('{"k":"v"}') SUBDOC DOCUMENT('{}');
DOCUMENT('{"k":"v"}') SUBDOC DOCUMENT('{}')
0
SELECT DOCUMENT('{}') SUBDOC DOCUMENT('[]');
DOCUMENT('{}') SUBDOC DOCUMENT('[]')
0
SELECT DOCUMENT('[]') SUBDOC DOCUMENT('[]');
DOCUMENT('[]') SUBDOC DOCUMENT('[]')
0
SELECT DOCUMENT('[1, 2, 3]') SUBDOC DOCUMENT('{"k": [1, 2, 3]}');
DOCUMENT('[1, 2, 3]') SUBDOC DOCUMENT('{"k": [1, 2, 3]}')
0
SELECT DOCUMENT('{"k":{"k1":"v1"}}') SUBDOC DOCUMENT('{"k":{}}');
DOCUMENT('{"k":{"k1":"v1"}}') SUBDOC DOCUMENT('{"k":{}}')
0
SELECT DOCUMENT('{"k1":"value123"}') SUBDOC DOCUMENT('{"k1":"v%23", "k2":"v2"}');
DOCUMENT('{"k1":"value123"}') SUBDOC DOCUMENT('{"k1":"v%23", "k2":"v2"}')
0
SELECT DOCUMENT('{"k1":"value123"}') SUBDOC DOCUMENT('{"k1":"va_ue123", "k2":"v2"}');
DOCUMENT('{"k1":"value123"}') SUBDOC DOCUMENT('{"k1":"va_ue123", "k2":"v2"}')
0
SELECT DOCUMENT('{}') NOT SUBDOC DOCUMENT('{}');
DOCUMENT('{}') NOT SUBDOC DOCUMENT('{}')
0
SELECT DOCUMENT('{}') NOT SUBDOC DOCUMENT('{"k":"v"}');
DOCUMENT('{}') NOT SUBDOC DOCUMENT('{"k":"v"}')
0
SELECT DOCUMENT('{"k1": "v1"}') NOT SUBDOC DOCUMENT('{"k1":"v1", "k2":"v2"}');
DOCUMENT('{"k1": "v1"}') NOT SUBDOC DOCUMENT('{"k1":"v1", "k2":"v2"}')
0
SELECT DOCUMENT('{"k2": "v2"}') NOT SUBDOC DOCUMENT('{"k1":"v1", "k2":"v2"}');
DOCUMENT('{"k2": "v2"}') NOT SUBDOC DOCUMENT('{"k1":"v1", "k2":"v2"}')
0
SELECT DOCUMENT('{"k1": "v1", "k2":"v2"}') NOT SUBDOC DOCUMENT('{"k3": [1, 2], "k2":"v2", "k1":"v1"}');
DOCUMENT('{"k1": "v1", "k2":"v2"}') NOT SUBDOC DOCUMENT('{"k3": [1, 2], "k2":"v2", "k1":"v1"}')
0
SELECT DOCUMENT('{"k1": {"foo":"bar"}}') NOT SUBDOC DOCUMENT('{"k2": 1, "k1":{"foo":"bar"}}');
DOCUMENT('{"k1": {"foo":"bar"}}') NOT SUBDOC DOCUMENT('{"k2": 1, "k1":{"foo":"bar"}}')
0
SELECT DOCUMENT('{"k1":"v%23"}') NOT SUBDOC DOCUMENT('{"k1":"value123", "k2":"v2"}');
DOCUMENT('{"k1":"v%23"}') NOT SUBDOC DOCUMENT('{"k1":"value123", "k2":"v2"}')
0
SELECT DOCUMENT('{"k1":"va_ue123"}') NOT SUBDOC DOCUMENT('{"k2":"v2", "k1":"value123"}');
DOCUMENT('{"k1":"va_ue123"}') NOT SUBDOC DOCUMENT('{"k2":"v2", "k1":"value123"}')
0
SELECT DOCUMENT('{"k":"\\\\%"}') NOT SUBDOC DOCUMENT('{"k":"%"}');
DOCUMENT('{"k":"\\\\%"}') NOT SUBDOC DOCUMENT('{"k":"%"}')
0
SELECT DOCUMENT('{"k":"\\\\_"}') NOT SUBDOC DOCUMENT('{"k":"_"}');
DOCUMENT('{"k":"\\\\_"}') NOT SUBDOC DOCUMENT('{"k":"_"}')
0
SELECT DOCUMENT('{}') SUBDOC '{}';
ERROR HY000: Incorrect arguments to COMPARE DOCUMENT TYPES
SELECT '{}' SUBDOC DOCUMENT('{}');
ERROR HY000: Incorrect arguments to COMPARE DOCUMENT TYPES
SELECT DOCUMENT('{}') SUBDOC 1;
ERROR HY000: Incorrect arguments to COMPARE DOCUMENT TYPES
SELECT 1 SUBDOC DOCUMENT('{}');
ERROR HY000: Incorrect arguments to COMPARE DOCUMENT TYPES
SELECT doc SUBDOC '{}' FROM t1;
ERROR HY000: Incorrect arguments to COMPARE DOCUMENT TYPES
SELECT '{}' SUBDOC doc FROM t1;
ERROR HY000: Incorrect arguments to COMPARE DOCUMENT TYPES
SELECT doc SUBDOC 1 FROM t1;
ERROR HY000: Incorrect arguments to COMPARE DOCUMENT TYPES
SELECT 1 SUBDOC doc FROM t1;
ERROR HY000: Incorrect arguments to COMPARE DOCUMENT TYPES
SELECT doc.address SUBDOC '{}' FROM t1;
ERROR HY000: Incorrect arguments to COMPARE DOCUMENT TYPES
SELECT '{}' SUBDOC doc.address FROM t1;
ERROR HY000: Incorrect arguments to COMPARE DOCUMENT TYPES
SELECT doc.address SUBDOC 1 FROM t1;
ERROR HY000: Incorrect arguments to COMPARE DOCUMENT TYPES
SELECT 1 SUBDOC doc.address FROM t1;
ERROR HY000: Incorrect arguments to COMPARE DOCUMENT TYPES
SELECT DOCUMENT('{}') SUBDOC DOCUMENT('{"k":"v"}');
DOCUMENT('{}') SUBDOC DOCUMENT('{"k":"v"}')
1
SELECT DOCUMENT('{"state":"NY"}') SUBDOC doc.address FROM t2;
DOCUMENT('{"state":"NY"}') SUBDOC doc.address
0
1
0
1
SELECT DOCUMENT('{"id":108}') SUBDOC doc FROM t2;
DOCUMENT('{"id":108}') SUBDOC doc
1
0
0
0
SELECT doc.address SUBDOC DOCUMENT('{"zipcode":98761, "k":"v"}') FROM t2;
doc.address SUBDOC DOCUMENT('{"zipcode":98761, "k":"v"}')
1
0
0
0
SELECT doc.address SUBDOC doc.addr FROM t2;
doc.address SUBDOC doc.addr
0
0
0
1
SELECT doc.address SUBDOC doc FROM t2;
doc.address SUBDOC doc
0
0
0
0
SELECT doc SUBDOC DOCUMENT('{ "id":108, "address":{ "zipcode":98761}, "k":"v"}') FROM t2;
doc SUBDOC DOCUMENT('{ "id":108, "address":{ "zipcode":98761}, "k":"v"}')
1
0
0
0
SELECT doc SUBDOC doc.address FROM t2;
doc SUBDOC doc.address
0
0
0
0
SELECT doc SUBDOC doc FROM t2;
doc SUBDOC doc
1
1
1
1
SELECT doc.id FROM t2 WHERE DOCUMENT('{}') SUBDOC DOCUMENT('{"k":"v"}');
`doc`.`id`
108
104
106
110
SELECT doc.id FROM t2 WHERE DOCUMENT('{"state":"NY"}') SUBDOC doc.address;
`doc`.`id`
104
110
SELECT doc.id FROM t2 WHERE DOCUMENT('{"id":108}') SUBDOC doc;
`doc`.`id`
108
SELECT doc.id FROM t2 WHERE doc.address SUBDOC DOCUMENT('{"zipcode":98761, "k":"v"}');
`doc`.`id`
108
SELECT doc.id FROM t2 WHERE doc.address SUBDOC doc.addr;
`doc`.`id`
110
SELECT doc.id FROM t2 WHERE doc.address SUBDOC doc;
`doc`.`id`
SELECT doc.id FROM t2 WHERE doc SUBDOC DOCUMENT('{ "id":108, "address":{ "zipcode":98761}, "k":"v"}');
`doc`.`id`
108
SELECT doc.id FROM t2 WHERE doc SUBDOC doc.address;
`doc`.`id`
SELECT doc.id FROM t2 WHERE doc SUBDOC doc;
`doc`.`id`
108
104
106
110
SELECT b FROM t1 WHERE DOCUMENT('{"state": "WA"}') SUBDOC doc.address;
b
@1
@2
SELECT doc.name FROM t1 WHERE DOCUMENT('{"name": "Evan"}') NOT SUBDOC doc;
`doc`.`name`
Alex
Bob
Charlie
Don
NULL
NULL
NULL
SELECT doc.id FROM t2 HAVING DOCUMENT('{}') SUBDOC DOCUMENT('{"k":"v"}');
`doc`.`id`
108
104
106
110
SELECT doc.address FROM t2 HAVING DOCUMENT('{"state":"NY"}') SUBDOC doc.address;
`doc`.`address`
{"state":"NY","zipcode":98767}
{"zipcode":98767,"state":"NY"}
SELECT doc FROM t2 HAVING DOCUMENT('{"id":108}') SUBDOC doc;
doc
{"id":108,"address":{"zipcode":98761}}
SELECT doc.address FROM t2 HAVING doc.address SUBDOC DOCUMENT('{"zipcode":98761, "k":"v"}');
`doc`.`address`
{"zipcode":98761}
SELECT doc.address, doc.addr FROM t2 HAVING doc.address SUBDOC doc.addr;
`doc`.`address`	`doc`.`addr`
{"zipcode":98767,"state":"NY"}	{"zipcode":98767,"state":"NY"}
SELECT doc, doc.address FROM t2 HAVING doc.address SUBDOC doc;
doc	`doc`.`address`
SELECT doc FROM t2 HAVING doc SUBDOC DOCUMENT('{ "id":108, "address":{ "zipcode":98761}, "k":"v"}');
doc
{"id":108,"address":{"zipcode":98761}}
SELECT doc, doc.address FROM t2 HAVING doc SUBDOC doc.address;
doc	`doc`.`address`
SELECT doc FROM t2 HAVING doc SUBDOC doc;
doc
{"id":108,"address":{"zipcode":98761}}
{"id":104,"address":{"state":"NY","zipcode":98767}}
{"id":106,"address":{"zipcode":98766,"state":"CA"}}
{"id":110,"address":{"zipcode":98767,"state":"NY"},"addr":{"zipcode":98767,"state":"NY"}}
SELECT doc.address FROM t1 HAVING DOCUMENT('{"state": "WA"}') SUBDOC doc.address;
`doc`.`address`
{"houseNumber":1004,"streetName":"4th","zipcode":98764,"state":"WA"}
{"houseNumber":1005,"streetName":"5th","zipcode":98764,"state":"WA"}
SELECT doc FROM t1 HAVING DOCUMENT('{"name": "Evan"}') NOT SUBDOC doc;
doc
{"id":101,"name":"Alex","phone":6507770001,"address":{"houseNumber":1001,"streetName":"1st","zipcode":98761,"state":"CA"},"intstr":"1001","dt":"1001"}
{"id":102,"name":"Bob","phone":6507770002,"address":{"houseNumber":1002,"streetName":"2nd","zipcode":98762,"state":"AZ"},"int64":2222222220123456789,"intstr":"1002","dt":"0123456789ABCDEFGHIGKLMNOPQRSTUVWXYZ0123456789"}
{"id":103,"name":"Charlie","phone":6507770003,"address":{"houseNumber":1003,"streetName":"3rd","zipcode":98763,"state":"NY"},"double":3.94065645841246,"dt":"2014-11-01"}
{"id":104,"name":"Don","phone":6507770004,"address":{"houseNumber":1004,"streetName":"4th","zipcode":98764,"state":"WA"},"Children":["Alex","Bob","Charlie"]}
{"id":108,"address":{"zipcode":98768}}
{"id":104,"address":{"zipcode":98767,"state":"NY"}}
{"id":106,"address":{"zipcode":98766}}
SELECT MIN(doc.id) AS alias1, doc.address AS alias2 FROM t1 WHERE a > 3 HAVING DOCUMENT('{"state": "WA"}') SUBDOC alias2;
alias1	alias2
104	{"houseNumber":1004,"streetName":"4th","zipcode":98764,"state":"WA"}
SELECT t1.doc.id, t2.doc.id FROM t1 JOIN t2 ON DOCUMENT('{}') SUBDOC DOCUMENT('{"k":"v"}');
`doc`.`id`	`doc`.`id`
101	108
101	104
101	106
101	110
102	108
102	104
102	106
102	110
103	108
103	104
103	106
103	110
104	108
104	104
104	106
104	110
105	108
105	104
105	106
105	110
108	108
108	104
108	106
108	110
104	108
104	104
104	106
104	110
106	108
106	104
106	106
106	110
SELECT t1.doc.id, t2.doc.id FROM t1 JOIN t2 ON DOCUMENT('{"state":"NY"}') SUBDOC t2.doc.address;
`doc`.`id`	`doc`.`id`
101	104
101	110
102	104
102	110
103	104
103	110
104	104
104	110
105	104
105	110
108	104
108	110
104	104
104	110
106	104
106	110
SELECT t1.doc.id, t2.doc.id FROM t1 JOIN t2 ON DOCUMENT('{"id":108}') SUBDOC t2.doc;
`doc`.`id`	`doc`.`id`
101	108
102	108
103	108
104	108
105	108
108	108
104	108
106	108
SELECT t1.doc.id, t2.doc.id FROM t1 JOIN t2 ON t2.doc.address SUBDOC DOCUMENT('{"zipcode":98761, "k":"v"}');
`doc`.`id`	`doc`.`id`
101	108
102	108
103	108
104	108
105	108
108	108
104	108
106	108
SELECT t1.doc.id, t2.doc.id FROM t1 JOIN t2 ON t1.doc.address SUBDOC t2.doc.addr;
`doc`.`id`	`doc`.`id`
104	110
SELECT t1.doc.id, t2.doc.id FROM t1 JOIN t2 ON t1.doc.address SUBDOC t2.doc;
`doc`.`id`	`doc`.`id`
SELECT t1.doc.id, t2.doc.id FROM t1 JOIN t2 ON t2.doc SUBDOC DOCUMENT('{ "id":108, "address":{ "zipcode":98761}, "k":"v"}');
`doc`.`id`	`doc`.`id`
101	108
102	108
103	108
104	108
105	108
108	108
104	108
106	108
SELECT t1.doc.id, t2.doc.id FROM t1 JOIN t2 ON t1.doc SUBDOC t2.doc.address;
`doc`.`id`	`doc`.`id`
SELECT t1.doc.id, t2.doc.id FROM t1 JOIN t2 ON t1.doc SUBDOC t2.doc;
`doc`.`id`	`doc`.`id`
104	104
SELECT t1.doc.id, t2.doc.id FROM t1 JOIN t2 ON t2.doc.address SUBDOC t1.doc.address;
`doc`.`id`	`doc`.`id`
101	108
104	104
104	110
SELECT t1.doc.id, t2.doc.id FROM t1 JOIN t2 ON t2.doc.address NOT SUBDOC t1.doc.address;
`doc`.`id`	`doc`.`id`
101	104
101	106
101	110
102	108
102	104
102	106
102	110
103	108
103	104
103	106
103	110
104	108
104	104
104	106
104	110
105	108
105	104
105	106
105	110
108	108
108	104
108	106
108	110
104	108
104	106
106	108
106	104
106	106
106	110
SELECT doc.id FROM (SELECT * FROM t2 WHERE DOCUMENT('{}') SUBDOC DOCUMENT('{"k":"v"}')) temp;
`doc`.`id`
108
104
106
110
SELECT doc.id FROM (SELECT * FROM t2 WHERE DOCUMENT('{"state":"NY"}') SUBDOC doc.address) temp;
`doc`.`id`
104
110
SELECT doc.id FROM (SELECT * FROM t2 WHERE DOCUMENT('{"id":108}') SUBDOC doc) temp;
`doc`.`id`
108
SELECT doc.id FROM (SELECT * FROM t2 WHERE doc.address SUBDOC DOCUMENT('{"zipcode":98761, "k":"v"}')) temp;
`doc`.`id`
108
SELECT doc.id FROM (SELECT * FROM t2 WHERE doc.address SUBDOC doc.addr) temp;
`doc`.`id`
110
SELECT doc.id FROM (SELECT * FROM t2 WHERE doc.address SUBDOC doc) temp;
`doc`.`id`
SELECT doc.id FROM (SELECT * FROM t2 WHERE doc SUBDOC DOCUMENT('{ "id":108, "address":{ "zipcode":98761}, "k":"v"}')) temp;
`doc`.`id`
108
SELECT doc.id FROM (SELECT * FROM t2 WHERE doc SUBDOC doc.address) temp;
`doc`.`id`
SELECT doc.id FROM (SELECT * FROM t2 WHERE doc SUBDOC doc) temp;
`doc`.`id`
108
104
106
110
SELECT temp.doc.id FROM (SELECT * FROM t2 WHERE doc.address SUBDOC DOCUMENT('{"zipcode":98761, "foo":"bar"}')) temp;
`doc`.`id`
108
SELECT temp.doc.id FROM (SELECT * FROM t2 WHERE doc.address NOT SUBDOC DOCUMENT('{"zipcode":98761, "foo":"bar"}')) temp;
`doc`.`id`
104
106
110
CREATE VIEW v1 AS (SELECT * FROM t2 WHERE doc.address SUBDOC DOCUMENT('{"zipcode":98761, "foo":"bar"}'));
SELECT * from v1;
a	b	doc
8	@1	{"id":108,"address":{"zipcode":98761}}
DROP VIEW v1;
CREATE VIEW v1 AS (SELECT * FROM t2 WHERE doc.address NOT SUBDOC DOCUMENT('{"zipcode":98761, "foo":"bar"}'));
SELECT * from v1;
a	b	doc
7	@3	{"id":104,"address":{"state":"NY","zipcode":98767}}
6	@2	{"id":106,"address":{"zipcode":98766,"state":"CA"}}
6	@2	{"id":110,"address":{"zipcode":98767,"state":"NY"},"addr":{"zipcode":98767,"state":"NY"}}
DROP VIEW v1;
CREATE TABLE t3 ( a int NOT null,
b char (10) NOT null,
doc DOCUMENT NOT null) engine=innodb;
insert into t3 values (1,'@1','{ "id":101, "addr":{"state":"California", "zipcode":94306}}');
insert into t3 values (2,'@2','{ "id":102, "addr":{"symbol":"%", "k":"v"}}');
insert into t3 values (3,'@3','{ "id":103, "addr":{"symbol":"_", "k":"v"}}');
insert into t3 values (4,'@4','{ "id":104, "k1":{"k3":"v3", "k2": ["wildcard", "array"]}}');
SELECT doc.id FROM t3 WHERE DOCUMENT('{"addr":{"state":"Ca%a", "zipcode":94306}}') SUBDOC doc;
`doc`.`id`
101
SELECT doc.id FROM t3 WHERE DOCUMENT('{"id":101, "addr":{"state":"Ca%ni_", "zipcode":94306}}') SUBDOC doc;
`doc`.`id`
101
SELECT doc.id FROM t3 WHERE DOCUMENT('{"state":"C%nia"}') SUBDOC doc.addr;
`doc`.`id`
101
SELECT doc.id FROM t3 WHERE DOCUMENT('{"state":"C_lifornia"}') SUBDOC doc.addr;
`doc`.`id`
101
SELECT doc.id FROM t3 WHERE DOCUMENT('{"k2": ["wi%rd", "arr_y"] }') SUBDOC doc.k1;
`doc`.`id`
104
SELECT doc.id FROM t3 WHERE DOCUMENT('{"symbol":"\\\\%"}') SUBDOC doc.addr;
`doc`.`id`
102
SELECT doc.id FROM t3 WHERE DOCUMENT('{"symbol":"\\\\_"}') SUBDOC doc.addr;
`doc`.`id`
103
SELECT doc.id FROM t3 WHERE DOCUMENT('{"i_":101, "addr":{"state":"Ca%ni_"}}') SUBDOC doc;
`doc`.`id`
SELECT doc.id FROM t3 WHERE DOCUMENT('{"s%te":"C_lifornia"}') SUBDOC doc.addr;
`doc`.`id`
drop table t1, t2, t3;
