include/master-slave.inc
Warnings:
Note	####	Sending passwords in plain text without SSL/TLS is extremely insecure.
Note	####	Storing MySQL user name or password information in the master info repository is not secure and is therefore not recommended. Please consider using the USER and PASSWORD connection options for START SLAVE; see the 'START SLAVE Syntax' in the MySQL Manual for more information.
[connection master]
drop table if exists t1, t2, t3;
create table t1 (
a1 int primary key,
b1 int,
c1 double,
d1 char(100),
doc11 document not null,
doc12 document,
# regular keys
key b1_a1         (b1, a1),
# single column keys
key doc11_bool   (doc11.bool as bool),
key doc11_int    (doc11.int as int),
key doc11_double (doc11.double as double),
key doc11_string (doc11.string as string(100)),
key doc11_binary (doc11.binary as binary(100)),
key doc11_nested (doc11.k1.k2.k3.int as int),
key doc12_int    (doc12.int as int),
key doc12_double (doc12.double as double),
# multi-column keys
key doc11_b1 (doc11.int as int, b1),
key doc11_c1 (doc11.double as double, c1),
key doc11_d1 (doc11.int as int, d1),
key b1_doc11 (b1, doc11.int as int)
) engine = innodb;
create table t2 (
a2 int primary key,
b2 int,
c2 double,
d2 char(100),
doc21 document not null,
doc22 document,
# regular keys
key b2_a2         (b2, a2),
# single column keys
key doc21_bool   (doc21.bool as bool),
key doc21_int    (doc21.int as int),
key doc21_double (doc21.double as double),
key doc21_string (doc21.string as string(100)),
key doc21_binary (doc21.binary as binary(100)),
key doc21_nested (doc21.k1.k2.k3.int as int),
key doc22_int    (doc22.int as int),
key doc22_double (doc22.double as double),
# multi-column keys
key doc21_b2 (doc21.int as int, b2),
key doc21_c2 (doc21.double as double, c2),
key doc21_d2 (doc21.int as int, d2),
key b2_doc21 (b2, doc21.int as int)
) engine = innodb;
create table t3 (
a3 int primary key,
b3 int,
c3 double,
d3 char(100),
doc31 document not null,
doc32 document,
# regular keys
key b3_a3         (b3, a3),
# single column keys
key doc31_bool   (doc31.bool as bool),
key doc31_int    (doc31.int as int),
key doc31_double (doc31.double as double),
key doc31_string (doc31.string as string(100)),
key doc31_binary (doc31.binary as binary(100)),
key doc31_nested (doc31.k1.k2.k3.int as int),
key doc32_int    (doc32.int as int),
key doc32_double (doc32.double as double),
# multi-column keys
key doc31_b3 (doc31.int as int, b3),
key doc31_c3 (doc31.double as double, c3),
key doc31_d3 (doc31.int as int, d3),
key b3_doc31 (b3, doc31.int as int)
) engine = innodb;
insert into t1 values
(10, 10, 10.1, 'jjj', '{"bool":false, "int":10, "double":10.1, "string":"jjj", "binary":"jjj", "k1":{"k2":{"k3":{"int":10}}}, "id":10}', '{"int":10, "double":10.1}'),
(11, 11, 11.11, 'kkk', '{"bool":false, "int":11, "double":11.11, "string":"kkk", "binary":"kkk", "k1":{"k2":{"k3":{"int":11}}}, "id":11}', '{"int":11, "double":11.11}'),
(12, 12, 12.12, 'lll', '{"bool":false, "int":12, "double":12.12, "string":"lll", "binary":"lll", "k1":{"k2":{"k3":{"int":12}}}, "id":12}', '{"int":12, "double":12.12}'),
(1, 1, 1.1, 'aaa', '{"bool":true,  "int":1, "double":1.1, "string":"aaa", "binary":"aaa", "k1":{"k2":{"k3":{"int":1}}}, "id":1}', '{"int":1, "double":1.1}'),
(2, 2, 2.2, 'bbb', '{"bool":true,  "int":2, "double":2.2, "string":"bbb", "binary":"bbb", "k1":{"k2":{"k3":{"int":2}}}, "id":2}', '{"int":2, "double":2.2}'),
(3, 3, 3.3, 'ccc', '{"bool":true,  "int":3, "double":3.3, "string":"ccc", "binary":"ccc", "k1":{"k2":{"k3":{"int":3}}}, "id":3}', '{"int":3, "double":3.3}'),
(4, 4, 4.4, 'ddd', '{"bool":true,  "int":4, "double":4.4, "string":"ddd", "binary":"ddd", "k1":{"k2":{"k3":{"int":4}}}, "id":4}', '{"int":4, "double":4.4}'),
(5, 5, 5.5, 'eee', '{"bool":true,  "int":5, "double":5.5, "string":"eee", "binary":"eee", "k1":{"k2":{"k3":{"int":5}}}, "id":5}', '{"int":5, "double":5.5}'),
(6, 6, 6.6, 'fff', '{"bool":false, "int":6, "double":6.6, "string":"fff", "binary":"fff", "k1":{"k2":{"k3":{"int":6}}}, "id":6}', '{"int":6, "double":6.6}'),
(7, 7, 7.7, 'ggg', '{"bool":false, "int":7, "double":7.7, "string":"ggg", "binary":"ggg", "k1":{"k2":{"k3":{"int":7}}}, "id":7}', '{"int":7, "double":7.7}'),
(8, 8, 8.8, 'hhh', '{"bool":false, "int":8, "double":8.8, "string":"hhh", "binary":"hhh", "k1":{"k2":{"k3":{"int":8}}}, "id":8}', '{"int":8, "double":8.8}'),
(9, 9, 9.9, 'iii', '{"bool":false, "int":9, "double":9.9, "string":"iii", "binary":"iii", "k1":{"k2":{"k3":{"int":9}}}, "id":9}', '{"int":9, "double":9.9}');
analyze table t1;
Table	Op	Msg_type	Msg_text
test.t1	analyze	status	OK
insert into t2 values
(10, 10, 10.1, 'jjj', '{"bool":false, "int":10, "double":10.1, "string":"jjj", "binary":"jjj", "k1":{"k2":{"k3":{"int":10}}}, "id":10}', '{"int":10, "double":10.1}'),
(11, 11, 11.11, 'kkk', '{"bool":false, "int":11, "double":11.11, "string":"kkk", "binary":"kkk", "k1":{"k2":{"k3":{"int":11}}}, "id":11}', '{"int":11, "double":11.11}'),
(12, 12, 12.12, 'lll', '{"bool":false, "int":12, "double":12.12, "string":"lll", "binary":"lll", "k1":{"k2":{"k3":{"int":12}}}, "id":12}', '{"int":12, "double":12.12}'),
(1, 1, 1.1, 'aaa', '{"bool":true,  "int":1, "double":1.1, "string":"aaa", "binary":"aaa", "k1":{"k2":{"k3":{"int":1}}}, "id":1}', '{"int":1, "double":1.1}'),
(2, 2, 2.2, 'bbb', '{"bool":true,  "int":2, "double":2.2, "string":"bbb", "binary":"bbb", "k1":{"k2":{"k3":{"int":2}}}, "id":2}', '{"int":2, "double":2.2}'),
(3, 3, 3.3, 'ccc', '{"bool":true,  "int":3, "double":3.3, "string":"ccc", "binary":"ccc", "k1":{"k2":{"k3":{"int":3}}}, "id":3}', '{"int":3, "double":3.3}'),
(4, 4, 4.4, 'ddd', '{"bool":true,  "int":4, "double":4.4, "string":"ddd", "binary":"ddd", "k1":{"k2":{"k3":{"int":4}}}, "id":4}', '{"int":4, "double":4.4}'),
(5, 5, 5.5, 'eee', '{"bool":true,  "int":5, "double":5.5, "string":"eee", "binary":"eee", "k1":{"k2":{"k3":{"int":5}}}, "id":5}', '{"int":5, "double":5.5}'),
(6, 6, 6.6, 'fff', '{"bool":false, "int":6, "double":6.6, "string":"fff", "binary":"fff", "k1":{"k2":{"k3":{"int":6}}}, "id":6}', '{"int":6, "double":6.6}'),
(7, 7, 7.7, 'ggg', '{"bool":false, "int":7, "double":7.7, "string":"ggg", "binary":"ggg", "k1":{"k2":{"k3":{"int":7}}}, "id":7}', '{"int":7, "double":7.7}'),
(8, 8, 8.8, 'hhh', '{"bool":false, "int":8, "double":8.8, "string":"hhh", "binary":"hhh", "k1":{"k2":{"k3":{"int":8}}}, "id":8}', '{"int":8, "double":8.8}'),
(9, 9, 9.9, 'iii', '{"bool":false, "int":9, "double":9.9, "string":"iii", "binary":"iii", "k1":{"k2":{"k3":{"int":9}}}, "id":9}', '{"int":9, "double":9.9}');
analyze table t2;
Table	Op	Msg_type	Msg_text
test.t2	analyze	status	OK
insert into t3 values
(10, 10, 10.1, 'jjj', '{"bool":false, "int":10, "double":10.1, "string":"jjj", "binary":"jjj", "k1":{"k2":{"k3":{"int":10}}}, "id":10}', '{"int":10, "double":10.1}'),
(11, 11, 11.11, 'kkk', '{"bool":false, "int":11, "double":11.11, "string":"kkk", "binary":"kkk", "k1":{"k2":{"k3":{"int":11}}}, "id":11}', '{"int":11, "double":11.11}'),
(12, 12, 12.12, 'lll', '{"bool":false, "int":12, "double":12.12, "string":"lll", "binary":"lll", "k1":{"k2":{"k3":{"int":12}}}, "id":12}', '{"int":12, "double":12.12}'),
(1, 1, 1.1, 'aaa', '{"bool":true,  "int":1, "double":1.1, "string":"aaa", "binary":"aaa", "k1":{"k2":{"k3":{"int":1}}}, "id":1}', '{"int":1, "double":1.1}'),
(2, 2, 2.2, 'bbb', '{"bool":true,  "int":2, "double":2.2, "string":"bbb", "binary":"bbb", "k1":{"k2":{"k3":{"int":2}}}, "id":2}', '{"int":2, "double":2.2}'),
(3, 3, 3.3, 'ccc', '{"bool":true,  "int":3, "double":3.3, "string":"ccc", "binary":"ccc", "k1":{"k2":{"k3":{"int":3}}}, "id":3}', '{"int":3, "double":3.3}'),
(4, 4, 4.4, 'ddd', '{"bool":true,  "int":4, "double":4.4, "string":"ddd", "binary":"ddd", "k1":{"k2":{"k3":{"int":4}}}, "id":4}', '{"int":4, "double":4.4}'),
(5, 5, 5.5, 'eee', '{"bool":true,  "int":5, "double":5.5, "string":"eee", "binary":"eee", "k1":{"k2":{"k3":{"int":5}}}, "id":5}', '{"int":5, "double":5.5}'),
(6, 6, 6.6, 'fff', '{"bool":false, "int":6, "double":6.6, "string":"fff", "binary":"fff", "k1":{"k2":{"k3":{"int":6}}}, "id":6}', '{"int":6, "double":6.6}'),
(7, 7, 7.7, 'ggg', '{"bool":false, "int":7, "double":7.7, "string":"ggg", "binary":"ggg", "k1":{"k2":{"k3":{"int":7}}}, "id":7}', '{"int":7, "double":7.7}'),
(8, 8, 8.8, 'hhh', '{"bool":false, "int":8, "double":8.8, "string":"hhh", "binary":"hhh", "k1":{"k2":{"k3":{"int":8}}}, "id":8}', '{"int":8, "double":8.8}'),
(9, 9, 9.9, 'iii', '{"bool":false, "int":9, "double":9.9, "string":"iii", "binary":"iii", "k1":{"k2":{"k3":{"int":9}}}, "id":9}', '{"int":9, "double":9.9}');
analyze table t3;
Table	Op	Msg_type	Msg_text
test.t3	analyze	status	OK
explain extended select * from t1 use document keys;
id	select_type	table	type	possible_keys	key	key_len	ref	rows	filtered	Extra
1	SIMPLE	t1	ALL	NULL	NULL	NULL	NULL	12	100.00	NULL
Warnings:
Note	1003	/* select#1 */ select `test`.`t1`.`a1` AS `a1`,`test`.`t1`.`b1` AS `b1`,`test`.`t1`.`c1` AS `c1`,`test`.`t1`.`d1` AS `d1`,`test`.`t1`.`doc11` AS `doc11`,`test`.`t1`.`doc12` AS `doc12` from `test`.`t1` USE DOCUMENT INDEXES
select * from t1 use document keys;
a1	b1	c1	d1	doc11	doc12
1	1	1.1	aaa	{"bool":true,"int":1,"double":1.1,"string":"aaa","binary":"aaa","k1":{"k2":{"k3":{"int":1}}},"id":1}	{"int":1,"double":1.1}
2	2	2.2	bbb	{"bool":true,"int":2,"double":2.2,"string":"bbb","binary":"bbb","k1":{"k2":{"k3":{"int":2}}},"id":2}	{"int":2,"double":2.2}
3	3	3.3	ccc	{"bool":true,"int":3,"double":3.3,"string":"ccc","binary":"ccc","k1":{"k2":{"k3":{"int":3}}},"id":3}	{"int":3,"double":3.3}
4	4	4.4	ddd	{"bool":true,"int":4,"double":4.4,"string":"ddd","binary":"ddd","k1":{"k2":{"k3":{"int":4}}},"id":4}	{"int":4,"double":4.4}
5	5	5.5	eee	{"bool":true,"int":5,"double":5.5,"string":"eee","binary":"eee","k1":{"k2":{"k3":{"int":5}}},"id":5}	{"int":5,"double":5.5}
6	6	6.6	fff	{"bool":false,"int":6,"double":6.6,"string":"fff","binary":"fff","k1":{"k2":{"k3":{"int":6}}},"id":6}	{"int":6,"double":6.6}
7	7	7.7	ggg	{"bool":false,"int":7,"double":7.7,"string":"ggg","binary":"ggg","k1":{"k2":{"k3":{"int":7}}},"id":7}	{"int":7,"double":7.7}
8	8	8.8	hhh	{"bool":false,"int":8,"double":8.8,"string":"hhh","binary":"hhh","k1":{"k2":{"k3":{"int":8}}},"id":8}	{"int":8,"double":8.8}
9	9	9.9	iii	{"bool":false,"int":9,"double":9.9,"string":"iii","binary":"iii","k1":{"k2":{"k3":{"int":9}}},"id":9}	{"int":9,"double":9.9}
10	10	10.1	jjj	{"bool":false,"int":10,"double":10.1,"string":"jjj","binary":"jjj","k1":{"k2":{"k3":{"int":10}}},"id":10}	{"int":10,"double":10.1}
11	11	11.11	kkk	{"bool":false,"int":11,"double":11.11,"string":"kkk","binary":"kkk","k1":{"k2":{"k3":{"int":11}}},"id":11}	{"int":11,"double":11.11}
12	12	12.12	lll	{"bool":false,"int":12,"double":12.12,"string":"lll","binary":"lll","k1":{"k2":{"k3":{"int":12}}},"id":12}	{"int":12,"double":12.12}
explain extended select doc11 from t1 use document keys;
id	select_type	table	type	possible_keys	key	key_len	ref	rows	filtered	Extra
1	SIMPLE	t1	ALL	NULL	NULL	NULL	NULL	12	100.00	NULL
Warnings:
Note	1003	/* select#1 */ select `test`.`t1`.`doc11` AS `doc11` from `test`.`t1` USE DOCUMENT INDEXES
select doc11 from t1 use document keys;
doc11
{"bool":true,"int":1,"double":1.1,"string":"aaa","binary":"aaa","k1":{"k2":{"k3":{"int":1}}},"id":1}
{"bool":true,"int":2,"double":2.2,"string":"bbb","binary":"bbb","k1":{"k2":{"k3":{"int":2}}},"id":2}
{"bool":true,"int":3,"double":3.3,"string":"ccc","binary":"ccc","k1":{"k2":{"k3":{"int":3}}},"id":3}
{"bool":true,"int":4,"double":4.4,"string":"ddd","binary":"ddd","k1":{"k2":{"k3":{"int":4}}},"id":4}
{"bool":true,"int":5,"double":5.5,"string":"eee","binary":"eee","k1":{"k2":{"k3":{"int":5}}},"id":5}
{"bool":false,"int":6,"double":6.6,"string":"fff","binary":"fff","k1":{"k2":{"k3":{"int":6}}},"id":6}
{"bool":false,"int":7,"double":7.7,"string":"ggg","binary":"ggg","k1":{"k2":{"k3":{"int":7}}},"id":7}
{"bool":false,"int":8,"double":8.8,"string":"hhh","binary":"hhh","k1":{"k2":{"k3":{"int":8}}},"id":8}
{"bool":false,"int":9,"double":9.9,"string":"iii","binary":"iii","k1":{"k2":{"k3":{"int":9}}},"id":9}
{"bool":false,"int":10,"double":10.1,"string":"jjj","binary":"jjj","k1":{"k2":{"k3":{"int":10}}},"id":10}
{"bool":false,"int":11,"double":11.11,"string":"kkk","binary":"kkk","k1":{"k2":{"k3":{"int":11}}},"id":11}
{"bool":false,"int":12,"double":12.12,"string":"lll","binary":"lll","k1":{"k2":{"k3":{"int":12}}},"id":12}
explain extended select doc12 from t1 use document keys;
id	select_type	table	type	possible_keys	key	key_len	ref	rows	filtered	Extra
1	SIMPLE	t1	ALL	NULL	NULL	NULL	NULL	12	100.00	NULL
Warnings:
Note	1003	/* select#1 */ select `test`.`t1`.`doc12` AS `doc12` from `test`.`t1` USE DOCUMENT INDEXES
select doc12 from t1 use document keys;
doc12
{"int":1,"double":1.1}
{"int":2,"double":2.2}
{"int":3,"double":3.3}
{"int":4,"double":4.4}
{"int":5,"double":5.5}
{"int":6,"double":6.6}
{"int":7,"double":7.7}
{"int":8,"double":8.8}
{"int":9,"double":9.9}
{"int":10,"double":10.1}
{"int":11,"double":11.11}
{"int":12,"double":12.12}
explain extended select a1 from t1 where doc11.bool is true;
id	select_type	table	type	possible_keys	key	key_len	ref	rows	filtered	Extra
1	SIMPLE	t1	ALL	NULL	NULL	NULL	NULL	12	100.00	Using where
Warnings:
Note	1003	/* select#1 */ select `test`.`t1`.`a1` AS `a1` from `test`.`t1` where (`test`.`t1`.`doc11`.`bool` is true)
select a1 from t1 where doc11.bool is true;
a1
1
2
3
4
5
explain extended select a1 from t1 use document keys where doc11.bool is true;
id	select_type	table	type	possible_keys	key	key_len	ref	rows	filtered	Extra
1	SIMPLE	t1	index	NULL	doc11_bool	2	NULL	12	100.00	Using where; Using index
Warnings:
Note	1003	/* select#1 */ select `test`.`t1`.`a1` AS `a1` from `test`.`t1` USE DOCUMENT INDEXES where (`test`.`t1`.`doc11`.`bool` is true)
select a1 from t1 use document keys where doc11.bool is true;
a1
1
2
3
4
5
explain extended select count(a1) from t1 use document keys group by doc11.bool;
id	select_type	table	type	possible_keys	key	key_len	ref	rows	filtered	Extra
1	SIMPLE	t1	index	NULL	doc11_bool	2	NULL	12	100.00	Using index; Using temporary; Using filesort
Warnings:
Note	1003	/* select#1 */ select count(`test`.`t1`.`a1`) AS `count(a1)` from `test`.`t1` USE DOCUMENT INDEXES group by `test`.`t1`.`doc11`.`bool`
select count(a1) from t1 use document keys group by doc11.bool;
count(a1)
7
5
explain extended select sum(a1) from t1 use document keys group by doc11.bool;
id	select_type	table	type	possible_keys	key	key_len	ref	rows	filtered	Extra
1	SIMPLE	t1	index	NULL	doc11_bool	2	NULL	12	100.00	Using index; Using temporary; Using filesort
Warnings:
Note	1003	/* select#1 */ select sum(`test`.`t1`.`a1`) AS `sum(a1)` from `test`.`t1` USE DOCUMENT INDEXES group by `test`.`t1`.`doc11`.`bool`
select sum(a1) from t1 use document keys group by doc11.bool;
sum(a1)
63
15
explain extended select avg(a1) from t1 use document keys group by doc11.bool;
id	select_type	table	type	possible_keys	key	key_len	ref	rows	filtered	Extra
1	SIMPLE	t1	index	NULL	doc11_bool	2	NULL	12	100.00	Using index; Using temporary; Using filesort
Warnings:
Note	1003	/* select#1 */ select avg(`test`.`t1`.`a1`) AS `avg(a1)` from `test`.`t1` USE DOCUMENT INDEXES group by `test`.`t1`.`doc11`.`bool`
select avg(a1) from t1 use document keys group by doc11.bool;
avg(a1)
9.0000
3.0000
explain extended select doc11.bool from t1 where doc11.bool is true;
id	select_type	table	type	possible_keys	key	key_len	ref	rows	filtered	Extra
1	SIMPLE	t1	ALL	NULL	NULL	NULL	NULL	12	100.00	Using where
Warnings:
Note	1003	/* select#1 */ select `test`.`t1`.`doc11`.`bool` AS "`doc11`.`bool`" from `test`.`t1` where (`test`.`t1`.`doc11`.`bool` is true)
select doc11.bool from t1 where doc11.bool is true;
`doc11`.`bool`
true
true
true
true
true
explain extended select doc11.bool from t1 use document keys where doc11.bool is true;
id	select_type	table	type	possible_keys	key	key_len	ref	rows	filtered	Extra
1	SIMPLE	t1	index	NULL	doc11_bool	2	NULL	12	100.00	Using where; Using index
Warnings:
Note	1003	/* select#1 */ select `test`.`t1`.`doc11`.`bool` AS "`doc11`.`bool`" from `test`.`t1` USE DOCUMENT INDEXES where (`test`.`t1`.`doc11`.`bool` is true)
select doc11.bool from t1 use document keys where doc11.bool is true;
`doc11`.`bool`
true
true
true
true
true
explain extended select count(doc11.bool) from t1 use document keys group by doc11.bool;
id	select_type	table	type	possible_keys	key	key_len	ref	rows	filtered	Extra
1	SIMPLE	t1	index	NULL	doc11_bool	2	NULL	12	100.00	Using index; Using temporary; Using filesort
Warnings:
Note	1003	/* select#1 */ select count(`test`.`t1`.`doc11`.`bool`) AS `count(doc11.bool)` from `test`.`t1` USE DOCUMENT INDEXES group by `test`.`t1`.`doc11`.`bool`
select count(doc11.bool) from t1 use document keys group by doc11.bool;
count(doc11.bool)
7
5
explain extended select sum(doc11.bool) from t1 use document keys group by doc11.bool;
id	select_type	table	type	possible_keys	key	key_len	ref	rows	filtered	Extra
1	SIMPLE	t1	index	NULL	doc11_bool	2	NULL	12	100.00	Using index; Using temporary; Using filesort
Warnings:
Note	1003	/* select#1 */ select sum(`test`.`t1`.`doc11`.`bool`) AS `sum(doc11.bool)` from `test`.`t1` USE DOCUMENT INDEXES group by `test`.`t1`.`doc11`.`bool`
select sum(doc11.bool) from t1 use document keys group by doc11.bool;
sum(doc11.bool)
0
5
explain extended select avg(doc11.bool) from t1 use document keys group by doc11.bool;
id	select_type	table	type	possible_keys	key	key_len	ref	rows	filtered	Extra
1	SIMPLE	t1	index	NULL	doc11_bool	2	NULL	12	100.00	Using index; Using temporary; Using filesort
Warnings:
Note	1003	/* select#1 */ select avg(`test`.`t1`.`doc11`.`bool`) AS `avg(doc11.bool)` from `test`.`t1` USE DOCUMENT INDEXES group by `test`.`t1`.`doc11`.`bool`
select avg(doc11.bool) from t1 use document keys group by doc11.bool;
avg(doc11.bool)
0
1
explain extended select a1 from t1;
id	select_type	table	type	possible_keys	key	key_len	ref	rows	filtered	Extra
1	SIMPLE	t1	index	NULL	b1_a1	9	NULL	12	100.00	Using index
Warnings:
Note	1003	/* select#1 */ select `test`.`t1`.`a1` AS `a1` from `test`.`t1`
select a1 from t1;
a1
1
2
3
4
5
6
7
8
9
10
11
12
explain extended select a1 from t1 use document keys;
id	select_type	table	type	possible_keys	key	key_len	ref	rows	filtered	Extra
1	SIMPLE	t1	index	NULL	doc11_bool	2	NULL	12	100.00	Using index
Warnings:
Note	1003	/* select#1 */ select `test`.`t1`.`a1` AS `a1` from `test`.`t1` USE DOCUMENT INDEXES
select a1 from t1 use document keys;
a1
6
7
8
9
10
11
12
1
2
3
4
5
explain extended select * from t1 where doc11.bool is true;
id	select_type	table	type	possible_keys	key	key_len	ref	rows	filtered	Extra
1	SIMPLE	t1	ALL	NULL	NULL	NULL	NULL	12	100.00	Using where
Warnings:
Note	1003	/* select#1 */ select `test`.`t1`.`a1` AS `a1`,`test`.`t1`.`b1` AS `b1`,`test`.`t1`.`c1` AS `c1`,`test`.`t1`.`d1` AS `d1`,`test`.`t1`.`doc11` AS `doc11`,`test`.`t1`.`doc12` AS `doc12` from `test`.`t1` where (`test`.`t1`.`doc11`.`bool` is true)
select * from t1 where doc11.bool is true;
a1	b1	c1	d1	doc11	doc12
1	1	1.1	aaa	{"bool":true,"int":1,"double":1.1,"string":"aaa","binary":"aaa","k1":{"k2":{"k3":{"int":1}}},"id":1}	{"int":1,"double":1.1}
2	2	2.2	bbb	{"bool":true,"int":2,"double":2.2,"string":"bbb","binary":"bbb","k1":{"k2":{"k3":{"int":2}}},"id":2}	{"int":2,"double":2.2}
3	3	3.3	ccc	{"bool":true,"int":3,"double":3.3,"string":"ccc","binary":"ccc","k1":{"k2":{"k3":{"int":3}}},"id":3}	{"int":3,"double":3.3}
4	4	4.4	ddd	{"bool":true,"int":4,"double":4.4,"string":"ddd","binary":"ddd","k1":{"k2":{"k3":{"int":4}}},"id":4}	{"int":4,"double":4.4}
5	5	5.5	eee	{"bool":true,"int":5,"double":5.5,"string":"eee","binary":"eee","k1":{"k2":{"k3":{"int":5}}},"id":5}	{"int":5,"double":5.5}
explain extended select * from t1 use document keys where doc11.bool is true;
id	select_type	table	type	possible_keys	key	key_len	ref	rows	filtered	Extra
1	SIMPLE	t1	ALL	NULL	NULL	NULL	NULL	12	100.00	Using where
Warnings:
Note	1003	/* select#1 */ select `test`.`t1`.`a1` AS `a1`,`test`.`t1`.`b1` AS `b1`,`test`.`t1`.`c1` AS `c1`,`test`.`t1`.`d1` AS `d1`,`test`.`t1`.`doc11` AS `doc11`,`test`.`t1`.`doc12` AS `doc12` from `test`.`t1` USE DOCUMENT INDEXES where (`test`.`t1`.`doc11`.`bool` is true)
select * from t1 use document keys where doc11.bool is true;
a1	b1	c1	d1	doc11	doc12
1	1	1.1	aaa	{"bool":true,"int":1,"double":1.1,"string":"aaa","binary":"aaa","k1":{"k2":{"k3":{"int":1}}},"id":1}	{"int":1,"double":1.1}
2	2	2.2	bbb	{"bool":true,"int":2,"double":2.2,"string":"bbb","binary":"bbb","k1":{"k2":{"k3":{"int":2}}},"id":2}	{"int":2,"double":2.2}
3	3	3.3	ccc	{"bool":true,"int":3,"double":3.3,"string":"ccc","binary":"ccc","k1":{"k2":{"k3":{"int":3}}},"id":3}	{"int":3,"double":3.3}
4	4	4.4	ddd	{"bool":true,"int":4,"double":4.4,"string":"ddd","binary":"ddd","k1":{"k2":{"k3":{"int":4}}},"id":4}	{"int":4,"double":4.4}
5	5	5.5	eee	{"bool":true,"int":5,"double":5.5,"string":"eee","binary":"eee","k1":{"k2":{"k3":{"int":5}}},"id":5}	{"int":5,"double":5.5}
explain extended select count(*) from t1 use document keys group by doc11.bool;
id	select_type	table	type	possible_keys	key	key_len	ref	rows	filtered	Extra
1	SIMPLE	t1	index	NULL	doc11_bool	2	NULL	12	100.00	Using index; Using temporary; Using filesort
Warnings:
Note	1003	/* select#1 */ select count(0) AS `count(*)` from `test`.`t1` USE DOCUMENT INDEXES group by `test`.`t1`.`doc11`.`bool`
select count(*) from t1 use document keys group by doc11.bool;
count(*)
7
5
explain extended select doc11 from t1 where doc11.bool is true;
id	select_type	table	type	possible_keys	key	key_len	ref	rows	filtered	Extra
1	SIMPLE	t1	ALL	NULL	NULL	NULL	NULL	12	100.00	Using where
Warnings:
Note	1003	/* select#1 */ select `test`.`t1`.`doc11` AS `doc11` from `test`.`t1` where (`test`.`t1`.`doc11`.`bool` is true)
select doc11 from t1 where doc11.bool is true;
doc11
{"bool":true,"int":1,"double":1.1,"string":"aaa","binary":"aaa","k1":{"k2":{"k3":{"int":1}}},"id":1}
{"bool":true,"int":2,"double":2.2,"string":"bbb","binary":"bbb","k1":{"k2":{"k3":{"int":2}}},"id":2}
{"bool":true,"int":3,"double":3.3,"string":"ccc","binary":"ccc","k1":{"k2":{"k3":{"int":3}}},"id":3}
{"bool":true,"int":4,"double":4.4,"string":"ddd","binary":"ddd","k1":{"k2":{"k3":{"int":4}}},"id":4}
{"bool":true,"int":5,"double":5.5,"string":"eee","binary":"eee","k1":{"k2":{"k3":{"int":5}}},"id":5}
explain extended select doc11 from t1 use document keys where doc11.bool is true;
id	select_type	table	type	possible_keys	key	key_len	ref	rows	filtered	Extra
1	SIMPLE	t1	ALL	NULL	NULL	NULL	NULL	12	100.00	Using where
Warnings:
Note	1003	/* select#1 */ select `test`.`t1`.`doc11` AS `doc11` from `test`.`t1` USE DOCUMENT INDEXES where (`test`.`t1`.`doc11`.`bool` is true)
select doc11 from t1 use document keys where doc11.bool is true;
doc11
{"bool":true,"int":1,"double":1.1,"string":"aaa","binary":"aaa","k1":{"k2":{"k3":{"int":1}}},"id":1}
{"bool":true,"int":2,"double":2.2,"string":"bbb","binary":"bbb","k1":{"k2":{"k3":{"int":2}}},"id":2}
{"bool":true,"int":3,"double":3.3,"string":"ccc","binary":"ccc","k1":{"k2":{"k3":{"int":3}}},"id":3}
{"bool":true,"int":4,"double":4.4,"string":"ddd","binary":"ddd","k1":{"k2":{"k3":{"int":4}}},"id":4}
{"bool":true,"int":5,"double":5.5,"string":"eee","binary":"eee","k1":{"k2":{"k3":{"int":5}}},"id":5}
explain extended select count(doc11) from t1 use document keys group by doc11.bool;
id	select_type	table	type	possible_keys	key	key_len	ref	rows	filtered	Extra
1	SIMPLE	t1	ALL	NULL	NULL	NULL	NULL	12	100.00	Using temporary; Using filesort
Warnings:
Note	1003	/* select#1 */ select count(`test`.`t1`.`doc11`) AS `count(doc11)` from `test`.`t1` USE DOCUMENT INDEXES group by `test`.`t1`.`doc11`.`bool`
select count(doc11) from t1 use document keys group by doc11.bool;
count(doc11)
7
5
explain extended select doc11.int from t1 where doc11.bool is true;
id	select_type	table	type	possible_keys	key	key_len	ref	rows	filtered	Extra
1	SIMPLE	t1	ALL	NULL	NULL	NULL	NULL	12	100.00	Using where
Warnings:
Note	1003	/* select#1 */ select `test`.`t1`.`doc11`.`int` AS "`doc11`.`int`" from `test`.`t1` where (`test`.`t1`.`doc11`.`bool` is true)
select doc11.int from t1 where doc11.bool is true;
`doc11`.`int`
1
2
3
4
5
explain extended select doc11.int from t1 use document keys where doc11.bool is true;
id	select_type	table	type	possible_keys	key	key_len	ref	rows	filtered	Extra
1	SIMPLE	t1	ALL	NULL	NULL	NULL	NULL	12	100.00	Using where
Warnings:
Note	1003	/* select#1 */ select `test`.`t1`.`doc11`.`int` AS "`doc11`.`int`" from `test`.`t1` USE DOCUMENT INDEXES where (`test`.`t1`.`doc11`.`bool` is true)
select doc11.int from t1 use document keys where doc11.bool is true;
`doc11`.`int`
1
2
3
4
5
explain extended select count(doc11.int) from t1 use document keys group by doc11.bool;
id	select_type	table	type	possible_keys	key	key_len	ref	rows	filtered	Extra
1	SIMPLE	t1	ALL	NULL	NULL	NULL	NULL	12	100.00	Using temporary; Using filesort
Warnings:
Note	1003	/* select#1 */ select count(`test`.`t1`.`doc11`.`int`) AS `count(doc11.int)` from `test`.`t1` USE DOCUMENT INDEXES group by `test`.`t1`.`doc11`.`bool`
select count(doc11.int) from t1 use document keys group by doc11.bool;
count(doc11.int)
7
5
explain extended select a1 from t1 where doc11.int > 5;
id	select_type	table	type	possible_keys	key	key_len	ref	rows	filtered	Extra
1	SIMPLE	t1	ALL	NULL	NULL	NULL	NULL	12	100.00	Using where
Warnings:
Note	1003	/* select#1 */ select `test`.`t1`.`a1` AS `a1` from `test`.`t1` where (`test`.`t1`.`doc11`.`int` > 5)
select a1 from t1 where doc11.int > 5;
a1
6
7
8
9
10
11
12
explain extended select a1 from t1 use document keys where doc11.int > 5;
id	select_type	table	type	possible_keys	key	key_len	ref	rows	filtered	Extra
1	SIMPLE	t1	range	doc11_int	doc11_int	9	NULL	7	100.00	Using where; Using index
Warnings:
Note	1003	/* select#1 */ select `test`.`t1`.`a1` AS `a1` from `test`.`t1` USE DOCUMENT INDEXES where (`test`.`t1`.`doc11`.`int` > 5)
select a1 from t1 use document keys where doc11.int > 5;
a1
6
7
8
9
10
11
12
explain extended select count(a1) from t1 use document keys group by doc11.int having doc11.int > 5;
id	select_type	table	type	possible_keys	key	key_len	ref	rows	filtered	Extra
1	SIMPLE	t1	index	NULL	doc11_int	9	NULL	12	100.00	Using index; Using temporary; Using filesort
Warnings:
Note	1003	/* select#1 */ select count(`test`.`t1`.`a1`) AS `count(a1)` from `test`.`t1` USE DOCUMENT INDEXES group by `test`.`t1`.`doc11`.`int` having (`test`.`t1`.`doc11`.`int` > 5)
select count(a1) from t1 use document keys group by doc11.int having doc11.int > 5;
count(a1)
1
1
1
1
1
1
1
explain extended select a1 from t1 use document keys order by doc11.int;
id	select_type	table	type	possible_keys	key	key_len	ref	rows	filtered	Extra
1	SIMPLE	t1	index	NULL	doc11_int	9	NULL	12	100.00	Using index; Using temporary; Using filesort
Warnings:
Note	1003	/* select#1 */ select `test`.`t1`.`a1` AS `a1` from `test`.`t1` USE DOCUMENT INDEXES order by `test`.`t1`.`doc11`.`int`
select a1 from t1 use document keys order by doc11.int;
a1
1
2
3
4
5
6
7
8
9
10
11
12
explain extended select a1 from t1 use document keys order by doc11.int as string;
id	select_type	table	type	possible_keys	key	key_len	ref	rows	filtered	Extra
1	SIMPLE	t1	index	NULL	doc11_int	9	NULL	12	100.00	Using index; Using temporary; Using filesort
Warnings:
Note	1003	/* select#1 */ select `test`.`t1`.`a1` AS `a1` from `test`.`t1` USE DOCUMENT INDEXES order by `test`.`t1`.`doc11`.`int`
select a1 from t1 use document keys order by doc11.int as string;
a1
1
10
11
12
2
3
4
5
6
7
8
9
select a1 from t1 order by doc11.int as string;
a1
1
10
11
12
2
3
4
5
6
7
8
9
explain extended select b1 from t1 use document keys order by doc11.double as string;
id	select_type	table	type	possible_keys	key	key_len	ref	rows	filtered	Extra
1	SIMPLE	t1	ALL	NULL	NULL	NULL	NULL	12	100.00	Using temporary; Using filesort
Warnings:
Note	1003	/* select#1 */ select `test`.`t1`.`b1` AS `b1` from `test`.`t1` USE DOCUMENT INDEXES order by `test`.`t1`.`doc11`.`double`
select c1 from t1 use document keys order by doc11.double as string;
c1
1.1
10.1
11.11
12.12
2.2
3.3
4.4
5.5
6.6
7.7
8.8
9.9
select c1 from t1 order by doc11.double as string;
c1
1.1
10.1
11.11
12.12
2.2
3.3
4.4
5.5
6.6
7.7
8.8
9.9
explain extended select doc11.int from t1 where doc11.int > 5;
id	select_type	table	type	possible_keys	key	key_len	ref	rows	filtered	Extra
1	SIMPLE	t1	ALL	NULL	NULL	NULL	NULL	12	100.00	Using where
Warnings:
Note	1003	/* select#1 */ select `test`.`t1`.`doc11`.`int` AS "`doc11`.`int`" from `test`.`t1` where (`test`.`t1`.`doc11`.`int` > 5)
select doc11.int from t1 where doc11.int > 5;
`doc11`.`int`
6
7
8
9
10
11
12
explain extended select doc11.int from t1 use document keys where doc11.int > 5;
id	select_type	table	type	possible_keys	key	key_len	ref	rows	filtered	Extra
1	SIMPLE	t1	range	doc11_int	doc11_int	9	NULL	7	100.00	Using where; Using index
Warnings:
Note	1003	/* select#1 */ select `test`.`t1`.`doc11`.`int` AS "`doc11`.`int`" from `test`.`t1` USE DOCUMENT INDEXES where (`test`.`t1`.`doc11`.`int` > 5)
select doc11.int from t1 use document keys where doc11.int > 5;
`doc11`.`int`
6
7
8
9
10
11
12
explain extended select count(doc11.int) from t1 use document keys group by doc11.int having doc11.int > 5 ;
id	select_type	table	type	possible_keys	key	key_len	ref	rows	filtered	Extra
1	SIMPLE	t1	index	NULL	doc11_int	9	NULL	12	100.00	Using index; Using temporary; Using filesort
Warnings:
Note	1003	/* select#1 */ select count(`test`.`t1`.`doc11`.`int`) AS `count(doc11.int)` from `test`.`t1` USE DOCUMENT INDEXES group by `test`.`t1`.`doc11`.`int` having (`test`.`t1`.`doc11`.`int` > 5)
select count(doc11.int) from t1 use document keys group by doc11.int having doc11.int > 5 ;
count(doc11.int)
1
1
1
1
1
1
1
explain extended select count(doc11.int) from t1 use document keys where doc11.int > 5 group by doc11.int;
id	select_type	table	type	possible_keys	key	key_len	ref	rows	filtered	Extra
1	SIMPLE	t1	range	doc11_int	doc11_int	9	NULL	7	100.00	Using where; Using index; Using temporary; Using filesort
Warnings:
Note	1003	/* select#1 */ select count(`test`.`t1`.`doc11`.`int`) AS `count(doc11.int)` from `test`.`t1` USE DOCUMENT INDEXES where (`test`.`t1`.`doc11`.`int` > 5) group by `test`.`t1`.`doc11`.`int`
select count(doc11.int) from t1 use document keys where doc11.int > 5 group by doc11.int;
count(doc11.int)
1
1
1
1
1
1
1
explain extended select count(a1) from t1 use document keys where doc11.int = 5 group by doc11.int;
id	select_type	table	type	possible_keys	key	key_len	ref	rows	filtered	Extra
1	SIMPLE	t1	ref	doc11_int	doc11_int	9	const	1	100.00	Using index
Warnings:
Note	1003	/* select#1 */ select count(`test`.`t1`.`a1`) AS `count(a1)` from `test`.`t1` USE DOCUMENT INDEXES where (`test`.`t1`.`doc11`.`int` = 5) group by `test`.`t1`.`doc11`.`int`
select count(a1) from t1 use document keys where doc11.int = 5 group by doc11.int;
count(a1)
1
explain extended select a1 from t1 where doc12.int > 5;
id	select_type	table	type	possible_keys	key	key_len	ref	rows	filtered	Extra
1	SIMPLE	t1	ALL	NULL	NULL	NULL	NULL	12	100.00	Using where
Warnings:
Note	1003	/* select#1 */ select `test`.`t1`.`a1` AS `a1` from `test`.`t1` where (`test`.`t1`.`doc12`.`int` > 5)
select a1 from t1 where doc12.int > 5;
a1
6
7
8
9
10
11
12
explain extended select a1 from t1 use document keys where doc12.int > 5;
id	select_type	table	type	possible_keys	key	key_len	ref	rows	filtered	Extra
1	SIMPLE	t1	range	doc12_int	doc12_int	9	NULL	7	100.00	Using where; Using index
Warnings:
Note	1003	/* select#1 */ select `test`.`t1`.`a1` AS `a1` from `test`.`t1` USE DOCUMENT INDEXES where (`test`.`t1`.`doc12`.`int` > 5)
select a1 from t1 use document keys where doc12.int > 5;
a1
6
7
8
9
10
11
12
explain extended select count(a1) from t1 use document keys group by doc12.int having doc12.int > 5;
id	select_type	table	type	possible_keys	key	key_len	ref	rows	filtered	Extra
1	SIMPLE	t1	index	NULL	doc12_int	9	NULL	12	100.00	Using index; Using temporary; Using filesort
Warnings:
Note	1003	/* select#1 */ select count(`test`.`t1`.`a1`) AS `count(a1)` from `test`.`t1` USE DOCUMENT INDEXES group by `test`.`t1`.`doc12`.`int` having (`test`.`t1`.`doc12`.`int` > 5)
select count(a1) from t1 use document keys group by doc12.int having doc12.int > 5;
count(a1)
1
1
1
1
1
1
1
explain extended select doc12.int from t1 where doc12.int > 5;
id	select_type	table	type	possible_keys	key	key_len	ref	rows	filtered	Extra
1	SIMPLE	t1	ALL	NULL	NULL	NULL	NULL	12	100.00	Using where
Warnings:
Note	1003	/* select#1 */ select `test`.`t1`.`doc12`.`int` AS "`doc12`.`int`" from `test`.`t1` where (`test`.`t1`.`doc12`.`int` > 5)
select doc12.int from t1 where doc12.int > 5;
`doc12`.`int`
6
7
8
9
10
11
12
explain extended select doc12.int from t1 use document keys where doc12.int > 5;
id	select_type	table	type	possible_keys	key	key_len	ref	rows	filtered	Extra
1	SIMPLE	t1	range	doc12_int	doc12_int	9	NULL	7	100.00	Using where; Using index
Warnings:
Note	1003	/* select#1 */ select `test`.`t1`.`doc12`.`int` AS "`doc12`.`int`" from `test`.`t1` USE DOCUMENT INDEXES where (`test`.`t1`.`doc12`.`int` > 5)
select doc12.int from t1 use document keys where doc12.int > 5;
`doc12`.`int`
6
7
8
9
10
11
12
explain extended select count(doc12.int) from t1 use document keys group by doc12.int having doc12.int > 5;
id	select_type	table	type	possible_keys	key	key_len	ref	rows	filtered	Extra
1	SIMPLE	t1	index	NULL	doc12_int	9	NULL	12	100.00	Using index; Using temporary; Using filesort
Warnings:
Note	1003	/* select#1 */ select count(`test`.`t1`.`doc12`.`int`) AS `count(doc12.int)` from `test`.`t1` USE DOCUMENT INDEXES group by `test`.`t1`.`doc12`.`int` having (`test`.`t1`.`doc12`.`int` > 5)
select count(doc12.int) from t1 use document keys group by doc12.int having doc12.int > 5;
count(doc12.int)
1
1
1
1
1
1
1
explain extended select * from t1 where doc11.int > 5;
id	select_type	table	type	possible_keys	key	key_len	ref	rows	filtered	Extra
1	SIMPLE	t1	ALL	NULL	NULL	NULL	NULL	12	100.00	Using where
Warnings:
Note	1003	/* select#1 */ select `test`.`t1`.`a1` AS `a1`,`test`.`t1`.`b1` AS `b1`,`test`.`t1`.`c1` AS `c1`,`test`.`t1`.`d1` AS `d1`,`test`.`t1`.`doc11` AS `doc11`,`test`.`t1`.`doc12` AS `doc12` from `test`.`t1` where (`test`.`t1`.`doc11`.`int` > 5)
select * from t1 where doc11.int > 5;
a1	b1	c1	d1	doc11	doc12
6	6	6.6	fff	{"bool":false,"int":6,"double":6.6,"string":"fff","binary":"fff","k1":{"k2":{"k3":{"int":6}}},"id":6}	{"int":6,"double":6.6}
7	7	7.7	ggg	{"bool":false,"int":7,"double":7.7,"string":"ggg","binary":"ggg","k1":{"k2":{"k3":{"int":7}}},"id":7}	{"int":7,"double":7.7}
8	8	8.8	hhh	{"bool":false,"int":8,"double":8.8,"string":"hhh","binary":"hhh","k1":{"k2":{"k3":{"int":8}}},"id":8}	{"int":8,"double":8.8}
9	9	9.9	iii	{"bool":false,"int":9,"double":9.9,"string":"iii","binary":"iii","k1":{"k2":{"k3":{"int":9}}},"id":9}	{"int":9,"double":9.9}
10	10	10.1	jjj	{"bool":false,"int":10,"double":10.1,"string":"jjj","binary":"jjj","k1":{"k2":{"k3":{"int":10}}},"id":10}	{"int":10,"double":10.1}
11	11	11.11	kkk	{"bool":false,"int":11,"double":11.11,"string":"kkk","binary":"kkk","k1":{"k2":{"k3":{"int":11}}},"id":11}	{"int":11,"double":11.11}
12	12	12.12	lll	{"bool":false,"int":12,"double":12.12,"string":"lll","binary":"lll","k1":{"k2":{"k3":{"int":12}}},"id":12}	{"int":12,"double":12.12}
explain extended select * from t1 use document keys where doc11.int > 5;
id	select_type	table	type	possible_keys	key	key_len	ref	rows	filtered	Extra
1	SIMPLE	t1	ALL	doc11_int	NULL	NULL	NULL	12	58.33	Using where
Warnings:
Note	1003	/* select#1 */ select `test`.`t1`.`a1` AS `a1`,`test`.`t1`.`b1` AS `b1`,`test`.`t1`.`c1` AS `c1`,`test`.`t1`.`d1` AS `d1`,`test`.`t1`.`doc11` AS `doc11`,`test`.`t1`.`doc12` AS `doc12` from `test`.`t1` USE DOCUMENT INDEXES where (`test`.`t1`.`doc11`.`int` > 5)
select * from t1 use document keys where doc11.int > 5;
a1	b1	c1	d1	doc11	doc12
6	6	6.6	fff	{"bool":false,"int":6,"double":6.6,"string":"fff","binary":"fff","k1":{"k2":{"k3":{"int":6}}},"id":6}	{"int":6,"double":6.6}
7	7	7.7	ggg	{"bool":false,"int":7,"double":7.7,"string":"ggg","binary":"ggg","k1":{"k2":{"k3":{"int":7}}},"id":7}	{"int":7,"double":7.7}
8	8	8.8	hhh	{"bool":false,"int":8,"double":8.8,"string":"hhh","binary":"hhh","k1":{"k2":{"k3":{"int":8}}},"id":8}	{"int":8,"double":8.8}
9	9	9.9	iii	{"bool":false,"int":9,"double":9.9,"string":"iii","binary":"iii","k1":{"k2":{"k3":{"int":9}}},"id":9}	{"int":9,"double":9.9}
10	10	10.1	jjj	{"bool":false,"int":10,"double":10.1,"string":"jjj","binary":"jjj","k1":{"k2":{"k3":{"int":10}}},"id":10}	{"int":10,"double":10.1}
11	11	11.11	kkk	{"bool":false,"int":11,"double":11.11,"string":"kkk","binary":"kkk","k1":{"k2":{"k3":{"int":11}}},"id":11}	{"int":11,"double":11.11}
12	12	12.12	lll	{"bool":false,"int":12,"double":12.12,"string":"lll","binary":"lll","k1":{"k2":{"k3":{"int":12}}},"id":12}	{"int":12,"double":12.12}
explain extended select count(*) from t1 use document keys group by doc11.int having doc11.int > 5;
id	select_type	table	type	possible_keys	key	key_len	ref	rows	filtered	Extra
1	SIMPLE	t1	index	NULL	doc11_int	9	NULL	12	100.00	Using index; Using temporary; Using filesort
Warnings:
Note	1003	/* select#1 */ select count(0) AS `count(*)` from `test`.`t1` USE DOCUMENT INDEXES group by `test`.`t1`.`doc11`.`int` having (`test`.`t1`.`doc11`.`int` > 5)
select count(*) from t1 use document keys group by doc11.int having doc11.int > 5;
count(*)
1
1
1
1
1
1
1
explain extended select doc11 from t1 where doc11.int > 5;
id	select_type	table	type	possible_keys	key	key_len	ref	rows	filtered	Extra
1	SIMPLE	t1	ALL	NULL	NULL	NULL	NULL	12	100.00	Using where
Warnings:
Note	1003	/* select#1 */ select `test`.`t1`.`doc11` AS `doc11` from `test`.`t1` where (`test`.`t1`.`doc11`.`int` > 5)
select doc11 from t1 where doc11.int > 5;
doc11
{"bool":false,"int":6,"double":6.6,"string":"fff","binary":"fff","k1":{"k2":{"k3":{"int":6}}},"id":6}
{"bool":false,"int":7,"double":7.7,"string":"ggg","binary":"ggg","k1":{"k2":{"k3":{"int":7}}},"id":7}
{"bool":false,"int":8,"double":8.8,"string":"hhh","binary":"hhh","k1":{"k2":{"k3":{"int":8}}},"id":8}
{"bool":false,"int":9,"double":9.9,"string":"iii","binary":"iii","k1":{"k2":{"k3":{"int":9}}},"id":9}
{"bool":false,"int":10,"double":10.1,"string":"jjj","binary":"jjj","k1":{"k2":{"k3":{"int":10}}},"id":10}
{"bool":false,"int":11,"double":11.11,"string":"kkk","binary":"kkk","k1":{"k2":{"k3":{"int":11}}},"id":11}
{"bool":false,"int":12,"double":12.12,"string":"lll","binary":"lll","k1":{"k2":{"k3":{"int":12}}},"id":12}
explain extended select doc11 from t1 use document keys where doc11.int > 5;
id	select_type	table	type	possible_keys	key	key_len	ref	rows	filtered	Extra
1	SIMPLE	t1	ALL	doc11_int	NULL	NULL	NULL	12	58.33	Using where
Warnings:
Note	1003	/* select#1 */ select `test`.`t1`.`doc11` AS `doc11` from `test`.`t1` USE DOCUMENT INDEXES where (`test`.`t1`.`doc11`.`int` > 5)
select doc11 from t1 use document keys where doc11.int > 5;
doc11
{"bool":false,"int":6,"double":6.6,"string":"fff","binary":"fff","k1":{"k2":{"k3":{"int":6}}},"id":6}
{"bool":false,"int":7,"double":7.7,"string":"ggg","binary":"ggg","k1":{"k2":{"k3":{"int":7}}},"id":7}
{"bool":false,"int":8,"double":8.8,"string":"hhh","binary":"hhh","k1":{"k2":{"k3":{"int":8}}},"id":8}
{"bool":false,"int":9,"double":9.9,"string":"iii","binary":"iii","k1":{"k2":{"k3":{"int":9}}},"id":9}
{"bool":false,"int":10,"double":10.1,"string":"jjj","binary":"jjj","k1":{"k2":{"k3":{"int":10}}},"id":10}
{"bool":false,"int":11,"double":11.11,"string":"kkk","binary":"kkk","k1":{"k2":{"k3":{"int":11}}},"id":11}
{"bool":false,"int":12,"double":12.12,"string":"lll","binary":"lll","k1":{"k2":{"k3":{"int":12}}},"id":12}
explain extended select count(doc11) from t1 use document keys group by doc11.int having doc11.int > 5;
id	select_type	table	type	possible_keys	key	key_len	ref	rows	filtered	Extra
1	SIMPLE	t1	ALL	NULL	NULL	NULL	NULL	12	100.00	Using temporary; Using filesort
Warnings:
Note	1003	/* select#1 */ select count(`test`.`t1`.`doc11`) AS `count(doc11)` from `test`.`t1` USE DOCUMENT INDEXES group by `test`.`t1`.`doc11`.`int` having (`test`.`t1`.`doc11`.`int` > 5)
select count(doc11) from t1 use document keys group by doc11.int having doc11.int > 5;
count(doc11)
1
1
1
1
1
1
1
explain extended select doc11.double from t1 where doc11.int > 5;
id	select_type	table	type	possible_keys	key	key_len	ref	rows	filtered	Extra
1	SIMPLE	t1	ALL	NULL	NULL	NULL	NULL	12	100.00	Using where
Warnings:
Note	1003	/* select#1 */ select `test`.`t1`.`doc11`.`double` AS "`doc11`.`double`" from `test`.`t1` where (`test`.`t1`.`doc11`.`int` > 5)
select doc11.double from t1 where doc11.int > 5;
`doc11`.`double`
6.6
7.7
8.8
9.9
10.1
11.11
12.12
explain extended select doc11.double from t1 use document keys where doc11.int > 5;
id	select_type	table	type	possible_keys	key	key_len	ref	rows	filtered	Extra
1	SIMPLE	t1	ALL	doc11_int	NULL	NULL	NULL	12	58.33	Using where
Warnings:
Note	1003	/* select#1 */ select `test`.`t1`.`doc11`.`double` AS "`doc11`.`double`" from `test`.`t1` USE DOCUMENT INDEXES where (`test`.`t1`.`doc11`.`int` > 5)
select doc11.double from t1 use document keys where doc11.int > 5;
`doc11`.`double`
6.6
7.7
8.8
9.9
10.1
11.11
12.12
explain extended select sum(doc11.double) from t1 use document keys group by doc11.int having doc11.int > 5;
id	select_type	table	type	possible_keys	key	key_len	ref	rows	filtered	Extra
1	SIMPLE	t1	ALL	NULL	NULL	NULL	NULL	12	100.00	Using temporary; Using filesort
Warnings:
Note	1003	/* select#1 */ select sum(`test`.`t1`.`doc11`.`double`) AS `sum(doc11.double)` from `test`.`t1` USE DOCUMENT INDEXES group by `test`.`t1`.`doc11`.`int` having (`test`.`t1`.`doc11`.`int` > 5)
select sum(doc11.double) from t1 use document keys group by doc11.int having doc11.int > 5;
sum(doc11.double)
6.6
7.7
8.8
9.9
10.1
11.11
12.12
explain extended select * from t1 where doc12.int > 5;
id	select_type	table	type	possible_keys	key	key_len	ref	rows	filtered	Extra
1	SIMPLE	t1	ALL	NULL	NULL	NULL	NULL	12	100.00	Using where
Warnings:
Note	1003	/* select#1 */ select `test`.`t1`.`a1` AS `a1`,`test`.`t1`.`b1` AS `b1`,`test`.`t1`.`c1` AS `c1`,`test`.`t1`.`d1` AS `d1`,`test`.`t1`.`doc11` AS `doc11`,`test`.`t1`.`doc12` AS `doc12` from `test`.`t1` where (`test`.`t1`.`doc12`.`int` > 5)
select * from t1 where doc12.int > 5;
a1	b1	c1	d1	doc11	doc12
6	6	6.6	fff	{"bool":false,"int":6,"double":6.6,"string":"fff","binary":"fff","k1":{"k2":{"k3":{"int":6}}},"id":6}	{"int":6,"double":6.6}
7	7	7.7	ggg	{"bool":false,"int":7,"double":7.7,"string":"ggg","binary":"ggg","k1":{"k2":{"k3":{"int":7}}},"id":7}	{"int":7,"double":7.7}
8	8	8.8	hhh	{"bool":false,"int":8,"double":8.8,"string":"hhh","binary":"hhh","k1":{"k2":{"k3":{"int":8}}},"id":8}	{"int":8,"double":8.8}
9	9	9.9	iii	{"bool":false,"int":9,"double":9.9,"string":"iii","binary":"iii","k1":{"k2":{"k3":{"int":9}}},"id":9}	{"int":9,"double":9.9}
10	10	10.1	jjj	{"bool":false,"int":10,"double":10.1,"string":"jjj","binary":"jjj","k1":{"k2":{"k3":{"int":10}}},"id":10}	{"int":10,"double":10.1}
11	11	11.11	kkk	{"bool":false,"int":11,"double":11.11,"string":"kkk","binary":"kkk","k1":{"k2":{"k3":{"int":11}}},"id":11}	{"int":11,"double":11.11}
12	12	12.12	lll	{"bool":false,"int":12,"double":12.12,"string":"lll","binary":"lll","k1":{"k2":{"k3":{"int":12}}},"id":12}	{"int":12,"double":12.12}
explain extended select * from t1 use document keys where doc12.int > 5;
id	select_type	table	type	possible_keys	key	key_len	ref	rows	filtered	Extra
1	SIMPLE	t1	ALL	doc12_int	NULL	NULL	NULL	12	58.33	Using where
Warnings:
Note	1003	/* select#1 */ select `test`.`t1`.`a1` AS `a1`,`test`.`t1`.`b1` AS `b1`,`test`.`t1`.`c1` AS `c1`,`test`.`t1`.`d1` AS `d1`,`test`.`t1`.`doc11` AS `doc11`,`test`.`t1`.`doc12` AS `doc12` from `test`.`t1` USE DOCUMENT INDEXES where (`test`.`t1`.`doc12`.`int` > 5)
select * from t1 use document keys where doc12.int > 5;
a1	b1	c1	d1	doc11	doc12
6	6	6.6	fff	{"bool":false,"int":6,"double":6.6,"string":"fff","binary":"fff","k1":{"k2":{"k3":{"int":6}}},"id":6}	{"int":6,"double":6.6}
7	7	7.7	ggg	{"bool":false,"int":7,"double":7.7,"string":"ggg","binary":"ggg","k1":{"k2":{"k3":{"int":7}}},"id":7}	{"int":7,"double":7.7}
8	8	8.8	hhh	{"bool":false,"int":8,"double":8.8,"string":"hhh","binary":"hhh","k1":{"k2":{"k3":{"int":8}}},"id":8}	{"int":8,"double":8.8}
9	9	9.9	iii	{"bool":false,"int":9,"double":9.9,"string":"iii","binary":"iii","k1":{"k2":{"k3":{"int":9}}},"id":9}	{"int":9,"double":9.9}
10	10	10.1	jjj	{"bool":false,"int":10,"double":10.1,"string":"jjj","binary":"jjj","k1":{"k2":{"k3":{"int":10}}},"id":10}	{"int":10,"double":10.1}
11	11	11.11	kkk	{"bool":false,"int":11,"double":11.11,"string":"kkk","binary":"kkk","k1":{"k2":{"k3":{"int":11}}},"id":11}	{"int":11,"double":11.11}
12	12	12.12	lll	{"bool":false,"int":12,"double":12.12,"string":"lll","binary":"lll","k1":{"k2":{"k3":{"int":12}}},"id":12}	{"int":12,"double":12.12}
explain extended select count(*) from t1 use document keys group by doc12.int having doc12.int > 5;
id	select_type	table	type	possible_keys	key	key_len	ref	rows	filtered	Extra
1	SIMPLE	t1	index	NULL	doc12_int	9	NULL	12	100.00	Using index; Using temporary; Using filesort
Warnings:
Note	1003	/* select#1 */ select count(0) AS `count(*)` from `test`.`t1` USE DOCUMENT INDEXES group by `test`.`t1`.`doc12`.`int` having (`test`.`t1`.`doc12`.`int` > 5)
select count(*) from t1 use document keys group by doc12.int having doc12.int > 5;
count(*)
1
1
1
1
1
1
1
explain extended select doc12 from t1 where doc12.int > 5;
id	select_type	table	type	possible_keys	key	key_len	ref	rows	filtered	Extra
1	SIMPLE	t1	ALL	NULL	NULL	NULL	NULL	12	100.00	Using where
Warnings:
Note	1003	/* select#1 */ select `test`.`t1`.`doc12` AS `doc12` from `test`.`t1` where (`test`.`t1`.`doc12`.`int` > 5)
select doc12 from t1 where doc12.int > 5;
doc12
{"int":6,"double":6.6}
{"int":7,"double":7.7}
{"int":8,"double":8.8}
{"int":9,"double":9.9}
{"int":10,"double":10.1}
{"int":11,"double":11.11}
{"int":12,"double":12.12}
explain extended select doc12 from t1 use document keys where doc12.int > 5;
id	select_type	table	type	possible_keys	key	key_len	ref	rows	filtered	Extra
1	SIMPLE	t1	ALL	doc12_int	NULL	NULL	NULL	12	58.33	Using where
Warnings:
Note	1003	/* select#1 */ select `test`.`t1`.`doc12` AS `doc12` from `test`.`t1` USE DOCUMENT INDEXES where (`test`.`t1`.`doc12`.`int` > 5)
select doc12 from t1 use document keys where doc12.int > 5;
doc12
{"int":6,"double":6.6}
{"int":7,"double":7.7}
{"int":8,"double":8.8}
{"int":9,"double":9.9}
{"int":10,"double":10.1}
{"int":11,"double":11.11}
{"int":12,"double":12.12}
explain extended select count(doc12) from t1 use document keys group by doc12.int having doc12.int > 5;
id	select_type	table	type	possible_keys	key	key_len	ref	rows	filtered	Extra
1	SIMPLE	t1	ALL	NULL	NULL	NULL	NULL	12	100.00	Using temporary; Using filesort
Warnings:
Note	1003	/* select#1 */ select count(`test`.`t1`.`doc12`) AS `count(doc12)` from `test`.`t1` USE DOCUMENT INDEXES group by `test`.`t1`.`doc12`.`int` having (`test`.`t1`.`doc12`.`int` > 5)
select count(doc12) from t1 use document keys group by doc12.int having doc12.int > 5;
count(doc12)
1
1
1
1
1
1
1
explain extended select doc12.double from t1 where doc12.int > 5;
id	select_type	table	type	possible_keys	key	key_len	ref	rows	filtered	Extra
1	SIMPLE	t1	ALL	NULL	NULL	NULL	NULL	12	100.00	Using where
Warnings:
Note	1003	/* select#1 */ select `test`.`t1`.`doc12`.`double` AS "`doc12`.`double`" from `test`.`t1` where (`test`.`t1`.`doc12`.`int` > 5)
select doc12.double from t1 where doc12.int > 5;
`doc12`.`double`
6.6
7.7
8.8
9.9
10.1
11.11
12.12
explain extended select doc12.double from t1 use document keys where doc12.int > 5;
id	select_type	table	type	possible_keys	key	key_len	ref	rows	filtered	Extra
1	SIMPLE	t1	ALL	doc12_int	NULL	NULL	NULL	12	58.33	Using where
Warnings:
Note	1003	/* select#1 */ select `test`.`t1`.`doc12`.`double` AS "`doc12`.`double`" from `test`.`t1` USE DOCUMENT INDEXES where (`test`.`t1`.`doc12`.`int` > 5)
select doc12.double from t1 use document keys where doc12.int > 5;
`doc12`.`double`
6.6
7.7
8.8
9.9
10.1
11.11
12.12
explain extended select sum(doc12.double) from t1 use document keys group by doc12.int having doc12.int > 5;
id	select_type	table	type	possible_keys	key	key_len	ref	rows	filtered	Extra
1	SIMPLE	t1	ALL	NULL	NULL	NULL	NULL	12	100.00	Using temporary; Using filesort
Warnings:
Note	1003	/* select#1 */ select sum(`test`.`t1`.`doc12`.`double`) AS `sum(doc12.double)` from `test`.`t1` USE DOCUMENT INDEXES group by `test`.`t1`.`doc12`.`int` having (`test`.`t1`.`doc12`.`int` > 5)
select sum(doc12.double) from t1 use document keys group by doc12.int having doc12.int > 5;
sum(doc12.double)
6.6
7.7
8.8
9.9
10.1
11.11
12.12
explain extended select doc11.k1.k2 from t1 where doc11.k1.k2.k3.int > 5;
id	select_type	table	type	possible_keys	key	key_len	ref	rows	filtered	Extra
1	SIMPLE	t1	ALL	NULL	NULL	NULL	NULL	12	100.00	Using where
Warnings:
Note	1003	/* select#1 */ select `test`.`t1`.`doc11`.`k1`.`k2` AS "`doc11`.`k1`.`k2`" from `test`.`t1` where (`test`.`t1`.`doc11`.`k1`.`k2`.`k3`.`int` > 5)
select doc11.k1.k2 from t1 where doc11.k1.k2.k3.int > 5;
`doc11`.`k1`.`k2`
{"k3":{"int":6}}
{"k3":{"int":7}}
{"k3":{"int":8}}
{"k3":{"int":9}}
{"k3":{"int":10}}
{"k3":{"int":11}}
{"k3":{"int":12}}
explain extended select doc11.k1.k2 from t1 use document keys where doc11.k1.k2.k3.int > 5;
id	select_type	table	type	possible_keys	key	key_len	ref	rows	filtered	Extra
1	SIMPLE	t1	ALL	doc11_nested	NULL	NULL	NULL	12	58.33	Using where
Warnings:
Note	1003	/* select#1 */ select `test`.`t1`.`doc11`.`k1`.`k2` AS "`doc11`.`k1`.`k2`" from `test`.`t1` USE DOCUMENT INDEXES where (`test`.`t1`.`doc11`.`k1`.`k2`.`k3`.`int` > 5)
select doc11.k1.k2 from t1 use document keys where doc11.k1.k2.k3.int > 5;
`doc11`.`k1`.`k2`
{"k3":{"int":6}}
{"k3":{"int":7}}
{"k3":{"int":8}}
{"k3":{"int":9}}
{"k3":{"int":10}}
{"k3":{"int":11}}
{"k3":{"int":12}}
select doc11.k1.k2.k3 from t1 use document keys where doc11.k1.k2.k3.int > 5;
`doc11`.`k1`.`k2`.`k3`
{"int":6}
{"int":7}
{"int":8}
{"int":9}
{"int":10}
{"int":11}
{"int":12}
select doc11.k1.k2.k3.int.foo from t1 use document keys where doc11.k1.k2.k3.int > 5;
`doc11`.`k1`.`k2`.`k3`.`int`.`foo`
NULL
NULL
NULL
NULL
NULL
NULL
NULL
explain extended select doc11.k1.k2.k3.int from t1 use document keys where doc11.k1.k2.k3 > 5;
id	select_type	table	type	possible_keys	key	key_len	ref	rows	filtered	Extra
1	SIMPLE	t1	ALL	NULL	NULL	NULL	NULL	12	100.00	Using where
Warnings:
Note	1003	/* select#1 */ select `test`.`t1`.`doc11`.`k1`.`k2`.`k3`.`int` AS "`doc11`.`k1`.`k2`.`k3`.`int`" from `test`.`t1` USE DOCUMENT INDEXES where (`test`.`t1`.`doc11`.`k1`.`k2`.`k3` > 5)
select doc11.k1.k2.k3.int from t1 use document keys where doc11.k1.k2.k3 > 5;
`doc11`.`k1`.`k2`.`k3`.`int`
explain extended select a1 from t1 where doc11.double > 5.5;
id	select_type	table	type	possible_keys	key	key_len	ref	rows	filtered	Extra
1	SIMPLE	t1	ALL	NULL	NULL	NULL	NULL	12	100.00	Using where
Warnings:
Note	1003	/* select#1 */ select `test`.`t1`.`a1` AS `a1` from `test`.`t1` where (`test`.`t1`.`doc11`.`double` > 5.5)
select a1 from t1 where doc11.double > 5.5;
a1
6
7
8
9
10
11
12
explain extended select a1 from t1 use document keys where doc11.double > 5.5;
id	select_type	table	type	possible_keys	key	key_len	ref	rows	filtered	Extra
1	SIMPLE	t1	range	doc11_double	doc11_double	9	NULL	7	100.00	Using where; Using index
Warnings:
Note	1003	/* select#1 */ select `test`.`t1`.`a1` AS `a1` from `test`.`t1` USE DOCUMENT INDEXES where (`test`.`t1`.`doc11`.`double` > 5.5)
select a1 from t1 use document keys where doc11.double > 5.5;
a1
6
7
8
9
10
11
12
explain extended select sum(a1) from t1 use document keys group by doc11.double having doc11.double > 5.5;
id	select_type	table	type	possible_keys	key	key_len	ref	rows	filtered	Extra
1	SIMPLE	t1	index	NULL	doc11_double	9	NULL	12	100.00	Using index; Using temporary; Using filesort
Warnings:
Note	1003	/* select#1 */ select sum(`test`.`t1`.`a1`) AS `sum(a1)` from `test`.`t1` USE DOCUMENT INDEXES group by `test`.`t1`.`doc11`.`double` having (`test`.`t1`.`doc11`.`double` > 5.5)
select sum(a1) from t1 use document keys group by doc11.double having doc11.double > 5.5;
sum(a1)
6
7
8
9
10
11
12
explain extended select doc11.double from t1 where doc11.double > 5.5;
id	select_type	table	type	possible_keys	key	key_len	ref	rows	filtered	Extra
1	SIMPLE	t1	ALL	NULL	NULL	NULL	NULL	12	100.00	Using where
Warnings:
Note	1003	/* select#1 */ select `test`.`t1`.`doc11`.`double` AS "`doc11`.`double`" from `test`.`t1` where (`test`.`t1`.`doc11`.`double` > 5.5)
select doc11.double from t1 where doc11.double > 5.5;
`doc11`.`double`
6.6
7.7
8.8
9.9
10.1
11.11
12.12
explain extended select doc11.double from t1 use document keys where doc11.double > 5.5;
id	select_type	table	type	possible_keys	key	key_len	ref	rows	filtered	Extra
1	SIMPLE	t1	range	doc11_double	doc11_double	9	NULL	7	100.00	Using where; Using index
Warnings:
Note	1003	/* select#1 */ select `test`.`t1`.`doc11`.`double` AS "`doc11`.`double`" from `test`.`t1` USE DOCUMENT INDEXES where (`test`.`t1`.`doc11`.`double` > 5.5)
select doc11.double from t1 use document keys where doc11.double > 5.5;
`doc11`.`double`
6.6
7.7
8.8
9.9
10.1
11.11
12.12
explain extended select sum(doc11.double) from t1 use document keys group by doc11.double having doc11.double > 5.5;
id	select_type	table	type	possible_keys	key	key_len	ref	rows	filtered	Extra
1	SIMPLE	t1	index	NULL	doc11_double	9	NULL	12	100.00	Using index; Using temporary; Using filesort
Warnings:
Note	1003	/* select#1 */ select sum(`test`.`t1`.`doc11`.`double`) AS `sum(doc11.double)` from `test`.`t1` USE DOCUMENT INDEXES group by `test`.`t1`.`doc11`.`double` having (`test`.`t1`.`doc11`.`double` > 5.5)
select sum(doc11.double) from t1 use document keys group by doc11.double having doc11.double > 5.5;
sum(doc11.double)
6.6
7.7
8.8
9.9
10.1
11.11
12.12
explain extended select a1 from t1 where doc12.double > 5.5;
id	select_type	table	type	possible_keys	key	key_len	ref	rows	filtered	Extra
1	SIMPLE	t1	ALL	NULL	NULL	NULL	NULL	12	100.00	Using where
Warnings:
Note	1003	/* select#1 */ select `test`.`t1`.`a1` AS `a1` from `test`.`t1` where (`test`.`t1`.`doc12`.`double` > 5.5)
select a1 from t1 where doc12.double > 5.5;
a1
6
7
8
9
10
11
12
explain extended select a1 from t1 use document keys where doc12.double > 5.5;
id	select_type	table	type	possible_keys	key	key_len	ref	rows	filtered	Extra
1	SIMPLE	t1	range	doc12_double	doc12_double	9	NULL	7	100.00	Using where; Using index
Warnings:
Note	1003	/* select#1 */ select `test`.`t1`.`a1` AS `a1` from `test`.`t1` USE DOCUMENT INDEXES where (`test`.`t1`.`doc12`.`double` > 5.5)
select a1 from t1 use document keys where doc12.double > 5.5;
a1
6
7
8
9
10
11
12
explain extended select count(a1) from t1 use document keys group by doc12.double having doc12.double > 5.5;
id	select_type	table	type	possible_keys	key	key_len	ref	rows	filtered	Extra
1	SIMPLE	t1	index	NULL	doc12_double	9	NULL	12	100.00	Using index; Using temporary; Using filesort
Warnings:
Note	1003	/* select#1 */ select count(`test`.`t1`.`a1`) AS `count(a1)` from `test`.`t1` USE DOCUMENT INDEXES group by `test`.`t1`.`doc12`.`double` having (`test`.`t1`.`doc12`.`double` > 5.5)
select count(a1) from t1 use document keys group by doc12.double having doc12.double > 5.5;
count(a1)
1
1
1
1
1
1
1
explain extended select doc12.double from t1 where doc12.double > 5.5;
id	select_type	table	type	possible_keys	key	key_len	ref	rows	filtered	Extra
1	SIMPLE	t1	ALL	NULL	NULL	NULL	NULL	12	100.00	Using where
Warnings:
Note	1003	/* select#1 */ select `test`.`t1`.`doc12`.`double` AS "`doc12`.`double`" from `test`.`t1` where (`test`.`t1`.`doc12`.`double` > 5.5)
select doc12.double from t1 where doc12.double > 5.5;
`doc12`.`double`
6.6
7.7
8.8
9.9
10.1
11.11
12.12
explain extended select doc12.double from t1 use document keys where doc12.double > 5.5;
id	select_type	table	type	possible_keys	key	key_len	ref	rows	filtered	Extra
1	SIMPLE	t1	range	doc12_double	doc12_double	9	NULL	7	100.00	Using where; Using index
Warnings:
Note	1003	/* select#1 */ select `test`.`t1`.`doc12`.`double` AS "`doc12`.`double`" from `test`.`t1` USE DOCUMENT INDEXES where (`test`.`t1`.`doc12`.`double` > 5.5)
select doc12.double from t1 use document keys where doc12.double > 5.5;
`doc12`.`double`
6.6
7.7
8.8
9.9
10.1
11.11
12.12
explain extended select count(doc12.double) from t1 use document keys group by doc12.double having doc12.double > 5.5;
id	select_type	table	type	possible_keys	key	key_len	ref	rows	filtered	Extra
1	SIMPLE	t1	index	NULL	doc12_double	9	NULL	12	100.00	Using index; Using temporary; Using filesort
Warnings:
Note	1003	/* select#1 */ select count(`test`.`t1`.`doc12`.`double`) AS `count(doc12.double)` from `test`.`t1` USE DOCUMENT INDEXES group by `test`.`t1`.`doc12`.`double` having (`test`.`t1`.`doc12`.`double` > 5.5)
select count(doc12.double) from t1 use document keys group by doc12.double having doc12.double > 5.5;
count(doc12.double)
1
1
1
1
1
1
1
explain extended select * from t1 where doc11.double > 5.5;
id	select_type	table	type	possible_keys	key	key_len	ref	rows	filtered	Extra
1	SIMPLE	t1	ALL	NULL	NULL	NULL	NULL	12	100.00	Using where
Warnings:
Note	1003	/* select#1 */ select `test`.`t1`.`a1` AS `a1`,`test`.`t1`.`b1` AS `b1`,`test`.`t1`.`c1` AS `c1`,`test`.`t1`.`d1` AS `d1`,`test`.`t1`.`doc11` AS `doc11`,`test`.`t1`.`doc12` AS `doc12` from `test`.`t1` where (`test`.`t1`.`doc11`.`double` > 5.5)
select * from t1 where doc11.double > 5.5;
a1	b1	c1	d1	doc11	doc12
6	6	6.6	fff	{"bool":false,"int":6,"double":6.6,"string":"fff","binary":"fff","k1":{"k2":{"k3":{"int":6}}},"id":6}	{"int":6,"double":6.6}
7	7	7.7	ggg	{"bool":false,"int":7,"double":7.7,"string":"ggg","binary":"ggg","k1":{"k2":{"k3":{"int":7}}},"id":7}	{"int":7,"double":7.7}
8	8	8.8	hhh	{"bool":false,"int":8,"double":8.8,"string":"hhh","binary":"hhh","k1":{"k2":{"k3":{"int":8}}},"id":8}	{"int":8,"double":8.8}
9	9	9.9	iii	{"bool":false,"int":9,"double":9.9,"string":"iii","binary":"iii","k1":{"k2":{"k3":{"int":9}}},"id":9}	{"int":9,"double":9.9}
10	10	10.1	jjj	{"bool":false,"int":10,"double":10.1,"string":"jjj","binary":"jjj","k1":{"k2":{"k3":{"int":10}}},"id":10}	{"int":10,"double":10.1}
11	11	11.11	kkk	{"bool":false,"int":11,"double":11.11,"string":"kkk","binary":"kkk","k1":{"k2":{"k3":{"int":11}}},"id":11}	{"int":11,"double":11.11}
12	12	12.12	lll	{"bool":false,"int":12,"double":12.12,"string":"lll","binary":"lll","k1":{"k2":{"k3":{"int":12}}},"id":12}	{"int":12,"double":12.12}
explain extended select * from t1 use document keys where doc11.double > 5.5;
id	select_type	table	type	possible_keys	key	key_len	ref	rows	filtered	Extra
1	SIMPLE	t1	ALL	doc11_double	NULL	NULL	NULL	12	58.33	Using where
Warnings:
Note	1003	/* select#1 */ select `test`.`t1`.`a1` AS `a1`,`test`.`t1`.`b1` AS `b1`,`test`.`t1`.`c1` AS `c1`,`test`.`t1`.`d1` AS `d1`,`test`.`t1`.`doc11` AS `doc11`,`test`.`t1`.`doc12` AS `doc12` from `test`.`t1` USE DOCUMENT INDEXES where (`test`.`t1`.`doc11`.`double` > 5.5)
select * from t1 use document keys where doc11.double > 5.5;
a1	b1	c1	d1	doc11	doc12
6	6	6.6	fff	{"bool":false,"int":6,"double":6.6,"string":"fff","binary":"fff","k1":{"k2":{"k3":{"int":6}}},"id":6}	{"int":6,"double":6.6}
7	7	7.7	ggg	{"bool":false,"int":7,"double":7.7,"string":"ggg","binary":"ggg","k1":{"k2":{"k3":{"int":7}}},"id":7}	{"int":7,"double":7.7}
8	8	8.8	hhh	{"bool":false,"int":8,"double":8.8,"string":"hhh","binary":"hhh","k1":{"k2":{"k3":{"int":8}}},"id":8}	{"int":8,"double":8.8}
9	9	9.9	iii	{"bool":false,"int":9,"double":9.9,"string":"iii","binary":"iii","k1":{"k2":{"k3":{"int":9}}},"id":9}	{"int":9,"double":9.9}
10	10	10.1	jjj	{"bool":false,"int":10,"double":10.1,"string":"jjj","binary":"jjj","k1":{"k2":{"k3":{"int":10}}},"id":10}	{"int":10,"double":10.1}
11	11	11.11	kkk	{"bool":false,"int":11,"double":11.11,"string":"kkk","binary":"kkk","k1":{"k2":{"k3":{"int":11}}},"id":11}	{"int":11,"double":11.11}
12	12	12.12	lll	{"bool":false,"int":12,"double":12.12,"string":"lll","binary":"lll","k1":{"k2":{"k3":{"int":12}}},"id":12}	{"int":12,"double":12.12}
explain extended select count(*) from t1 use document keys group by doc11.double having doc11.double > 5.5;
id	select_type	table	type	possible_keys	key	key_len	ref	rows	filtered	Extra
1	SIMPLE	t1	index	NULL	doc11_double	9	NULL	12	100.00	Using index; Using temporary; Using filesort
Warnings:
Note	1003	/* select#1 */ select count(0) AS `count(*)` from `test`.`t1` USE DOCUMENT INDEXES group by `test`.`t1`.`doc11`.`double` having (`test`.`t1`.`doc11`.`double` > 5.5)
select count(*) from t1 use document keys group by doc11.double having doc11.double > 5.5;
count(*)
1
1
1
1
1
1
1
explain extended select doc11 from t1 where doc11.double > 5.5;
id	select_type	table	type	possible_keys	key	key_len	ref	rows	filtered	Extra
1	SIMPLE	t1	ALL	NULL	NULL	NULL	NULL	12	100.00	Using where
Warnings:
Note	1003	/* select#1 */ select `test`.`t1`.`doc11` AS `doc11` from `test`.`t1` where (`test`.`t1`.`doc11`.`double` > 5.5)
select doc11 from t1 where doc11.double > 5.5;
doc11
{"bool":false,"int":6,"double":6.6,"string":"fff","binary":"fff","k1":{"k2":{"k3":{"int":6}}},"id":6}
{"bool":false,"int":7,"double":7.7,"string":"ggg","binary":"ggg","k1":{"k2":{"k3":{"int":7}}},"id":7}
{"bool":false,"int":8,"double":8.8,"string":"hhh","binary":"hhh","k1":{"k2":{"k3":{"int":8}}},"id":8}
{"bool":false,"int":9,"double":9.9,"string":"iii","binary":"iii","k1":{"k2":{"k3":{"int":9}}},"id":9}
{"bool":false,"int":10,"double":10.1,"string":"jjj","binary":"jjj","k1":{"k2":{"k3":{"int":10}}},"id":10}
{"bool":false,"int":11,"double":11.11,"string":"kkk","binary":"kkk","k1":{"k2":{"k3":{"int":11}}},"id":11}
{"bool":false,"int":12,"double":12.12,"string":"lll","binary":"lll","k1":{"k2":{"k3":{"int":12}}},"id":12}
explain extended select doc11 from t1 use document keys where doc11.double > 5.5;
id	select_type	table	type	possible_keys	key	key_len	ref	rows	filtered	Extra
1	SIMPLE	t1	ALL	doc11_double	NULL	NULL	NULL	12	58.33	Using where
Warnings:
Note	1003	/* select#1 */ select `test`.`t1`.`doc11` AS `doc11` from `test`.`t1` USE DOCUMENT INDEXES where (`test`.`t1`.`doc11`.`double` > 5.5)
select doc11 from t1 use document keys where doc11.double > 5.5;
doc11
{"bool":false,"int":6,"double":6.6,"string":"fff","binary":"fff","k1":{"k2":{"k3":{"int":6}}},"id":6}
{"bool":false,"int":7,"double":7.7,"string":"ggg","binary":"ggg","k1":{"k2":{"k3":{"int":7}}},"id":7}
{"bool":false,"int":8,"double":8.8,"string":"hhh","binary":"hhh","k1":{"k2":{"k3":{"int":8}}},"id":8}
{"bool":false,"int":9,"double":9.9,"string":"iii","binary":"iii","k1":{"k2":{"k3":{"int":9}}},"id":9}
{"bool":false,"int":10,"double":10.1,"string":"jjj","binary":"jjj","k1":{"k2":{"k3":{"int":10}}},"id":10}
{"bool":false,"int":11,"double":11.11,"string":"kkk","binary":"kkk","k1":{"k2":{"k3":{"int":11}}},"id":11}
{"bool":false,"int":12,"double":12.12,"string":"lll","binary":"lll","k1":{"k2":{"k3":{"int":12}}},"id":12}
explain extended select count(doc11) from t1 use document keys group by doc11.double having doc11.double > 5.5;
id	select_type	table	type	possible_keys	key	key_len	ref	rows	filtered	Extra
1	SIMPLE	t1	ALL	NULL	NULL	NULL	NULL	12	100.00	Using temporary; Using filesort
Warnings:
Note	1003	/* select#1 */ select count(`test`.`t1`.`doc11`) AS `count(doc11)` from `test`.`t1` USE DOCUMENT INDEXES group by `test`.`t1`.`doc11`.`double` having (`test`.`t1`.`doc11`.`double` > 5.5)
select count(doc11) from t1 use document keys group by doc11.double having doc11.double > 5.5;
count(doc11)
1
1
1
1
1
1
1
explain extended select doc11.string from t1 where doc11.double > 5.5;
id	select_type	table	type	possible_keys	key	key_len	ref	rows	filtered	Extra
1	SIMPLE	t1	ALL	NULL	NULL	NULL	NULL	12	100.00	Using where
Warnings:
Note	1003	/* select#1 */ select `test`.`t1`.`doc11`.`string` AS "`doc11`.`string`" from `test`.`t1` where (`test`.`t1`.`doc11`.`double` > 5.5)
select doc11.string from t1 where doc11.double > 5.5;
`doc11`.`string`
fff
ggg
hhh
iii
jjj
kkk
lll
explain extended select doc11.string from t1 use document keys where doc11.double > 5.5;
id	select_type	table	type	possible_keys	key	key_len	ref	rows	filtered	Extra
1	SIMPLE	t1	ALL	doc11_double	NULL	NULL	NULL	12	58.33	Using where
Warnings:
Note	1003	/* select#1 */ select `test`.`t1`.`doc11`.`string` AS "`doc11`.`string`" from `test`.`t1` USE DOCUMENT INDEXES where (`test`.`t1`.`doc11`.`double` > 5.5)
select doc11.string from t1 use document keys where doc11.double > 5.5;
`doc11`.`string`
fff
ggg
hhh
iii
jjj
kkk
lll
explain extended select count(doc11.string) from t1 use document keys group by doc11.double having doc11.double > 5.5;
id	select_type	table	type	possible_keys	key	key_len	ref	rows	filtered	Extra
1	SIMPLE	t1	ALL	NULL	NULL	NULL	NULL	12	100.00	Using temporary; Using filesort
Warnings:
Note	1003	/* select#1 */ select count(`test`.`t1`.`doc11`.`string`) AS `count(doc11.string)` from `test`.`t1` USE DOCUMENT INDEXES group by `test`.`t1`.`doc11`.`double` having (`test`.`t1`.`doc11`.`double` > 5.5)
select count(doc11.string) from t1 use document keys group by doc11.double having doc11.double > 5.5;
count(doc11.string)
1
1
1
1
1
1
1
explain extended select * from t1 where doc12.double > 5.5;
id	select_type	table	type	possible_keys	key	key_len	ref	rows	filtered	Extra
1	SIMPLE	t1	ALL	NULL	NULL	NULL	NULL	12	100.00	Using where
Warnings:
Note	1003	/* select#1 */ select `test`.`t1`.`a1` AS `a1`,`test`.`t1`.`b1` AS `b1`,`test`.`t1`.`c1` AS `c1`,`test`.`t1`.`d1` AS `d1`,`test`.`t1`.`doc11` AS `doc11`,`test`.`t1`.`doc12` AS `doc12` from `test`.`t1` where (`test`.`t1`.`doc12`.`double` > 5.5)
select * from t1 where doc12.double > 5.5;
a1	b1	c1	d1	doc11	doc12
6	6	6.6	fff	{"bool":false,"int":6,"double":6.6,"string":"fff","binary":"fff","k1":{"k2":{"k3":{"int":6}}},"id":6}	{"int":6,"double":6.6}
7	7	7.7	ggg	{"bool":false,"int":7,"double":7.7,"string":"ggg","binary":"ggg","k1":{"k2":{"k3":{"int":7}}},"id":7}	{"int":7,"double":7.7}
8	8	8.8	hhh	{"bool":false,"int":8,"double":8.8,"string":"hhh","binary":"hhh","k1":{"k2":{"k3":{"int":8}}},"id":8}	{"int":8,"double":8.8}
9	9	9.9	iii	{"bool":false,"int":9,"double":9.9,"string":"iii","binary":"iii","k1":{"k2":{"k3":{"int":9}}},"id":9}	{"int":9,"double":9.9}
10	10	10.1	jjj	{"bool":false,"int":10,"double":10.1,"string":"jjj","binary":"jjj","k1":{"k2":{"k3":{"int":10}}},"id":10}	{"int":10,"double":10.1}
11	11	11.11	kkk	{"bool":false,"int":11,"double":11.11,"string":"kkk","binary":"kkk","k1":{"k2":{"k3":{"int":11}}},"id":11}	{"int":11,"double":11.11}
12	12	12.12	lll	{"bool":false,"int":12,"double":12.12,"string":"lll","binary":"lll","k1":{"k2":{"k3":{"int":12}}},"id":12}	{"int":12,"double":12.12}
explain extended select * from t1 use document keys where doc12.double > 5.5;
id	select_type	table	type	possible_keys	key	key_len	ref	rows	filtered	Extra
1	SIMPLE	t1	ALL	doc12_double	NULL	NULL	NULL	12	58.33	Using where
Warnings:
Note	1003	/* select#1 */ select `test`.`t1`.`a1` AS `a1`,`test`.`t1`.`b1` AS `b1`,`test`.`t1`.`c1` AS `c1`,`test`.`t1`.`d1` AS `d1`,`test`.`t1`.`doc11` AS `doc11`,`test`.`t1`.`doc12` AS `doc12` from `test`.`t1` USE DOCUMENT INDEXES where (`test`.`t1`.`doc12`.`double` > 5.5)
select * from t1 use document keys where doc12.double > 5.5;
a1	b1	c1	d1	doc11	doc12
6	6	6.6	fff	{"bool":false,"int":6,"double":6.6,"string":"fff","binary":"fff","k1":{"k2":{"k3":{"int":6}}},"id":6}	{"int":6,"double":6.6}
7	7	7.7	ggg	{"bool":false,"int":7,"double":7.7,"string":"ggg","binary":"ggg","k1":{"k2":{"k3":{"int":7}}},"id":7}	{"int":7,"double":7.7}
8	8	8.8	hhh	{"bool":false,"int":8,"double":8.8,"string":"hhh","binary":"hhh","k1":{"k2":{"k3":{"int":8}}},"id":8}	{"int":8,"double":8.8}
9	9	9.9	iii	{"bool":false,"int":9,"double":9.9,"string":"iii","binary":"iii","k1":{"k2":{"k3":{"int":9}}},"id":9}	{"int":9,"double":9.9}
10	10	10.1	jjj	{"bool":false,"int":10,"double":10.1,"string":"jjj","binary":"jjj","k1":{"k2":{"k3":{"int":10}}},"id":10}	{"int":10,"double":10.1}
11	11	11.11	kkk	{"bool":false,"int":11,"double":11.11,"string":"kkk","binary":"kkk","k1":{"k2":{"k3":{"int":11}}},"id":11}	{"int":11,"double":11.11}
12	12	12.12	lll	{"bool":false,"int":12,"double":12.12,"string":"lll","binary":"lll","k1":{"k2":{"k3":{"int":12}}},"id":12}	{"int":12,"double":12.12}
explain extended select count(*) from t1 use document keys group by doc12.double having doc12.double > 5.5;
id	select_type	table	type	possible_keys	key	key_len	ref	rows	filtered	Extra
1	SIMPLE	t1	index	NULL	doc12_double	9	NULL	12	100.00	Using index; Using temporary; Using filesort
Warnings:
Note	1003	/* select#1 */ select count(0) AS `count(*)` from `test`.`t1` USE DOCUMENT INDEXES group by `test`.`t1`.`doc12`.`double` having (`test`.`t1`.`doc12`.`double` > 5.5)
select count(*) from t1 use document keys group by doc12.double having doc12.double > 5.5;
count(*)
1
1
1
1
1
1
1
explain extended select doc12 from t1 where doc12.double > 5.5;
id	select_type	table	type	possible_keys	key	key_len	ref	rows	filtered	Extra
1	SIMPLE	t1	ALL	NULL	NULL	NULL	NULL	12	100.00	Using where
Warnings:
Note	1003	/* select#1 */ select `test`.`t1`.`doc12` AS `doc12` from `test`.`t1` where (`test`.`t1`.`doc12`.`double` > 5.5)
select doc12 from t1 where doc12.double > 5.5;
doc12
{"int":6,"double":6.6}
{"int":7,"double":7.7}
{"int":8,"double":8.8}
{"int":9,"double":9.9}
{"int":10,"double":10.1}
{"int":11,"double":11.11}
{"int":12,"double":12.12}
explain extended select doc12 from t1 use document keys where doc12.double > 5.5;
id	select_type	table	type	possible_keys	key	key_len	ref	rows	filtered	Extra
1	SIMPLE	t1	ALL	doc12_double	NULL	NULL	NULL	12	58.33	Using where
Warnings:
Note	1003	/* select#1 */ select `test`.`t1`.`doc12` AS `doc12` from `test`.`t1` USE DOCUMENT INDEXES where (`test`.`t1`.`doc12`.`double` > 5.5)
select doc12 from t1 use document keys where doc12.double > 5.5;
doc12
{"int":6,"double":6.6}
{"int":7,"double":7.7}
{"int":8,"double":8.8}
{"int":9,"double":9.9}
{"int":10,"double":10.1}
{"int":11,"double":11.11}
{"int":12,"double":12.12}
explain extended select count(doc12) from t1 use document keys group by doc12.double having doc12.double > 5.5;
id	select_type	table	type	possible_keys	key	key_len	ref	rows	filtered	Extra
1	SIMPLE	t1	ALL	NULL	NULL	NULL	NULL	12	100.00	Using temporary; Using filesort
Warnings:
Note	1003	/* select#1 */ select count(`test`.`t1`.`doc12`) AS `count(doc12)` from `test`.`t1` USE DOCUMENT INDEXES group by `test`.`t1`.`doc12`.`double` having (`test`.`t1`.`doc12`.`double` > 5.5)
select count(doc12) from t1 use document keys group by doc12.double having doc12.double > 5.5;
count(doc12)
1
1
1
1
1
1
1
explain extended select doc12.int from t1 where doc12.double > 5.5;
id	select_type	table	type	possible_keys	key	key_len	ref	rows	filtered	Extra
1	SIMPLE	t1	ALL	NULL	NULL	NULL	NULL	12	100.00	Using where
Warnings:
Note	1003	/* select#1 */ select `test`.`t1`.`doc12`.`int` AS "`doc12`.`int`" from `test`.`t1` where (`test`.`t1`.`doc12`.`double` > 5.5)
select doc12.int from t1 where doc12.double > 5.5;
`doc12`.`int`
6
7
8
9
10
11
12
explain extended select doc12.int from t1 use document keys where doc12.double > 5.5;
id	select_type	table	type	possible_keys	key	key_len	ref	rows	filtered	Extra
1	SIMPLE	t1	ALL	doc12_double	NULL	NULL	NULL	12	58.33	Using where
Warnings:
Note	1003	/* select#1 */ select `test`.`t1`.`doc12`.`int` AS "`doc12`.`int`" from `test`.`t1` USE DOCUMENT INDEXES where (`test`.`t1`.`doc12`.`double` > 5.5)
select doc12.int from t1 use document keys where doc12.double > 5.5;
`doc12`.`int`
6
7
8
9
10
11
12
explain extended select count(doc12.int) from t1 use document keys group by doc12.double having doc12.double > 5.5;
id	select_type	table	type	possible_keys	key	key_len	ref	rows	filtered	Extra
1	SIMPLE	t1	ALL	NULL	NULL	NULL	NULL	12	100.00	Using temporary; Using filesort
Warnings:
Note	1003	/* select#1 */ select count(`test`.`t1`.`doc12`.`int`) AS `count(doc12.int)` from `test`.`t1` USE DOCUMENT INDEXES group by `test`.`t1`.`doc12`.`double` having (`test`.`t1`.`doc12`.`double` > 5.5)
select count(doc12.int) from t1 use document keys group by doc12.double having doc12.double > 5.5;
count(doc12.int)
1
1
1
1
1
1
1
explain extended select a1 from t1 where doc11.string = 'eee';
id	select_type	table	type	possible_keys	key	key_len	ref	rows	filtered	Extra
1	SIMPLE	t1	ALL	NULL	NULL	NULL	NULL	12	100.00	Using where
Warnings:
Note	1003	/* select#1 */ select `test`.`t1`.`a1` AS `a1` from `test`.`t1` where (`test`.`t1`.`doc11`.`string` = 'eee')
select a1 from t1 where doc11.string = 'eee';
a1
5
explain extended select a1 from t1 use document keys where doc11.string = 'eee';
id	select_type	table	type	possible_keys	key	key_len	ref	rows	filtered	Extra
1	SIMPLE	t1	ref	doc11_string	doc11_string	101	const	1	100.00	NULL
Warnings:
Note	1003	/* select#1 */ select `test`.`t1`.`a1` AS `a1` from `test`.`t1` USE DOCUMENT INDEXES where (`test`.`t1`.`doc11`.`string` = 'eee')
select a1 from t1 use document keys where doc11.string = 'eee';
a1
5
explain extended select count(a1) from t1 use document keys group by doc11.string having doc11.string = 'eee';
id	select_type	table	type	possible_keys	key	key_len	ref	rows	filtered	Extra
1	SIMPLE	t1	ALL	NULL	NULL	NULL	NULL	12	100.00	Using temporary; Using filesort
Warnings:
Note	1003	/* select#1 */ select count(`test`.`t1`.`a1`) AS `count(a1)` from `test`.`t1` USE DOCUMENT INDEXES group by `test`.`t1`.`doc11`.`string` having (`test`.`t1`.`doc11`.`string` = 'eee')
select count(a1) from t1 use document keys group by doc11.string having doc11.string = 'eee';
count(a1)
1
explain extended select doc11.string from t1 where doc11.string = 'eee';
id	select_type	table	type	possible_keys	key	key_len	ref	rows	filtered	Extra
1	SIMPLE	t1	ALL	NULL	NULL	NULL	NULL	12	100.00	Using where
Warnings:
Note	1003	/* select#1 */ select `test`.`t1`.`doc11`.`string` AS "`doc11`.`string`" from `test`.`t1` where (`test`.`t1`.`doc11`.`string` = 'eee')
select doc11.string from t1 where doc11.string = 'eee';
`doc11`.`string`
eee
explain extended select doc11.string from t1 use document keys where doc11.string = 'eee';
id	select_type	table	type	possible_keys	key	key_len	ref	rows	filtered	Extra
1	SIMPLE	t1	ref	doc11_string	doc11_string	101	const	1	100.00	NULL
Warnings:
Note	1003	/* select#1 */ select `test`.`t1`.`doc11`.`string` AS "`doc11`.`string`" from `test`.`t1` USE DOCUMENT INDEXES where (`test`.`t1`.`doc11`.`string` = 'eee')
select doc11.string from t1 use document keys where doc11.string = 'eee';
`doc11`.`string`
eee
explain extended select count(doc11.string) from t1 use document keys group by doc11.string having doc11.string = 'eee';
id	select_type	table	type	possible_keys	key	key_len	ref	rows	filtered	Extra
1	SIMPLE	t1	ALL	NULL	NULL	NULL	NULL	12	100.00	Using temporary; Using filesort
Warnings:
Note	1003	/* select#1 */ select count(`test`.`t1`.`doc11`.`string`) AS `count(doc11.string)` from `test`.`t1` USE DOCUMENT INDEXES group by `test`.`t1`.`doc11`.`string` having (`test`.`t1`.`doc11`.`string` = 'eee')
select count(doc11.string) from t1 use document keys group by doc11.string having doc11.string = 'eee';
count(doc11.string)
1
explain extended select * from t1 where doc11.string = 'eee';
id	select_type	table	type	possible_keys	key	key_len	ref	rows	filtered	Extra
1	SIMPLE	t1	ALL	NULL	NULL	NULL	NULL	12	100.00	Using where
Warnings:
Note	1003	/* select#1 */ select `test`.`t1`.`a1` AS `a1`,`test`.`t1`.`b1` AS `b1`,`test`.`t1`.`c1` AS `c1`,`test`.`t1`.`d1` AS `d1`,`test`.`t1`.`doc11` AS `doc11`,`test`.`t1`.`doc12` AS `doc12` from `test`.`t1` where (`test`.`t1`.`doc11`.`string` = 'eee')
select * from t1 where doc11.string = 'eee';
a1	b1	c1	d1	doc11	doc12
5	5	5.5	eee	{"bool":true,"int":5,"double":5.5,"string":"eee","binary":"eee","k1":{"k2":{"k3":{"int":5}}},"id":5}	{"int":5,"double":5.5}
explain extended select * from t1 use document keys where doc11.string = 'eee';
id	select_type	table	type	possible_keys	key	key_len	ref	rows	filtered	Extra
1	SIMPLE	t1	ref	doc11_string	doc11_string	101	const	1	100.00	NULL
Warnings:
Note	1003	/* select#1 */ select `test`.`t1`.`a1` AS `a1`,`test`.`t1`.`b1` AS `b1`,`test`.`t1`.`c1` AS `c1`,`test`.`t1`.`d1` AS `d1`,`test`.`t1`.`doc11` AS `doc11`,`test`.`t1`.`doc12` AS `doc12` from `test`.`t1` USE DOCUMENT INDEXES where (`test`.`t1`.`doc11`.`string` = 'eee')
select * from t1 use document keys where doc11.string = 'eee';
a1	b1	c1	d1	doc11	doc12
5	5	5.5	eee	{"bool":true,"int":5,"double":5.5,"string":"eee","binary":"eee","k1":{"k2":{"k3":{"int":5}}},"id":5}	{"int":5,"double":5.5}
explain extended select count(*) from t1 use document keys group by doc11.string having doc11.string = 'eee';
id	select_type	table	type	possible_keys	key	key_len	ref	rows	filtered	Extra
1	SIMPLE	t1	ALL	NULL	NULL	NULL	NULL	12	100.00	Using temporary; Using filesort
Warnings:
Note	1003	/* select#1 */ select count(0) AS `count(*)` from `test`.`t1` USE DOCUMENT INDEXES group by `test`.`t1`.`doc11`.`string` having (`test`.`t1`.`doc11`.`string` = 'eee')
select count(*) from t1 use document keys group by doc11.string having doc11.string = 'eee';
count(*)
1
explain extended select doc11 from t1 where doc11.string = 'eee';
id	select_type	table	type	possible_keys	key	key_len	ref	rows	filtered	Extra
1	SIMPLE	t1	ALL	NULL	NULL	NULL	NULL	12	100.00	Using where
Warnings:
Note	1003	/* select#1 */ select `test`.`t1`.`doc11` AS `doc11` from `test`.`t1` where (`test`.`t1`.`doc11`.`string` = 'eee')
select doc11 from t1 where doc11.string = 'eee';
doc11
{"bool":true,"int":5,"double":5.5,"string":"eee","binary":"eee","k1":{"k2":{"k3":{"int":5}}},"id":5}
explain extended select doc11 from t1 use document keys where doc11.string = 'eee';
id	select_type	table	type	possible_keys	key	key_len	ref	rows	filtered	Extra
1	SIMPLE	t1	ref	doc11_string	doc11_string	101	const	1	100.00	NULL
Warnings:
Note	1003	/* select#1 */ select `test`.`t1`.`doc11` AS `doc11` from `test`.`t1` USE DOCUMENT INDEXES where (`test`.`t1`.`doc11`.`string` = 'eee')
select doc11 from t1 use document keys where doc11.string = 'eee';
doc11
{"bool":true,"int":5,"double":5.5,"string":"eee","binary":"eee","k1":{"k2":{"k3":{"int":5}}},"id":5}
explain extended select count(doc11) from t1 use document keys group by doc11.string having doc11.string = 'eee';
id	select_type	table	type	possible_keys	key	key_len	ref	rows	filtered	Extra
1	SIMPLE	t1	ALL	NULL	NULL	NULL	NULL	12	100.00	Using temporary; Using filesort
Warnings:
Note	1003	/* select#1 */ select count(`test`.`t1`.`doc11`) AS `count(doc11)` from `test`.`t1` USE DOCUMENT INDEXES group by `test`.`t1`.`doc11`.`string` having (`test`.`t1`.`doc11`.`string` = 'eee')
select count(doc11) from t1 use document keys group by doc11.string having doc11.string = 'eee';
count(doc11)
1
explain extended select doc11.int from t1 where doc11.string = 'eee';
id	select_type	table	type	possible_keys	key	key_len	ref	rows	filtered	Extra
1	SIMPLE	t1	ALL	NULL	NULL	NULL	NULL	12	100.00	Using where
Warnings:
Note	1003	/* select#1 */ select `test`.`t1`.`doc11`.`int` AS "`doc11`.`int`" from `test`.`t1` where (`test`.`t1`.`doc11`.`string` = 'eee')
select doc11.int from t1 where doc11.string = 'eee';
`doc11`.`int`
5
explain extended select doc11.int from t1 use document keys where doc11.string = 'eee';
id	select_type	table	type	possible_keys	key	key_len	ref	rows	filtered	Extra
1	SIMPLE	t1	ref	doc11_string	doc11_string	101	const	1	100.00	NULL
Warnings:
Note	1003	/* select#1 */ select `test`.`t1`.`doc11`.`int` AS "`doc11`.`int`" from `test`.`t1` USE DOCUMENT INDEXES where (`test`.`t1`.`doc11`.`string` = 'eee')
select doc11.int from t1 use document keys where doc11.string = 'eee';
`doc11`.`int`
5
explain extended select sum(doc11.int) from t1 use document keys group by doc11.string having doc11.string = 'eee';
id	select_type	table	type	possible_keys	key	key_len	ref	rows	filtered	Extra
1	SIMPLE	t1	ALL	NULL	NULL	NULL	NULL	12	100.00	Using temporary; Using filesort
Warnings:
Note	1003	/* select#1 */ select sum(`test`.`t1`.`doc11`.`int`) AS `sum(doc11.int)` from `test`.`t1` USE DOCUMENT INDEXES group by `test`.`t1`.`doc11`.`string` having (`test`.`t1`.`doc11`.`string` = 'eee')
select sum(doc11.int) from t1 use document keys group by doc11.string having doc11.string = 'eee';
sum(doc11.int)
5
explain extended select a1 from t1 where doc11.string like 'e%';
id	select_type	table	type	possible_keys	key	key_len	ref	rows	filtered	Extra
1	SIMPLE	t1	ALL	NULL	NULL	NULL	NULL	12	100.00	Using where
Warnings:
Note	1003	/* select#1 */ select `test`.`t1`.`a1` AS `a1` from `test`.`t1` where (`test`.`t1`.`doc11`.`string` like 'e%')
select a1 from t1 where doc11.string like 'e%';
a1
5
explain extended select a1 from t1 use document keys where doc11.string like 'e%';
id	select_type	table	type	possible_keys	key	key_len	ref	rows	filtered	Extra
1	SIMPLE	t1	range	doc11_string	doc11_string	101	NULL	1	100.00	Using where
Warnings:
Note	1003	/* select#1 */ select `test`.`t1`.`a1` AS `a1` from `test`.`t1` USE DOCUMENT INDEXES where (`test`.`t1`.`doc11`.`string` like 'e%')
select a1 from t1 use document keys where doc11.string like 'e%';
a1
Warnings:
Warning	1292	Truncated incorrect DOUBLE value: 'eee'
explain extended select doc11.string from t1 where doc11.string like 'e%';
id	select_type	table	type	possible_keys	key	key_len	ref	rows	filtered	Extra
1	SIMPLE	t1	ALL	NULL	NULL	NULL	NULL	12	100.00	Using where
Warnings:
Note	1003	/* select#1 */ select `test`.`t1`.`doc11`.`string` AS "`doc11`.`string`" from `test`.`t1` where (`test`.`t1`.`doc11`.`string` like 'e%')
select doc11.string from t1 where doc11.string like 'e%';
`doc11`.`string`
eee
explain extended select doc11.string from t1 use document keys where doc11.string like 'e%';
id	select_type	table	type	possible_keys	key	key_len	ref	rows	filtered	Extra
1	SIMPLE	t1	range	doc11_string	doc11_string	101	NULL	1	100.00	Using where
Warnings:
Note	1003	/* select#1 */ select `test`.`t1`.`doc11`.`string` AS "`doc11`.`string`" from `test`.`t1` USE DOCUMENT INDEXES where (`test`.`t1`.`doc11`.`string` like 'e%')
select doc11.string from t1 use document keys where doc11.string like 'e%';
`doc11`.`string`
Warnings:
Warning	1292	Truncated incorrect DOUBLE value: 'eee'
explain extended select * from t1 where doc11.string like 'e%';
id	select_type	table	type	possible_keys	key	key_len	ref	rows	filtered	Extra
1	SIMPLE	t1	ALL	NULL	NULL	NULL	NULL	12	100.00	Using where
Warnings:
Note	1003	/* select#1 */ select `test`.`t1`.`a1` AS `a1`,`test`.`t1`.`b1` AS `b1`,`test`.`t1`.`c1` AS `c1`,`test`.`t1`.`d1` AS `d1`,`test`.`t1`.`doc11` AS `doc11`,`test`.`t1`.`doc12` AS `doc12` from `test`.`t1` where (`test`.`t1`.`doc11`.`string` like 'e%')
select * from t1 where doc11.string like 'e%';
a1	b1	c1	d1	doc11	doc12
5	5	5.5	eee	{"bool":true,"int":5,"double":5.5,"string":"eee","binary":"eee","k1":{"k2":{"k3":{"int":5}}},"id":5}	{"int":5,"double":5.5}
explain extended select * from t1 use document keys where doc11.string like 'e%';
id	select_type	table	type	possible_keys	key	key_len	ref	rows	filtered	Extra
1	SIMPLE	t1	range	doc11_string	doc11_string	101	NULL	1	100.00	Using where
Warnings:
Note	1003	/* select#1 */ select `test`.`t1`.`a1` AS `a1`,`test`.`t1`.`b1` AS `b1`,`test`.`t1`.`c1` AS `c1`,`test`.`t1`.`d1` AS `d1`,`test`.`t1`.`doc11` AS `doc11`,`test`.`t1`.`doc12` AS `doc12` from `test`.`t1` USE DOCUMENT INDEXES where (`test`.`t1`.`doc11`.`string` like 'e%')
select * from t1 use document keys where doc11.string like 'e%';
a1	b1	c1	d1	doc11	doc12
Warnings:
Warning	1292	Truncated incorrect DOUBLE value: 'eee'
explain extended select doc11 from t1 where doc11.string like 'e%';
id	select_type	table	type	possible_keys	key	key_len	ref	rows	filtered	Extra
1	SIMPLE	t1	ALL	NULL	NULL	NULL	NULL	12	100.00	Using where
Warnings:
Note	1003	/* select#1 */ select `test`.`t1`.`doc11` AS `doc11` from `test`.`t1` where (`test`.`t1`.`doc11`.`string` like 'e%')
select doc11 from t1 where doc11.string like 'e%';
doc11
{"bool":true,"int":5,"double":5.5,"string":"eee","binary":"eee","k1":{"k2":{"k3":{"int":5}}},"id":5}
explain extended select doc11 from t1 use document keys where doc11.string like 'e%';
id	select_type	table	type	possible_keys	key	key_len	ref	rows	filtered	Extra
1	SIMPLE	t1	range	doc11_string	doc11_string	101	NULL	1	100.00	Using where
Warnings:
Note	1003	/* select#1 */ select `test`.`t1`.`doc11` AS `doc11` from `test`.`t1` USE DOCUMENT INDEXES where (`test`.`t1`.`doc11`.`string` like 'e%')
select doc11 from t1 use document keys where doc11.string like 'e%';
doc11
Warnings:
Warning	1292	Truncated incorrect DOUBLE value: 'eee'
explain extended select doc11.int from t1 where doc11.string like 'e%';
id	select_type	table	type	possible_keys	key	key_len	ref	rows	filtered	Extra
1	SIMPLE	t1	ALL	NULL	NULL	NULL	NULL	12	100.00	Using where
Warnings:
Note	1003	/* select#1 */ select `test`.`t1`.`doc11`.`int` AS "`doc11`.`int`" from `test`.`t1` where (`test`.`t1`.`doc11`.`string` like 'e%')
select doc11.int from t1 where doc11.string like 'e%';
`doc11`.`int`
5
explain extended select doc11.int from t1 use document keys where doc11.string like 'e%';
id	select_type	table	type	possible_keys	key	key_len	ref	rows	filtered	Extra
1	SIMPLE	t1	range	doc11_string	doc11_string	101	NULL	1	100.00	Using where
Warnings:
Note	1003	/* select#1 */ select `test`.`t1`.`doc11`.`int` AS "`doc11`.`int`" from `test`.`t1` USE DOCUMENT INDEXES where (`test`.`t1`.`doc11`.`string` like 'e%')
select doc11.int from t1 use document keys where doc11.string like 'e%';
`doc11`.`int`
Warnings:
Warning	1292	Truncated incorrect DOUBLE value: 'eee'
explain extended select a1 from t1 where doc11.binary = 'eee';
id	select_type	table	type	possible_keys	key	key_len	ref	rows	filtered	Extra
1	SIMPLE	t1	ALL	NULL	NULL	NULL	NULL	12	100.00	Using where
Warnings:
Note	1003	/* select#1 */ select `test`.`t1`.`a1` AS `a1` from `test`.`t1` where (`test`.`t1`.`doc11`.`binary` = 'eee')
select a1 from t1 where doc11.binary = 'eee';
a1
5
explain extended select a1 from t1 use document keys where doc11.binary = 'eee';
id	select_type	table	type	possible_keys	key	key_len	ref	rows	filtered	Extra
1	SIMPLE	t1	ref	doc11_binary	doc11_binary	103	const	1	100.00	NULL
Warnings:
Note	1003	/* select#1 */ select `test`.`t1`.`a1` AS `a1` from `test`.`t1` USE DOCUMENT INDEXES where (`test`.`t1`.`doc11`.`binary` = 'eee')
select a1 from t1 use document keys where doc11.binary = 'eee';
a1
explain extended select doc11.binary from t1 where doc11.binary = 'eee';
id	select_type	table	type	possible_keys	key	key_len	ref	rows	filtered	Extra
1	SIMPLE	t1	ALL	NULL	NULL	NULL	NULL	12	100.00	Using where
Warnings:
Note	1003	/* select#1 */ select `test`.`t1`.`doc11`.`binary` AS "`doc11`.`binary`" from `test`.`t1` where (`test`.`t1`.`doc11`.`binary` = 'eee')
select doc11.binary from t1 where doc11.binary = 'eee';
`doc11`.`binary`
eee
explain extended select doc11.binary from t1 use document keys where doc11.binary = 'eee';
id	select_type	table	type	possible_keys	key	key_len	ref	rows	filtered	Extra
1	SIMPLE	t1	ref	doc11_binary	doc11_binary	103	const	1	100.00	NULL
Warnings:
Note	1003	/* select#1 */ select `test`.`t1`.`doc11`.`binary` AS "`doc11`.`binary`" from `test`.`t1` USE DOCUMENT INDEXES where (`test`.`t1`.`doc11`.`binary` = 'eee')
select doc11.binary from t1 use document keys where doc11.binary = 'eee';
`doc11`.`binary`
explain extended select * from t1 where doc11.binary = 'eee';
id	select_type	table	type	possible_keys	key	key_len	ref	rows	filtered	Extra
1	SIMPLE	t1	ALL	NULL	NULL	NULL	NULL	12	100.00	Using where
Warnings:
Note	1003	/* select#1 */ select `test`.`t1`.`a1` AS `a1`,`test`.`t1`.`b1` AS `b1`,`test`.`t1`.`c1` AS `c1`,`test`.`t1`.`d1` AS `d1`,`test`.`t1`.`doc11` AS `doc11`,`test`.`t1`.`doc12` AS `doc12` from `test`.`t1` where (`test`.`t1`.`doc11`.`binary` = 'eee')
select * from t1 where doc11.binary = 'eee';
a1	b1	c1	d1	doc11	doc12
5	5	5.5	eee	{"bool":true,"int":5,"double":5.5,"string":"eee","binary":"eee","k1":{"k2":{"k3":{"int":5}}},"id":5}	{"int":5,"double":5.5}
explain extended select * from t1 use document keys where doc11.binary = 'eee';
id	select_type	table	type	possible_keys	key	key_len	ref	rows	filtered	Extra
1	SIMPLE	t1	ref	doc11_binary	doc11_binary	103	const	1	100.00	NULL
Warnings:
Note	1003	/* select#1 */ select `test`.`t1`.`a1` AS `a1`,`test`.`t1`.`b1` AS `b1`,`test`.`t1`.`c1` AS `c1`,`test`.`t1`.`d1` AS `d1`,`test`.`t1`.`doc11` AS `doc11`,`test`.`t1`.`doc12` AS `doc12` from `test`.`t1` USE DOCUMENT INDEXES where (`test`.`t1`.`doc11`.`binary` = 'eee')
select * from t1 use document keys where doc11.binary = 'eee';
a1	b1	c1	d1	doc11	doc12
explain extended select doc11 from t1 where doc11.binary = 'eee';
id	select_type	table	type	possible_keys	key	key_len	ref	rows	filtered	Extra
1	SIMPLE	t1	ALL	NULL	NULL	NULL	NULL	12	100.00	Using where
Warnings:
Note	1003	/* select#1 */ select `test`.`t1`.`doc11` AS `doc11` from `test`.`t1` where (`test`.`t1`.`doc11`.`binary` = 'eee')
select doc11 from t1 where doc11.binary = 'eee';
doc11
{"bool":true,"int":5,"double":5.5,"string":"eee","binary":"eee","k1":{"k2":{"k3":{"int":5}}},"id":5}
explain extended select doc11 from t1 use document keys where doc11.binary = 'eee';
id	select_type	table	type	possible_keys	key	key_len	ref	rows	filtered	Extra
1	SIMPLE	t1	ref	doc11_binary	doc11_binary	103	const	1	100.00	NULL
Warnings:
Note	1003	/* select#1 */ select `test`.`t1`.`doc11` AS `doc11` from `test`.`t1` USE DOCUMENT INDEXES where (`test`.`t1`.`doc11`.`binary` = 'eee')
select doc11 from t1 use document keys where doc11.binary = 'eee';
doc11
explain extended select doc11.int from t1 where doc11.binary = 'eee';
id	select_type	table	type	possible_keys	key	key_len	ref	rows	filtered	Extra
1	SIMPLE	t1	ALL	NULL	NULL	NULL	NULL	12	100.00	Using where
Warnings:
Note	1003	/* select#1 */ select `test`.`t1`.`doc11`.`int` AS "`doc11`.`int`" from `test`.`t1` where (`test`.`t1`.`doc11`.`binary` = 'eee')
select doc11.int from t1 where doc11.binary = 'eee';
`doc11`.`int`
5
explain extended select doc11.int from t1 use document keys where doc11.binary = 'eee';
id	select_type	table	type	possible_keys	key	key_len	ref	rows	filtered	Extra
1	SIMPLE	t1	ref	doc11_binary	doc11_binary	103	const	1	100.00	NULL
Warnings:
Note	1003	/* select#1 */ select `test`.`t1`.`doc11`.`int` AS "`doc11`.`int`" from `test`.`t1` USE DOCUMENT INDEXES where (`test`.`t1`.`doc11`.`binary` = 'eee')
select doc11.int from t1 use document keys where doc11.binary = 'eee';
`doc11`.`int`
explain extended select a1 from t1 where doc11.binary like 'e%';
id	select_type	table	type	possible_keys	key	key_len	ref	rows	filtered	Extra
1	SIMPLE	t1	ALL	NULL	NULL	NULL	NULL	12	100.00	Using where
Warnings:
Note	1003	/* select#1 */ select `test`.`t1`.`a1` AS `a1` from `test`.`t1` where (`test`.`t1`.`doc11`.`binary` like 'e%')
select a1 from t1 where doc11.binary like 'e%';
a1
5
explain extended select a1 from t1 use document keys where doc11.binary like 'e%';
id	select_type	table	type	possible_keys	key	key_len	ref	rows	filtered	Extra
1	SIMPLE	t1	range	doc11_binary	doc11_binary	103	NULL	1	100.00	Using where
Warnings:
Note	1003	/* select#1 */ select `test`.`t1`.`a1` AS `a1` from `test`.`t1` USE DOCUMENT INDEXES where (`test`.`t1`.`doc11`.`binary` like 'e%')
select a1 from t1 use document keys where doc11.binary like 'e%';
a1
Warnings:
Warning	1292	Truncated incorrect DOUBLE value: 'eee'
explain extended select doc11.binary from t1 where doc11.binary like 'e%';
id	select_type	table	type	possible_keys	key	key_len	ref	rows	filtered	Extra
1	SIMPLE	t1	ALL	NULL	NULL	NULL	NULL	12	100.00	Using where
Warnings:
Note	1003	/* select#1 */ select `test`.`t1`.`doc11`.`binary` AS "`doc11`.`binary`" from `test`.`t1` where (`test`.`t1`.`doc11`.`binary` like 'e%')
select doc11.binary from t1 where doc11.binary like 'e%';
`doc11`.`binary`
eee
explain extended select doc11.binary from t1 use document keys where doc11.binary like 'e%';
id	select_type	table	type	possible_keys	key	key_len	ref	rows	filtered	Extra
1	SIMPLE	t1	range	doc11_binary	doc11_binary	103	NULL	1	100.00	Using where
Warnings:
Note	1003	/* select#1 */ select `test`.`t1`.`doc11`.`binary` AS "`doc11`.`binary`" from `test`.`t1` USE DOCUMENT INDEXES where (`test`.`t1`.`doc11`.`binary` like 'e%')
select doc11.binary from t1 use document keys where doc11.binary like 'e%';
`doc11`.`binary`
Warnings:
Warning	1292	Truncated incorrect DOUBLE value: 'eee'
explain extended select * from t1 where doc11.binary like 'e%';
id	select_type	table	type	possible_keys	key	key_len	ref	rows	filtered	Extra
1	SIMPLE	t1	ALL	NULL	NULL	NULL	NULL	12	100.00	Using where
Warnings:
Note	1003	/* select#1 */ select `test`.`t1`.`a1` AS `a1`,`test`.`t1`.`b1` AS `b1`,`test`.`t1`.`c1` AS `c1`,`test`.`t1`.`d1` AS `d1`,`test`.`t1`.`doc11` AS `doc11`,`test`.`t1`.`doc12` AS `doc12` from `test`.`t1` where (`test`.`t1`.`doc11`.`binary` like 'e%')
select * from t1 where doc11.binary like 'e%';
a1	b1	c1	d1	doc11	doc12
5	5	5.5	eee	{"bool":true,"int":5,"double":5.5,"string":"eee","binary":"eee","k1":{"k2":{"k3":{"int":5}}},"id":5}	{"int":5,"double":5.5}
explain extended select * from t1 use document keys where doc11.binary like 'e%';
id	select_type	table	type	possible_keys	key	key_len	ref	rows	filtered	Extra
1	SIMPLE	t1	range	doc11_binary	doc11_binary	103	NULL	1	100.00	Using where
Warnings:
Note	1003	/* select#1 */ select `test`.`t1`.`a1` AS `a1`,`test`.`t1`.`b1` AS `b1`,`test`.`t1`.`c1` AS `c1`,`test`.`t1`.`d1` AS `d1`,`test`.`t1`.`doc11` AS `doc11`,`test`.`t1`.`doc12` AS `doc12` from `test`.`t1` USE DOCUMENT INDEXES where (`test`.`t1`.`doc11`.`binary` like 'e%')
select * from t1 use document keys where doc11.binary like 'e%';
a1	b1	c1	d1	doc11	doc12
Warnings:
Warning	1292	Truncated incorrect DOUBLE value: 'eee'
explain extended select doc11 from t1 where doc11.binary like 'e%';
id	select_type	table	type	possible_keys	key	key_len	ref	rows	filtered	Extra
1	SIMPLE	t1	ALL	NULL	NULL	NULL	NULL	12	100.00	Using where
Warnings:
Note	1003	/* select#1 */ select `test`.`t1`.`doc11` AS `doc11` from `test`.`t1` where (`test`.`t1`.`doc11`.`binary` like 'e%')
select doc11 from t1 where doc11.binary like 'e%';
doc11
{"bool":true,"int":5,"double":5.5,"string":"eee","binary":"eee","k1":{"k2":{"k3":{"int":5}}},"id":5}
explain extended select doc11 from t1 use document keys where doc11.binary like 'e%';
id	select_type	table	type	possible_keys	key	key_len	ref	rows	filtered	Extra
1	SIMPLE	t1	range	doc11_binary	doc11_binary	103	NULL	1	100.00	Using where
Warnings:
Note	1003	/* select#1 */ select `test`.`t1`.`doc11` AS `doc11` from `test`.`t1` USE DOCUMENT INDEXES where (`test`.`t1`.`doc11`.`binary` like 'e%')
select doc11 from t1 use document keys where doc11.binary like 'e%';
doc11
Warnings:
Warning	1292	Truncated incorrect DOUBLE value: 'eee'
explain extended select doc11.int from t1 where doc11.binary like 'e%';
id	select_type	table	type	possible_keys	key	key_len	ref	rows	filtered	Extra
1	SIMPLE	t1	ALL	NULL	NULL	NULL	NULL	12	100.00	Using where
Warnings:
Note	1003	/* select#1 */ select `test`.`t1`.`doc11`.`int` AS "`doc11`.`int`" from `test`.`t1` where (`test`.`t1`.`doc11`.`binary` like 'e%')
select doc11.int from t1 where doc11.binary like 'e%';
`doc11`.`int`
5
explain extended select doc11.int from t1 use document keys where doc11.binary like 'e%';
id	select_type	table	type	possible_keys	key	key_len	ref	rows	filtered	Extra
1	SIMPLE	t1	range	doc11_binary	doc11_binary	103	NULL	1	100.00	Using where
Warnings:
Note	1003	/* select#1 */ select `test`.`t1`.`doc11`.`int` AS "`doc11`.`int`" from `test`.`t1` USE DOCUMENT INDEXES where (`test`.`t1`.`doc11`.`binary` like 'e%')
select doc11.int from t1 use document keys where doc11.binary like 'e%';
`doc11`.`int`
Warnings:
Warning	1292	Truncated incorrect DOUBLE value: 'eee'
explain extended select doc11.int from t1 where b1 = 5;
id	select_type	table	type	possible_keys	key	key_len	ref	rows	filtered	Extra
1	SIMPLE	t1	ref	b1_a1	b1_a1	5	const	1	100.00	NULL
Warnings:
Note	1003	/* select#1 */ select `test`.`t1`.`doc11`.`int` AS "`doc11`.`int`" from `test`.`t1` where (`test`.`t1`.`b1` = 5)
select doc11.int from t1 where b1 = 5;
`doc11`.`int`
5
explain extended select doc11.int from t1 use document keys where b1 = 5;
id	select_type	table	type	possible_keys	key	key_len	ref	rows	filtered	Extra
1	SIMPLE	t1	ref	b1_a1,b1_doc11	b1_a1	5	const	1	100.00	NULL
Warnings:
Note	1003	/* select#1 */ select `test`.`t1`.`doc11`.`int` AS "`doc11`.`int`" from `test`.`t1` USE DOCUMENT INDEXES where (`test`.`t1`.`b1` = 5)
select doc11.int from t1 use document keys where b1 = 5;
`doc11`.`int`
5
explain extended select b1 from t1 where doc11.int = 5;
id	select_type	table	type	possible_keys	key	key_len	ref	rows	filtered	Extra
1	SIMPLE	t1	ALL	NULL	NULL	NULL	NULL	12	100.00	Using where
Warnings:
Note	1003	/* select#1 */ select `test`.`t1`.`b1` AS `b1` from `test`.`t1` where (`test`.`t1`.`doc11`.`int` = 5)
select b1 from t1 where doc11.int = 5;
b1
5
explain extended select b1 from t1 use document keys where doc11.int = 5;
id	select_type	table	type	possible_keys	key	key_len	ref	rows	filtered	Extra
1	SIMPLE	t1	ref	doc11_int	doc11_int	9	const	1	100.00	NULL
Warnings:
Note	1003	/* select#1 */ select `test`.`t1`.`b1` AS `b1` from `test`.`t1` USE DOCUMENT INDEXES where (`test`.`t1`.`doc11`.`int` = 5)
select b1 from t1 use document keys where doc11.int = 5;
b1
5
explain extended select count(b1) from t1 use document keys group by doc11.int having doc11.int = 5;
id	select_type	table	type	possible_keys	key	key_len	ref	rows	filtered	Extra
1	SIMPLE	t1	index	NULL	doc11_b1	14	NULL	12	100.00	Using index; Using temporary; Using filesort
Warnings:
Note	1003	/* select#1 */ select count(`test`.`t1`.`b1`) AS `count(b1)` from `test`.`t1` USE DOCUMENT INDEXES group by `test`.`t1`.`doc11`.`int` having (`test`.`t1`.`doc11`.`int` = 5)
select count(b1) from t1 use document keys group by doc11.int having doc11.int = 5;
count(b1)
1
explain extended select b1 from t1 where doc11.int > 5;
id	select_type	table	type	possible_keys	key	key_len	ref	rows	filtered	Extra
1	SIMPLE	t1	ALL	NULL	NULL	NULL	NULL	12	100.00	Using where
Warnings:
Note	1003	/* select#1 */ select `test`.`t1`.`b1` AS `b1` from `test`.`t1` where (`test`.`t1`.`doc11`.`int` > 5)
select b1 from t1 where doc11.int > 5;
b1
6
7
8
9
10
11
12
explain extended select d1 from t1 use document keys where doc11.int > 5;
id	select_type	table	type	possible_keys	key	key_len	ref	rows	filtered	Extra
1	SIMPLE	t1	index	doc11_int	doc11_d1	110	NULL	12	58.33	Using where; Using index
Warnings:
Note	1003	/* select#1 */ select `test`.`t1`.`d1` AS `d1` from `test`.`t1` USE DOCUMENT INDEXES where (`test`.`t1`.`doc11`.`int` > 5)
select b1 from t1 use document keys where doc11.int > 5;
b1
6
7
8
9
10
11
12
explain extended select sum(b1) from t1 use document keys group by doc11.int having doc11.int > 5;
id	select_type	table	type	possible_keys	key	key_len	ref	rows	filtered	Extra
1	SIMPLE	t1	index	NULL	doc11_b1	14	NULL	12	100.00	Using index; Using temporary; Using filesort
Warnings:
Note	1003	/* select#1 */ select sum(`test`.`t1`.`b1`) AS `sum(b1)` from `test`.`t1` USE DOCUMENT INDEXES group by `test`.`t1`.`doc11`.`int` having (`test`.`t1`.`doc11`.`int` > 5)
select sum(b1) from t1 use document keys group by doc11.int having doc11.int > 5;
sum(b1)
6
7
8
9
10
11
12
explain extended select doc11.double from t1 where c1 = 5.5;
id	select_type	table	type	possible_keys	key	key_len	ref	rows	filtered	Extra
1	SIMPLE	t1	ALL	NULL	NULL	NULL	NULL	12	100.00	Using where
Warnings:
Note	1003	/* select#1 */ select `test`.`t1`.`doc11`.`double` AS "`doc11`.`double`" from `test`.`t1` where (`test`.`t1`.`c1` = 5.5)
select doc11.double from t1 where c1 = 5.5;
`doc11`.`double`
5.5
explain extended select doc11.double from t1 use document keys where c1 = 5.5;
id	select_type	table	type	possible_keys	key	key_len	ref	rows	filtered	Extra
1	SIMPLE	t1	index	NULL	doc11_c1	18	NULL	12	100.00	Using where; Using index
Warnings:
Note	1003	/* select#1 */ select `test`.`t1`.`doc11`.`double` AS "`doc11`.`double`" from `test`.`t1` USE DOCUMENT INDEXES where (`test`.`t1`.`c1` = 5.5)
select doc11.double from t1 use document keys where c1 = 5.5;
`doc11`.`double`
5.5
explain extended select c1 from t1 where doc11.double = 5.5;
id	select_type	table	type	possible_keys	key	key_len	ref	rows	filtered	Extra
1	SIMPLE	t1	ALL	NULL	NULL	NULL	NULL	12	100.00	Using where
Warnings:
Note	1003	/* select#1 */ select `test`.`t1`.`c1` AS `c1` from `test`.`t1` where (`test`.`t1`.`doc11`.`double` = 5.5)
select c1 from t1 where doc11.double = 5.5;
c1
5.5
explain extended select c1 from t1 use document keys where doc11.double = 5.5;
id	select_type	table	type	possible_keys	key	key_len	ref	rows	filtered	Extra
1	SIMPLE	t1	ref	doc11_double	doc11_double	9	const	1	100.00	NULL
Warnings:
Note	1003	/* select#1 */ select `test`.`t1`.`c1` AS `c1` from `test`.`t1` USE DOCUMENT INDEXES where (`test`.`t1`.`doc11`.`double` = 5.5)
select c1 from t1 use document keys where doc11.double = 5.5;
c1
5.5
explain extended select c1 from t1 use document keys where doc11.double = '5.5';
id	select_type	table	type	possible_keys	key	key_len	ref	rows	filtered	Extra
1	SIMPLE	t1	ref	doc11_double	doc11_double	9	const	1	100.00	NULL
Warnings:
Note	1003	/* select#1 */ select `test`.`t1`.`c1` AS `c1` from `test`.`t1` USE DOCUMENT INDEXES where (`test`.`t1`.`doc11`.`double` = '5.5')
select c1 from t1 use document keys where doc11.double = '5.5';
c1
5.5
explain extended select c1 from t1 where doc11.double > 5.5;
id	select_type	table	type	possible_keys	key	key_len	ref	rows	filtered	Extra
1	SIMPLE	t1	ALL	NULL	NULL	NULL	NULL	12	100.00	Using where
Warnings:
Note	1003	/* select#1 */ select `test`.`t1`.`c1` AS `c1` from `test`.`t1` where (`test`.`t1`.`doc11`.`double` > 5.5)
select c1 from t1 where doc11.double > 5.5;
c1
6.6
7.7
8.8
9.9
10.1
11.11
12.12
explain extended select c1 from t1 use document keys where doc11.double > 5.5;
id	select_type	table	type	possible_keys	key	key_len	ref	rows	filtered	Extra
1	SIMPLE	t1	index	doc11_double	doc11_c1	18	NULL	12	58.33	Using where; Using index
Warnings:
Note	1003	/* select#1 */ select `test`.`t1`.`c1` AS `c1` from `test`.`t1` USE DOCUMENT INDEXES where (`test`.`t1`.`doc11`.`double` > 5.5)
select c1 from t1 use document keys where doc11.double > 5.5;
c1
6.6
7.7
8.8
9.9
10.1
11.11
12.12
explain extended select doc11.int from t1 where d1 = 'eee';
id	select_type	table	type	possible_keys	key	key_len	ref	rows	filtered	Extra
1	SIMPLE	t1	ALL	NULL	NULL	NULL	NULL	12	100.00	Using where
Warnings:
Note	1003	/* select#1 */ select `test`.`t1`.`doc11`.`int` AS "`doc11`.`int`" from `test`.`t1` where (`test`.`t1`.`d1` = 'eee')
select doc11.int from t1 where d1 = 'eee';
`doc11`.`int`
5
explain extended select doc11.int from t1 use document keys where d1 = 'eee';
id	select_type	table	type	possible_keys	key	key_len	ref	rows	filtered	Extra
1	SIMPLE	t1	index	NULL	doc11_d1	110	NULL	12	100.00	Using where; Using index
Warnings:
Note	1003	/* select#1 */ select `test`.`t1`.`doc11`.`int` AS "`doc11`.`int`" from `test`.`t1` USE DOCUMENT INDEXES where (`test`.`t1`.`d1` = 'eee')
select doc11.int from t1 use document keys where d1 = 'eee';
`doc11`.`int`
5
explain extended select d1 from t1 where doc11.int = 5;
id	select_type	table	type	possible_keys	key	key_len	ref	rows	filtered	Extra
1	SIMPLE	t1	ALL	NULL	NULL	NULL	NULL	12	100.00	Using where
Warnings:
Note	1003	/* select#1 */ select `test`.`t1`.`d1` AS `d1` from `test`.`t1` where (`test`.`t1`.`doc11`.`int` = 5)
select d1 from t1 where doc11.int = 5;
d1
eee
explain extended select d1 from t1 use document keys where doc11.int = 5;
id	select_type	table	type	possible_keys	key	key_len	ref	rows	filtered	Extra
1	SIMPLE	t1	ref	doc11_int	doc11_int	9	const	1	100.00	NULL
Warnings:
Note	1003	/* select#1 */ select `test`.`t1`.`d1` AS `d1` from `test`.`t1` USE DOCUMENT INDEXES where (`test`.`t1`.`doc11`.`int` = 5)
select d1 from t1 use document keys where doc11.int = 5;
d1
eee
explain extended select d1 from t1 where doc11.int > 5;
id	select_type	table	type	possible_keys	key	key_len	ref	rows	filtered	Extra
1	SIMPLE	t1	ALL	NULL	NULL	NULL	NULL	12	100.00	Using where
Warnings:
Note	1003	/* select#1 */ select `test`.`t1`.`d1` AS `d1` from `test`.`t1` where (`test`.`t1`.`doc11`.`int` > 5)
select d1 from t1 where doc11.int > 5;
d1
fff
ggg
hhh
iii
jjj
kkk
lll
explain extended select d1 from t1 use document keys where doc11.int > 5;
id	select_type	table	type	possible_keys	key	key_len	ref	rows	filtered	Extra
1	SIMPLE	t1	index	doc11_int	doc11_d1	110	NULL	12	58.33	Using where; Using index
Warnings:
Note	1003	/* select#1 */ select `test`.`t1`.`d1` AS `d1` from `test`.`t1` USE DOCUMENT INDEXES where (`test`.`t1`.`doc11`.`int` > 5)
select d1 from t1 use document keys where doc11.int > 5;
d1
fff
ggg
hhh
iii
jjj
kkk
lll
explain extended select d1 from t1 where doc11.int = '5';
id	select_type	table	type	possible_keys	key	key_len	ref	rows	filtered	Extra
1	SIMPLE	t1	ALL	NULL	NULL	NULL	NULL	12	100.00	Using where
Warnings:
Note	1003	/* select#1 */ select `test`.`t1`.`d1` AS `d1` from `test`.`t1` where (`test`.`t1`.`doc11`.`int` = '5')
select d1 from t1 where doc11.int = '5';
d1
eee
explain extended select d1 from t1 use document keys where doc11.int = '5';
id	select_type	table	type	possible_keys	key	key_len	ref	rows	filtered	Extra
1	SIMPLE	t1	ref	doc11_int	doc11_int	9	const	1	100.00	NULL
Warnings:
Note	1003	/* select#1 */ select `test`.`t1`.`d1` AS `d1` from `test`.`t1` USE DOCUMENT INDEXES where (`test`.`t1`.`doc11`.`int` = '5')
select d1 from t1 use document keys where doc11.int = '5';
d1
eee
explain extended select d1 from t1 where doc11.int < '5';
id	select_type	table	type	possible_keys	key	key_len	ref	rows	filtered	Extra
1	SIMPLE	t1	ALL	NULL	NULL	NULL	NULL	12	100.00	Using where
Warnings:
Note	1003	/* select#1 */ select `test`.`t1`.`d1` AS `d1` from `test`.`t1` where (`test`.`t1`.`doc11`.`int` < '5')
select d1 from t1 where doc11.int < '5';
d1
aaa
bbb
ccc
ddd
explain extended select d1 from t1 use document keys where doc11.int < '5';
id	select_type	table	type	possible_keys	key	key_len	ref	rows	filtered	Extra
1	SIMPLE	t1	index	doc11_int	doc11_d1	110	NULL	12	25.00	Using where; Using index
Warnings:
Note	1003	/* select#1 */ select `test`.`t1`.`d1` AS `d1` from `test`.`t1` USE DOCUMENT INDEXES where (`test`.`t1`.`doc11`.`int` < '5')
select d1 from t1 use document keys where doc11.int < '5';
d1
aaa
bbb
ccc
ddd
explain extended select a1 from t1 where doc11.int = 5;
id	select_type	table	type	possible_keys	key	key_len	ref	rows	filtered	Extra
1	SIMPLE	t1	ALL	NULL	NULL	NULL	NULL	12	100.00	Using where
Warnings:
Note	1003	/* select#1 */ select `test`.`t1`.`a1` AS `a1` from `test`.`t1` where (`test`.`t1`.`doc11`.`int` = 5)
select a1 from t1 where doc11.int = 5;
a1
5
explain extended select a1 from t1 use document keys where doc11.int = 5;
id	select_type	table	type	possible_keys	key	key_len	ref	rows	filtered	Extra
1	SIMPLE	t1	ref	doc11_int	doc11_int	9	const	1	100.00	Using index
Warnings:
Note	1003	/* select#1 */ select `test`.`t1`.`a1` AS `a1` from `test`.`t1` USE DOCUMENT INDEXES where (`test`.`t1`.`doc11`.`int` = 5)
select a1 from t1 use document keys where doc11.int = 5;
a1
5
explain extended select a1 from t1 where doc11.int >= 5;
id	select_type	table	type	possible_keys	key	key_len	ref	rows	filtered	Extra
1	SIMPLE	t1	ALL	NULL	NULL	NULL	NULL	12	100.00	Using where
Warnings:
Note	1003	/* select#1 */ select `test`.`t1`.`a1` AS `a1` from `test`.`t1` where (`test`.`t1`.`doc11`.`int` >= 5)
select a1 from t1 where doc11.int >= 5;
a1
5
6
7
8
9
10
11
12
explain extended select a1 from t1 use document keys where doc11.int >= 5;
id	select_type	table	type	possible_keys	key	key_len	ref	rows	filtered	Extra
1	SIMPLE	t1	range	doc11_int	doc11_int	9	NULL	8	100.00	Using where; Using index
Warnings:
Note	1003	/* select#1 */ select `test`.`t1`.`a1` AS `a1` from `test`.`t1` USE DOCUMENT INDEXES where (`test`.`t1`.`doc11`.`int` >= 5)
select a1 from t1 use document keys where doc11.int >= 5;
a1
5
6
7
8
9
10
11
12
explain extended select a1 from t1 where d1 like 'eee' and doc11.int = 5;
id	select_type	table	type	possible_keys	key	key_len	ref	rows	filtered	Extra
1	SIMPLE	t1	ALL	NULL	NULL	NULL	NULL	12	100.00	Using where
Warnings:
Note	1003	/* select#1 */ select `test`.`t1`.`a1` AS `a1` from `test`.`t1` where ((`test`.`t1`.`doc11`.`int` = 5) and (`test`.`t1`.`d1` like 'eee'))
select a1 from t1 where d1 like 'eee' and doc11.int = 5;
a1
5
explain extended select a1 from t1 use document keys where d1 like 'eee' and doc11.int = 5;
id	select_type	table	type	possible_keys	key	key_len	ref	rows	filtered	Extra
1	SIMPLE	t1	ref	doc11_int	doc11_int	9	const	1	100.00	Using where
Warnings:
Note	1003	/* select#1 */ select `test`.`t1`.`a1` AS `a1` from `test`.`t1` USE DOCUMENT INDEXES where ((`test`.`t1`.`doc11`.`int` = 5) and (`test`.`t1`.`d1` like 'eee'))
select a1 from t1 use document keys where d1 like 'eee' and doc11.int = 5;
a1
5
explain extended select a1 from t1 where d1 like 'e%' and doc11.int > 4;
id	select_type	table	type	possible_keys	key	key_len	ref	rows	filtered	Extra
1	SIMPLE	t1	ALL	NULL	NULL	NULL	NULL	12	100.00	Using where
Warnings:
Note	1003	/* select#1 */ select `test`.`t1`.`a1` AS `a1` from `test`.`t1` where ((`test`.`t1`.`d1` like 'e%') and (`test`.`t1`.`doc11`.`int` > 4))
select a1 from t1 where d1 like 'e%' and doc11.int > 4;
a1
5
explain extended select a1 from t1 use document keys where d1 like 'e%' and doc11.int > 4;
id	select_type	table	type	possible_keys	key	key_len	ref	rows	filtered	Extra
1	SIMPLE	t1	index	doc11_int	doc11_d1	110	NULL	12	66.67	Using where; Using index
Warnings:
Note	1003	/* select#1 */ select `test`.`t1`.`a1` AS `a1` from `test`.`t1` USE DOCUMENT INDEXES where ((`test`.`t1`.`d1` like 'e%') and (`test`.`t1`.`doc11`.`int` > 4))
select a1 from t1 use document keys where d1 like 'e%' and doc11.int > 4;
a1
5
explain extended select a1, d1, doc11.int from t1 where d1 like 'eee' and doc11.int = 5;
id	select_type	table	type	possible_keys	key	key_len	ref	rows	filtered	Extra
1	SIMPLE	t1	ALL	NULL	NULL	NULL	NULL	12	100.00	Using where
Warnings:
Note	1003	/* select#1 */ select `test`.`t1`.`a1` AS `a1`,`test`.`t1`.`d1` AS `d1`,`test`.`t1`.`doc11`.`int` AS "`doc11`.`int`" from `test`.`t1` where ((`test`.`t1`.`doc11`.`int` = 5) and (`test`.`t1`.`d1` like 'eee'))
select a1, d1, doc11.int from t1 where d1 like 'eee' and doc11.int = 5;
a1	d1	`doc11`.`int`
5	eee	5
explain extended select a1, d1, doc11.int from t1 use document keys where d1 like 'eee' and doc11.int = 5;
id	select_type	table	type	possible_keys	key	key_len	ref	rows	filtered	Extra
1	SIMPLE	t1	ref	doc11_int	doc11_int	9	const	1	100.00	Using where
Warnings:
Note	1003	/* select#1 */ select `test`.`t1`.`a1` AS `a1`,`test`.`t1`.`d1` AS `d1`,`test`.`t1`.`doc11`.`int` AS "`doc11`.`int`" from `test`.`t1` USE DOCUMENT INDEXES where ((`test`.`t1`.`doc11`.`int` = 5) and (`test`.`t1`.`d1` like 'eee'))
select a1, d1, doc11.int from t1 use document keys where d1 like 'eee' and doc11.int = 5;
a1	d1	`doc11`.`int`
5	eee	5
explain extended select a1, d1, doc11.int from t1 where d1 like 'e%' and doc11.int < 6;
id	select_type	table	type	possible_keys	key	key_len	ref	rows	filtered	Extra
1	SIMPLE	t1	ALL	NULL	NULL	NULL	NULL	12	100.00	Using where
Warnings:
Note	1003	/* select#1 */ select `test`.`t1`.`a1` AS `a1`,`test`.`t1`.`d1` AS `d1`,`test`.`t1`.`doc11`.`int` AS "`doc11`.`int`" from `test`.`t1` where ((`test`.`t1`.`d1` like 'e%') and (`test`.`t1`.`doc11`.`int` < 6))
select a1, d1, doc11.int from t1 where d1 like 'e%' and doc11.int < 6;
a1	d1	`doc11`.`int`
5	eee	5
explain extended select a1, d1, doc11.int from t1 use document keys where d1 like 'e%' and doc11.int < 6;
id	select_type	table	type	possible_keys	key	key_len	ref	rows	filtered	Extra
1	SIMPLE	t1	index	doc11_int	doc11_d1	110	NULL	12	33.33	Using where; Using index
Warnings:
Note	1003	/* select#1 */ select `test`.`t1`.`a1` AS `a1`,`test`.`t1`.`d1` AS `d1`,`test`.`t1`.`doc11`.`int` AS "`doc11`.`int`" from `test`.`t1` USE DOCUMENT INDEXES where ((`test`.`t1`.`d1` like 'e%') and (`test`.`t1`.`doc11`.`int` < 6))
select a1, d1, doc11.int from t1 use document keys where d1 like 'e%' and doc11.int < 6;
a1	d1	`doc11`.`int`
5	eee	5
explain extended select b1 from t1 where doc11.int = 5;
id	select_type	table	type	possible_keys	key	key_len	ref	rows	filtered	Extra
1	SIMPLE	t1	ALL	NULL	NULL	NULL	NULL	12	100.00	Using where
Warnings:
Note	1003	/* select#1 */ select `test`.`t1`.`b1` AS `b1` from `test`.`t1` where (`test`.`t1`.`doc11`.`int` = 5)
select b1 from t1 where doc11.int = 5;
b1
5
explain extended select b1 from t1 use document keys where doc11.int = 5;
id	select_type	table	type	possible_keys	key	key_len	ref	rows	filtered	Extra
1	SIMPLE	t1	ref	doc11_int	doc11_int	9	const	1	100.00	NULL
Warnings:
Note	1003	/* select#1 */ select `test`.`t1`.`b1` AS `b1` from `test`.`t1` USE DOCUMENT INDEXES where (`test`.`t1`.`doc11`.`int` = 5)
select b1 from t1 use document keys where doc11.int = 5;
b1
5
explain extended select * from t1 where doc11.int = 5;
id	select_type	table	type	possible_keys	key	key_len	ref	rows	filtered	Extra
1	SIMPLE	t1	ALL	NULL	NULL	NULL	NULL	12	100.00	Using where
Warnings:
Note	1003	/* select#1 */ select `test`.`t1`.`a1` AS `a1`,`test`.`t1`.`b1` AS `b1`,`test`.`t1`.`c1` AS `c1`,`test`.`t1`.`d1` AS `d1`,`test`.`t1`.`doc11` AS `doc11`,`test`.`t1`.`doc12` AS `doc12` from `test`.`t1` where (`test`.`t1`.`doc11`.`int` = 5)
select * from t1 where doc11.int = 5;
a1	b1	c1	d1	doc11	doc12
5	5	5.5	eee	{"bool":true,"int":5,"double":5.5,"string":"eee","binary":"eee","k1":{"k2":{"k3":{"int":5}}},"id":5}	{"int":5,"double":5.5}
explain extended select * from t1 use document keys where doc11.int = 5;
id	select_type	table	type	possible_keys	key	key_len	ref	rows	filtered	Extra
1	SIMPLE	t1	ref	doc11_int	doc11_int	9	const	1	100.00	NULL
Warnings:
Note	1003	/* select#1 */ select `test`.`t1`.`a1` AS `a1`,`test`.`t1`.`b1` AS `b1`,`test`.`t1`.`c1` AS `c1`,`test`.`t1`.`d1` AS `d1`,`test`.`t1`.`doc11` AS `doc11`,`test`.`t1`.`doc12` AS `doc12` from `test`.`t1` USE DOCUMENT INDEXES where (`test`.`t1`.`doc11`.`int` = 5)
select * from t1 use document keys where doc11.int = 5;
a1	b1	c1	d1	doc11	doc12
5	5	5.5	eee	{"bool":true,"int":5,"double":5.5,"string":"eee","binary":"eee","k1":{"k2":{"k3":{"int":5}}},"id":5}	{"int":5,"double":5.5}
explain extended select doc11.double from t1 where doc11.int = 5;
id	select_type	table	type	possible_keys	key	key_len	ref	rows	filtered	Extra
1	SIMPLE	t1	ALL	NULL	NULL	NULL	NULL	12	100.00	Using where
Warnings:
Note	1003	/* select#1 */ select `test`.`t1`.`doc11`.`double` AS "`doc11`.`double`" from `test`.`t1` where (`test`.`t1`.`doc11`.`int` = 5)
select doc11.double from t1 where doc11.int = 5;
`doc11`.`double`
5.5
explain extended select doc11.double from t1 use document keys where doc11.int = 5;
id	select_type	table	type	possible_keys	key	key_len	ref	rows	filtered	Extra
1	SIMPLE	t1	ref	doc11_int	doc11_int	9	const	1	100.00	NULL
Warnings:
Note	1003	/* select#1 */ select `test`.`t1`.`doc11`.`double` AS "`doc11`.`double`" from `test`.`t1` USE DOCUMENT INDEXES where (`test`.`t1`.`doc11`.`int` = 5)
select doc11.double from t1 use document keys where doc11.int = 5;
`doc11`.`double`
5.5
explain extended select doc11 from t1 where doc11.int = 5;
id	select_type	table	type	possible_keys	key	key_len	ref	rows	filtered	Extra
1	SIMPLE	t1	ALL	NULL	NULL	NULL	NULL	12	100.00	Using where
Warnings:
Note	1003	/* select#1 */ select `test`.`t1`.`doc11` AS `doc11` from `test`.`t1` where (`test`.`t1`.`doc11`.`int` = 5)
select doc11 from t1 where doc11.int = 5;
doc11
{"bool":true,"int":5,"double":5.5,"string":"eee","binary":"eee","k1":{"k2":{"k3":{"int":5}}},"id":5}
explain extended select doc11 from t1 use document keys where doc11.int = 5;
id	select_type	table	type	possible_keys	key	key_len	ref	rows	filtered	Extra
1	SIMPLE	t1	ref	doc11_int	doc11_int	9	const	1	100.00	NULL
Warnings:
Note	1003	/* select#1 */ select `test`.`t1`.`doc11` AS `doc11` from `test`.`t1` USE DOCUMENT INDEXES where (`test`.`t1`.`doc11`.`int` = 5)
select doc11 from t1 use document keys where doc11.int = 5;
doc11
{"bool":true,"int":5,"double":5.5,"string":"eee","binary":"eee","k1":{"k2":{"k3":{"int":5}}},"id":5}
explain extended select doc11.double from t1 where doc11.int < 5;
id	select_type	table	type	possible_keys	key	key_len	ref	rows	filtered	Extra
1	SIMPLE	t1	ALL	NULL	NULL	NULL	NULL	12	100.00	Using where
Warnings:
Note	1003	/* select#1 */ select `test`.`t1`.`doc11`.`double` AS "`doc11`.`double`" from `test`.`t1` where (`test`.`t1`.`doc11`.`int` < 5)
select doc11.double from t1 where doc11.int < 5;
`doc11`.`double`
1.1
2.2
3.3
4.4
explain extended select doc11.double from t1 use document keys where doc11.int < 5;
id	select_type	table	type	possible_keys	key	key_len	ref	rows	filtered	Extra
1	SIMPLE	t1	range	doc11_int	doc11_int	9	NULL	3	100.00	Using where
Warnings:
Note	1003	/* select#1 */ select `test`.`t1`.`doc11`.`double` AS "`doc11`.`double`" from `test`.`t1` USE DOCUMENT INDEXES where (`test`.`t1`.`doc11`.`int` < 5)
select doc11.double from t1 use document keys where doc11.int < 5;
`doc11`.`double`
1.1
2.2
3.3
4.4
explain extended select doc11 from t1 where doc11.int > 5;
id	select_type	table	type	possible_keys	key	key_len	ref	rows	filtered	Extra
1	SIMPLE	t1	ALL	NULL	NULL	NULL	NULL	12	100.00	Using where
Warnings:
Note	1003	/* select#1 */ select `test`.`t1`.`doc11` AS `doc11` from `test`.`t1` where (`test`.`t1`.`doc11`.`int` > 5)
select doc11 from t1 where doc11.int > 5;
doc11
{"bool":false,"int":6,"double":6.6,"string":"fff","binary":"fff","k1":{"k2":{"k3":{"int":6}}},"id":6}
{"bool":false,"int":7,"double":7.7,"string":"ggg","binary":"ggg","k1":{"k2":{"k3":{"int":7}}},"id":7}
{"bool":false,"int":8,"double":8.8,"string":"hhh","binary":"hhh","k1":{"k2":{"k3":{"int":8}}},"id":8}
{"bool":false,"int":9,"double":9.9,"string":"iii","binary":"iii","k1":{"k2":{"k3":{"int":9}}},"id":9}
{"bool":false,"int":10,"double":10.1,"string":"jjj","binary":"jjj","k1":{"k2":{"k3":{"int":10}}},"id":10}
{"bool":false,"int":11,"double":11.11,"string":"kkk","binary":"kkk","k1":{"k2":{"k3":{"int":11}}},"id":11}
{"bool":false,"int":12,"double":12.12,"string":"lll","binary":"lll","k1":{"k2":{"k3":{"int":12}}},"id":12}
explain extended select doc11 from t1 use document keys where doc11.int > 5;
id	select_type	table	type	possible_keys	key	key_len	ref	rows	filtered	Extra
1	SIMPLE	t1	ALL	doc11_int	NULL	NULL	NULL	12	58.33	Using where
Warnings:
Note	1003	/* select#1 */ select `test`.`t1`.`doc11` AS `doc11` from `test`.`t1` USE DOCUMENT INDEXES where (`test`.`t1`.`doc11`.`int` > 5)
select doc11 from t1 use document keys where doc11.int > 5;
doc11
{"bool":false,"int":6,"double":6.6,"string":"fff","binary":"fff","k1":{"k2":{"k3":{"int":6}}},"id":6}
{"bool":false,"int":7,"double":7.7,"string":"ggg","binary":"ggg","k1":{"k2":{"k3":{"int":7}}},"id":7}
{"bool":false,"int":8,"double":8.8,"string":"hhh","binary":"hhh","k1":{"k2":{"k3":{"int":8}}},"id":8}
{"bool":false,"int":9,"double":9.9,"string":"iii","binary":"iii","k1":{"k2":{"k3":{"int":9}}},"id":9}
{"bool":false,"int":10,"double":10.1,"string":"jjj","binary":"jjj","k1":{"k2":{"k3":{"int":10}}},"id":10}
{"bool":false,"int":11,"double":11.11,"string":"kkk","binary":"kkk","k1":{"k2":{"k3":{"int":11}}},"id":11}
{"bool":false,"int":12,"double":12.12,"string":"lll","binary":"lll","k1":{"k2":{"k3":{"int":12}}},"id":12}
explain extended select b1, doc11.double from t1 where doc11.int = 5;
id	select_type	table	type	possible_keys	key	key_len	ref	rows	filtered	Extra
1	SIMPLE	t1	ALL	NULL	NULL	NULL	NULL	12	100.00	Using where
Warnings:
Note	1003	/* select#1 */ select `test`.`t1`.`b1` AS `b1`,`test`.`t1`.`doc11`.`double` AS "`doc11`.`double`" from `test`.`t1` where (`test`.`t1`.`doc11`.`int` = 5)
select b1, doc11.double from t1 where doc11.int = 5;
b1	`doc11`.`double`
5	5.5
explain extended select b1, doc11.double from t1 use document keys where doc11.int = 5;
id	select_type	table	type	possible_keys	key	key_len	ref	rows	filtered	Extra
1	SIMPLE	t1	ref	doc11_int	doc11_int	9	const	1	100.00	NULL
Warnings:
Note	1003	/* select#1 */ select `test`.`t1`.`b1` AS `b1`,`test`.`t1`.`doc11`.`double` AS "`doc11`.`double`" from `test`.`t1` USE DOCUMENT INDEXES where (`test`.`t1`.`doc11`.`int` = 5)
select b1, doc11.double from t1 use document keys where doc11.int = 5;
b1	`doc11`.`double`
5	5.5
explain extended select b1, doc11 from t1 where doc11.int = 5;
id	select_type	table	type	possible_keys	key	key_len	ref	rows	filtered	Extra
1	SIMPLE	t1	ALL	NULL	NULL	NULL	NULL	12	100.00	Using where
Warnings:
Note	1003	/* select#1 */ select `test`.`t1`.`b1` AS `b1`,`test`.`t1`.`doc11` AS `doc11` from `test`.`t1` where (`test`.`t1`.`doc11`.`int` = 5)
select b1, doc11 from t1 where doc11.int = 5;
b1	doc11
5	{"bool":true,"int":5,"double":5.5,"string":"eee","binary":"eee","k1":{"k2":{"k3":{"int":5}}},"id":5}
explain extended select b1, doc11 from t1 use document keys where doc11.int = 5;
id	select_type	table	type	possible_keys	key	key_len	ref	rows	filtered	Extra
1	SIMPLE	t1	ref	doc11_int	doc11_int	9	const	1	100.00	NULL
Warnings:
Note	1003	/* select#1 */ select `test`.`t1`.`b1` AS `b1`,`test`.`t1`.`doc11` AS `doc11` from `test`.`t1` USE DOCUMENT INDEXES where (`test`.`t1`.`doc11`.`int` = 5)
select b1, doc11 from t1 use document keys where doc11.int = 5;
b1	doc11
5	{"bool":true,"int":5,"double":5.5,"string":"eee","binary":"eee","k1":{"k2":{"k3":{"int":5}}},"id":5}
explain extended select b1 from t1 where doc11.int = 5 and d1 = 5.5;
id	select_type	table	type	possible_keys	key	key_len	ref	rows	filtered	Extra
1	SIMPLE	t1	ALL	NULL	NULL	NULL	NULL	12	100.00	Using where
Warnings:
Note	1003	/* select#1 */ select `test`.`t1`.`b1` AS `b1` from `test`.`t1` where ((`test`.`t1`.`doc11`.`int` = 5) and (`test`.`t1`.`d1` = 5.5))
select b1 from t1 where doc11.int = 5 and d1 = 5.5;
b1
Warnings:
Warning	1292	Truncated incorrect DOUBLE value: 'eee                                                                                                 '
explain extended select b1 from t1 use document keys where doc11.int = 5 and d1 = 5.5;
id	select_type	table	type	possible_keys	key	key_len	ref	rows	filtered	Extra
1	SIMPLE	t1	ref	doc11_int	doc11_int	9	const	1	100.00	Using where
Warnings:
Note	1003	/* select#1 */ select `test`.`t1`.`b1` AS `b1` from `test`.`t1` USE DOCUMENT INDEXES where ((`test`.`t1`.`doc11`.`int` = 5) and (`test`.`t1`.`d1` = 5.5))
select b1 from t1 use document keys where doc11.int = 5 and d1 = 5.5;
b1
Warnings:
Warning	1292	Truncated incorrect DOUBLE value: 'eee                                                                                                 '
explain extended select b1 from t1 where doc11.int = 5 and d1 > 5;
id	select_type	table	type	possible_keys	key	key_len	ref	rows	filtered	Extra
1	SIMPLE	t1	ALL	NULL	NULL	NULL	NULL	12	100.00	Using where
Warnings:
Note	1003	/* select#1 */ select `test`.`t1`.`b1` AS `b1` from `test`.`t1` where ((`test`.`t1`.`doc11`.`int` = 5) and (`test`.`t1`.`d1` > 5))
select b1 from t1 where doc11.int = 5 and d1 > 5;
b1
Warnings:
Warning	1292	Truncated incorrect DOUBLE value: 'eee                                                                                                 '
explain extended select b1 from t1 use document keys where doc11.int = 5 and d1 > 5;
id	select_type	table	type	possible_keys	key	key_len	ref	rows	filtered	Extra
1	SIMPLE	t1	ref	doc11_int	doc11_int	9	const	1	100.00	Using where
Warnings:
Note	1003	/* select#1 */ select `test`.`t1`.`b1` AS `b1` from `test`.`t1` USE DOCUMENT INDEXES where ((`test`.`t1`.`doc11`.`int` = 5) and (`test`.`t1`.`d1` > 5))
select b1 from t1 use document keys where doc11.int = 5 and d1 > 5;
b1
Warnings:
Warning	1292	Truncated incorrect DOUBLE value: 'eee                                                                                                 '
explain extended select c1 from t1 where doc11.int = 5 and b1 = 5;
id	select_type	table	type	possible_keys	key	key_len	ref	rows	filtered	Extra
1	SIMPLE	t1	ref	b1_a1	b1_a1	5	const	1	100.00	Using where
Warnings:
Note	1003	/* select#1 */ select `test`.`t1`.`c1` AS `c1` from `test`.`t1` where ((`test`.`t1`.`b1` = 5) and (`test`.`t1`.`doc11`.`int` = 5))
select c1 from t1 where doc11.int = 5 and b1 = 5;
c1
5.5
explain extended select c1 from t1 use document keys where doc11.int = 5 and b1 = 5;
id	select_type	table	type	possible_keys	key	key_len	ref	rows	filtered	Extra
1	SIMPLE	t1	ref	b1_a1,doc11_int,b1_doc11	b1_a1	5	const	1	100.00	Using where
Warnings:
Note	1003	/* select#1 */ select `test`.`t1`.`c1` AS `c1` from `test`.`t1` USE DOCUMENT INDEXES where ((`test`.`t1`.`b1` = 5) and (`test`.`t1`.`doc11`.`int` = 5))
select c1 from t1 use document keys where doc11.int = 5 and b1 = 5;
c1
5.5
explain extended select doc11.int from t1 where doc11.id = 5;
id	select_type	table	type	possible_keys	key	key_len	ref	rows	filtered	Extra
1	SIMPLE	t1	ALL	NULL	NULL	NULL	NULL	12	100.00	Using where
Warnings:
Note	1003	/* select#1 */ select `test`.`t1`.`doc11`.`int` AS "`doc11`.`int`" from `test`.`t1` where (`test`.`t1`.`doc11`.`id` = 5)
select doc11.int from t1 where doc11.id = 5;
`doc11`.`int`
5
explain extended select doc11.int from t1 use document keys where doc11.id = 5;
id	select_type	table	type	possible_keys	key	key_len	ref	rows	filtered	Extra
1	SIMPLE	t1	ALL	NULL	NULL	NULL	NULL	12	100.00	Using where
Warnings:
Note	1003	/* select#1 */ select `test`.`t1`.`doc11`.`int` AS "`doc11`.`int`" from `test`.`t1` USE DOCUMENT INDEXES where (`test`.`t1`.`doc11`.`id` = 5)
select doc11.int from t1 use document keys where doc11.id = 5;
`doc11`.`int`
5
explain extended select a1, b1 from t1 where doc11.id = 5;
id	select_type	table	type	possible_keys	key	key_len	ref	rows	filtered	Extra
1	SIMPLE	t1	ALL	NULL	NULL	NULL	NULL	12	100.00	Using where
Warnings:
Note	1003	/* select#1 */ select `test`.`t1`.`a1` AS `a1`,`test`.`t1`.`b1` AS `b1` from `test`.`t1` where (`test`.`t1`.`doc11`.`id` = 5)
select a1, b1 from t1 where doc11.id = 5;
a1	b1
5	5
explain extended select a1, b1 from t1 use document keys where doc11.id = 5;
id	select_type	table	type	possible_keys	key	key_len	ref	rows	filtered	Extra
1	SIMPLE	t1	ALL	NULL	NULL	NULL	NULL	12	100.00	Using where
Warnings:
Note	1003	/* select#1 */ select `test`.`t1`.`a1` AS `a1`,`test`.`t1`.`b1` AS `b1` from `test`.`t1` USE DOCUMENT INDEXES where (`test`.`t1`.`doc11`.`id` = 5)
select a1, b1 from t1 use document keys where doc11.id = 5;
a1	b1
5	5
select a1, doc11.int from t1 use document keys order by doc11.int;
a1	`doc11`.`int`
1	1
2	2
3	3
4	4
5	5
6	6
7	7
8	8
9	9
10	10
11	11
12	12
explain extended select t1.doc11.int, t2.doc21.int from t1 use document keys, t2 use document keys where t1.doc11.int = t2.doc21.int;
id	select_type	table	type	possible_keys	key	key_len	ref	rows	filtered	Extra
1	SIMPLE	t1	index	doc11_int	doc11_int	9	NULL	12	100.00	Using where; Using index
1	SIMPLE	t2	ref	doc21_int	doc21_int	9	test.t1.`doc11`.`int`	1	100.00	Using index
Warnings:
Note	1003	/* select#1 */ select `test`.`t1`.`doc11`.`int` AS "`doc11`.`int`",`test`.`t2`.`doc21`.`int` AS "`doc21`.`int`" from `test`.`t1` USE DOCUMENT INDEXES join `test`.`t2` USE DOCUMENT INDEXES where (`test`.`t2`.`doc21`.`int` = `test`.`t1`.`doc11`.`int`)
select t1.doc11.int, t2.doc21.int from t1 use document keys, t2 use document keys where t1.doc11.int = t2.doc21.int;
`doc11`.`int`	`doc21`.`int`
1	1
2	2
3	3
4	4
5	5
6	6
7	7
8	8
9	9
10	10
11	11
12	12
explain extended select t1.doc11.int, t2.doc21.int from t1 use document keys, t2 use document keys where t1.doc11.int > t2.doc21.int;
id	select_type	table	type	possible_keys	key	key_len	ref	rows	filtered	Extra
1	SIMPLE	t1	index	doc11_int	doc11_int	9	NULL	12	100.00	Using index
1	SIMPLE	t2	ALL	doc21_int	NULL	NULL	NULL	12	100.00	Range checked for each record (index map: 0x8)
Warnings:
Note	1003	/* select#1 */ select `test`.`t1`.`doc11`.`int` AS "`doc11`.`int`",`test`.`t2`.`doc21`.`int` AS "`doc21`.`int`" from `test`.`t1` USE DOCUMENT INDEXES join `test`.`t2` USE DOCUMENT INDEXES where (`test`.`t1`.`doc11`.`int` > `test`.`t2`.`doc21`.`int`)
select t1.doc11.int, t2.doc21.int from t1 use document keys, t2 use document keys where t1.doc11.int > t2.doc21.int;
`doc11`.`int`	`doc21`.`int`
2	1
3	1
3	2
4	1
4	2
4	3
5	1
5	2
5	3
5	4
6	1
6	2
6	3
6	4
6	5
7	1
7	2
7	3
7	4
7	5
7	6
8	1
8	2
8	3
8	4
8	5
8	6
8	7
9	1
9	2
9	3
9	4
9	5
9	6
9	7
9	8
10	1
10	2
10	3
10	4
10	5
10	6
10	7
10	8
10	9
11	1
11	2
11	3
11	4
11	5
11	6
11	7
11	8
11	9
11	10
12	1
12	2
12	3
12	4
12	5
12	6
12	7
12	8
12	9
12	10
12	11
explain extended select t1.doc11.int, t2.doc21.int, t3.doc31.int from t1 use document keys, t2 use document keys, t3 use document keys where t1.doc11.int = t2.doc21.int and t1.doc11.int = t3.doc31.int;
id	select_type	table	type	possible_keys	key	key_len	ref	rows	filtered	Extra
1	SIMPLE	t1	index	doc11_int	doc11_int	9	NULL	12	100.00	Using where; Using index
1	SIMPLE	t2	ref	doc21_int	doc21_int	9	test.t1.`doc11`.`int`	1	100.00	Using index
1	SIMPLE	t3	ref	doc31_int	doc31_int	9	test.t1.`doc11`.`int`	1	100.00	Using index
Warnings:
Note	1003	/* select#1 */ select `test`.`t1`.`doc11`.`int` AS "`doc11`.`int`",`test`.`t2`.`doc21`.`int` AS "`doc21`.`int`",`test`.`t3`.`doc31`.`int` AS "`doc31`.`int`" from `test`.`t1` USE DOCUMENT INDEXES join `test`.`t2` USE DOCUMENT INDEXES join `test`.`t3` USE DOCUMENT INDEXES where ((`test`.`t2`.`doc21`.`int` = `test`.`t1`.`doc11`.`int`) and (`test`.`t3`.`doc31`.`int` = `test`.`t1`.`doc11`.`int`))
select t1.doc11.int, t2.doc21.int, t3.doc31.int from t1 use document keys, t2 use document keys, t3 use document keys where t1.doc11.int = t2.doc21.int and t1.doc11.int = t3.doc31.int;
`doc11`.`int`	`doc21`.`int`	`doc31`.`int`
1	1	1
2	2	2
3	3	3
4	4	4
5	5	5
6	6	6
7	7	7
8	8	8
9	9	9
10	10	10
11	11	11
12	12	12
explain extended select t1.doc11.int, t2.doc21.int, t3.doc31.int from t1 use document keys, t2 use document keys, t3 use document keys where t1.doc11.int > t2.doc21.int and t2.doc21.int > t3.doc31.int;
id	select_type	table	type	possible_keys	key	key_len	ref	rows	filtered	Extra
1	SIMPLE	t1	index	doc11_int	doc11_int	9	NULL	12	100.00	Using index
1	SIMPLE	t2	ALL	doc21_int	NULL	NULL	NULL	12	100.00	Range checked for each record (index map: 0x8)
1	SIMPLE	t3	ALL	doc31_int	NULL	NULL	NULL	12	100.00	Range checked for each record (index map: 0x8)
Warnings:
Note	1003	/* select#1 */ select `test`.`t1`.`doc11`.`int` AS "`doc11`.`int`",`test`.`t2`.`doc21`.`int` AS "`doc21`.`int`",`test`.`t3`.`doc31`.`int` AS "`doc31`.`int`" from `test`.`t1` USE DOCUMENT INDEXES join `test`.`t2` USE DOCUMENT INDEXES join `test`.`t3` USE DOCUMENT INDEXES where ((`test`.`t1`.`doc11`.`int` > `test`.`t2`.`doc21`.`int`) and (`test`.`t2`.`doc21`.`int` > `test`.`t3`.`doc31`.`int`))
select t1.doc11.int, t2.doc21.int, t3.doc31.int from t1 use document keys, t2 use document keys, t3 use document keys where t1.doc11.int > t2.doc21.int and t2.doc21.int > t3.doc31.int;
`doc11`.`int`	`doc21`.`int`	`doc31`.`int`
3	2	1
4	2	1
4	3	1
4	3	2
5	2	1
5	3	1
5	3	2
5	4	1
5	4	2
5	4	3
6	2	1
6	3	1
6	3	2
6	4	1
6	4	2
6	4	3
6	5	1
6	5	2
6	5	3
6	5	4
7	2	1
7	3	1
7	3	2
7	4	1
7	4	2
7	4	3
7	5	1
7	5	2
7	5	3
7	5	4
7	6	1
7	6	2
7	6	3
7	6	4
7	6	5
8	2	1
8	3	1
8	3	2
8	4	1
8	4	2
8	4	3
8	5	1
8	5	2
8	5	3
8	5	4
8	6	1
8	6	2
8	6	3
8	6	4
8	6	5
8	7	1
8	7	2
8	7	3
8	7	4
8	7	5
8	7	6
9	2	1
9	3	1
9	3	2
9	4	1
9	4	2
9	4	3
9	5	1
9	5	2
9	5	3
9	5	4
9	6	1
9	6	2
9	6	3
9	6	4
9	6	5
9	7	1
9	7	2
9	7	3
9	7	4
9	7	5
9	7	6
9	8	1
9	8	2
9	8	3
9	8	4
9	8	5
9	8	6
9	8	7
10	2	1
10	3	1
10	3	2
10	4	1
10	4	2
10	4	3
10	5	1
10	5	2
10	5	3
10	5	4
10	6	1
10	6	2
10	6	3
10	6	4
10	6	5
10	7	1
10	7	2
10	7	3
10	7	4
10	7	5
10	7	6
10	8	1
10	8	2
10	8	3
10	8	4
10	8	5
10	8	6
10	8	7
10	9	1
10	9	2
10	9	3
10	9	4
10	9	5
10	9	6
10	9	7
10	9	8
11	2	1
11	3	1
11	3	2
11	4	1
11	4	2
11	4	3
11	5	1
11	5	2
11	5	3
11	5	4
11	6	1
11	6	2
11	6	3
11	6	4
11	6	5
11	7	1
11	7	2
11	7	3
11	7	4
11	7	5
11	7	6
11	8	1
11	8	2
11	8	3
11	8	4
11	8	5
11	8	6
11	8	7
11	9	1
11	9	2
11	9	3
11	9	4
11	9	5
11	9	6
11	9	7
11	9	8
11	10	1
11	10	2
11	10	3
11	10	4
11	10	5
11	10	6
11	10	7
11	10	8
11	10	9
12	2	1
12	3	1
12	3	2
12	4	1
12	4	2
12	4	3
12	5	1
12	5	2
12	5	3
12	5	4
12	6	1
12	6	2
12	6	3
12	6	4
12	6	5
12	7	1
12	7	2
12	7	3
12	7	4
12	7	5
12	7	6
12	8	1
12	8	2
12	8	3
12	8	4
12	8	5
12	8	6
12	8	7
12	9	1
12	9	2
12	9	3
12	9	4
12	9	5
12	9	6
12	9	7
12	9	8
12	10	1
12	10	2
12	10	3
12	10	4
12	10	5
12	10	6
12	10	7
12	10	8
12	10	9
12	11	1
12	11	2
12	11	3
12	11	4
12	11	5
12	11	6
12	11	7
12	11	8
12	11	9
12	11	10
drop table t1, t2, t3;
include/rpl_end.inc
