SET @start_allow_DOCUMENT_type = @@global.allow_DOCUMENT_type;
SELECT @start_allow_DOCUMENT_type;
@start_allow_DOCUMENT_type
1
SELECT DOCUMENT('{"k":"v"}');
DOCUMENT('{"k":"v"}')
{"k":"v"}
SELECT DOCUMENT('{}');
DOCUMENT('{}')
{}
SELECT DOCUMENT('{"k":{}}');
DOCUMENT('{"k":{}}')
{"k":{}}
SELECT DOCUMENT('{"k":[]}');
DOCUMENT('{"k":[]}')
{"k":[]}
SELECT DOCUMENT('{"k1":"v1","k2":true,"k3":3}');
DOCUMENT('{"k1":"v1","k2":true,"k3":3}')
{"k1":"v1","k2":true,"k3":3}
SELECT DOCUMENT('{"k1":{"k2":"v2"}}');
DOCUMENT('{"k1":{"k2":"v2"}}')
{"k1":{"k2":"v2"}}
SELECT DOCUMENT('{"key":[1,2,3]}');
DOCUMENT('{"key":[1,2,3]}')
{"key":[1,2,3]}
SELECT DOCUMENT('{"~!@#$%^&*()_+-=:;\'<>?,./":{"~!@#$%^&*()_+-=:;\'<>?,./":"v2"}}');
DOCUMENT('{"~!@#$%^&*()_+-=:;\'<>?,./":{"~!@#$%^&*()_+-=:;\'<>?,./":"v2"}}')
{"~!@#$%^&*()_+-=:;'<>?,./":{"~!@#$%^&*()_+-=:;'<>?,./":"v2"}}
SELECT DOCUMENT('{"name":"Jack Walters",
"address":{"house number":"100", "street name":"main", "zipcode":94403, "state":"CA"},
"children":["Alex", "Ben", "Gary", "Jennifer"]}');
DOCUMENT('{"name":"Jack Walters",
"address":{"house number":"100", "street name":"main", "zipcode":94403, "state":"CA"},
"children":["Alex", "Ben", "Gary", "Jennifer"]}')
{"name":"Jack Walters","address":{"house number":"100","street name":"main","zipcode":94403,"state":"CA"},"children":["Alex","Ben","Gary","Jennifer"]}
SELECT DOCUMENT('[]');
DOCUMENT('[]')
[]
SELECT DOCUMENT('[[[[[]]]]]');
DOCUMENT('[[[[[]]]]]')
[[[[[]]]]]
SELECT DOCUMENT('[{}]');
DOCUMENT('[{}]')
[{}]
SELECT DOCUMENT('[1,2,3]');
DOCUMENT('[1,2,3]')
[1,2,3]
SELECT DOCUMENT('[1,false,"str",1.2]');
DOCUMENT('[1,false,"str",1.2]')
[1,false,"str",1.2]
SELECT DOCUMENT('[{"k1":"v1"},2,3]');
DOCUMENT('[{"k1":"v1"},2,3]')
[{"k1":"v1"},2,3]
SELECT DOCUMENT('[[1,2,3],2,3]');
DOCUMENT('[[1,2,3],2,3]')
[[1,2,3],2,3]
SELECT DOCUMENT('{"MySQL":"开源数据库"}');
DOCUMENT('{"MySQL":"开源数据库"}')
{"MySQL":"开源数据库"}
SELECT DOCUMENT('{"开源数据库":"MySQL"}');
DOCUMENT('{"开源数据库":"MySQL"}')
{"开源数据库":"MySQL"}
SELECT DOCUMENT('');
ERROR HY000: Invalid JSON object: '', pos 0, error 'Empty document'.
SELECT DOCUMENT(123);
ERROR HY000: Invalid JSON object: '', pos 0, error 'Input is not text type'.
SELECT DOCUMENT(1.23);
ERROR HY000: Invalid JSON object: '', pos 0, error 'Input is not text type'.
SELECT DOCUMENT('abc');
ERROR HY000: Invalid JSON object: 'abc', pos 0, error 'Invalid document: document must be an object or an array'.
SELECT DOCUMENT('"abc"');
ERROR HY000: Invalid JSON object: '"abc"', pos 0, error 'Invalid document: document must be an object or an array'.
SELECT DOCUMENT('{"key"}');
ERROR HY000: Invalid JSON object: '{"key"}', pos 7, error 'Invalid JSON object'.
SELECT DOCUMENT('{1:value}');
ERROR HY000: Invalid JSON object: '{1:value}', pos 2, error 'Invalid JSON object'.
SELECT DOCUMENT('{"key":"value"');
ERROR HY000: Invalid JSON object: '{"key":"value"', pos 15, error 'Invalid JSON object'.
SELECT DOCUMENT('[1,2,3');
ERROR HY000: Invalid JSON object: '[1,2,3', pos 7, error 'Invalid JSON array'.
SELECT DOCUMENT('{}}');
ERROR HY000: Invalid JSON object: '{}}', pos 2, error 'Invalid document: document must be an object or an array'.
SELECT DOCUMENT('[[]');
ERROR HY000: Invalid JSON object: '[[]', pos 4, error 'Invalid JSON array'.
SELECT DOCUMENT('{[]}');
ERROR HY000: Invalid JSON object: '{[]}', pos 2, error 'Invalid JSON object'.
SELECT DOCUMENT('{[]}', 'foo');
ERROR 42000: You have an error in your SQL syntax; check the manual that corresponds to your MySQL server version for the right syntax to use near ' 'foo')' at line 1
SELECT DOCUMENT();
ERROR 42000: You have an error in your SQL syntax; check the manual that corresponds to your MySQL server version for the right syntax to use near ')' at line 1
(SELECT DOCUMENT('{"k":[1, "v", 0.1, []]}')) UNION (SELECT DOCUMENT('{"k":[1, "v", 0.1, []]}'));
DOCUMENT('{"k":[1, "v", 0.1, []]}')
{"k":[1,"v",0.1,[]]}
(SELECT DOCUMENT('{"k":[1, "v", 0.1, []]}')) UNION DISTINCT (SELECT DOCUMENT('{"k":[1, "v", 0.1, []]}'));
DOCUMENT('{"k":[1, "v", 0.1, []]}')
{"k":[1,"v",0.1,[]]}
(SELECT DOCUMENT('{"k":[1, "v", 0.1, []]}')) UNION ALL (SELECT DOCUMENT('{"k":[1, "v", 0.1, []]}'));
DOCUMENT('{"k":[1, "v", 0.1, []]}')
{"k":[1,"v",0.1,[]]}
{"k":[1,"v",0.1,[]]}
(SELECT DOCUMENT('{"k":[1, "v", 0.1, []]}')) UNION (SELECT '{"k":[1,"v",0.1,[]]}');
DOCUMENT('{"k":[1, "v", 0.1, []]}')
{"k":[1,"v",0.1,[]]}
(SELECT DOCUMENT('{"k":[1, "v", 0.1, []]}')) UNION DISTINCT (SELECT '{"k":[1,"v",0.1,[]]}');
DOCUMENT('{"k":[1, "v", 0.1, []]}')
{"k":[1,"v",0.1,[]]}
(SELECT DOCUMENT('{"k":[1, "v", 0.1, []]}')) UNION ALL (SELECT '{"k":[1,"v",0.1,[]]}');
DOCUMENT('{"k":[1, "v", 0.1, []]}')
{"k":[1,"v",0.1,[]]}
{"k":[1,"v",0.1,[]]}
(SELECT '{"k":[1,"v",0.1,[]]}') UNION (SELECT DOCUMENT('{"k":[1, "v", 0.1, []]}'));
{"k":[1,"v",0.1,[]]}
{"k":[1,"v",0.1,[]]}
(SELECT '{"k":[1,"v",0.1,[]]}') UNION DISTINCT (SELECT DOCUMENT('{"k":[1, "v", 0.1, []]}'));
{"k":[1,"v",0.1,[]]}
{"k":[1,"v",0.1,[]]}
(SELECT '{"k":[1,"v",0.1,[]]}') UNION ALL (SELECT DOCUMENT('{"k":[1, "v", 0.1, []]}'));
{"k":[1,"v",0.1,[]]}
{"k":[1,"v",0.1,[]]}
{"k":[1,"v",0.1,[]]}
(SELECT DOCUMENT('{"k":[1, "v", 0.1, []]}')) UNION (SELECT 1);
DOCUMENT('{"k":[1, "v", 0.1, []]}')
{"k":[1,"v",0.1,[]]}
1
(SELECT DOCUMENT('{"k":[1, "v", 0.1, []]}')) UNION DISTINCT (SELECT 1);
DOCUMENT('{"k":[1, "v", 0.1, []]}')
{"k":[1,"v",0.1,[]]}
1
(SELECT DOCUMENT('{"k":[1, "v", 0.1, []]}')) UNION ALL (SELECT 1);
DOCUMENT('{"k":[1, "v", 0.1, []]}')
{"k":[1,"v",0.1,[]]}
1
(SELECT 1) UNION (SELECT DOCUMENT('{"k":[1, "v", 0.1, []]}'));
1
1
{"k":[1,"v",0.1,[]]}
(SELECT 1) UNION DISTINCT (SELECT DOCUMENT('{"k":[1, "v", 0.1, []]}'));
1
1
{"k":[1,"v",0.1,[]]}
(SELECT 1) UNION ALL (SELECT DOCUMENT('{"k":[1, "v", 0.1, []]}'));
1
1
{"k":[1,"v",0.1,[]]}
(SELECT DOCUMENT('{"k":[1, "v", 0.1, []]}')) UNION (SELECT 0.1);
DOCUMENT('{"k":[1, "v", 0.1, []]}')
{"k":[1,"v",0.1,[]]}
0.1
(SELECT DOCUMENT('{"k":[1, "v", 0.1, []]}')) UNION DISTINCT (SELECT 0.1);
DOCUMENT('{"k":[1, "v", 0.1, []]}')
{"k":[1,"v",0.1,[]]}
0.1
(SELECT DOCUMENT('{"k":[1, "v", 0.1, []]}')) UNION ALL (SELECT 0.1);
DOCUMENT('{"k":[1, "v", 0.1, []]}')
{"k":[1,"v",0.1,[]]}
0.1
(SELECT 0.1) UNION (SELECT DOCUMENT('{"k":[1, "v", 0.1, []]}'));
0.1
0.1
{"k":[1,"v",0.1,[]]}
(SELECT 0.1) UNION DISTINCT (SELECT DOCUMENT('{"k":[1, "v", 0.1, []]}'));
0.1
0.1
{"k":[1,"v",0.1,[]]}
(SELECT 0.1) UNION ALL (SELECT DOCUMENT('{"k":[1, "v", 0.1, []]}'));
0.1
0.1
{"k":[1,"v",0.1,[]]}
(SELECT DOCUMENT('{"k":[1, "v", 0.1, []]}')) UNION (SELECT DATE '2015-07-15');
DOCUMENT('{"k":[1, "v", 0.1, []]}')
{"k":[1,"v",0.1,[]]}
2015-07-15
(SELECT DOCUMENT('{"k":[1, "v", 0.1, []]}')) UNION DISTINCT (SELECT DATE '2015-07-15');
DOCUMENT('{"k":[1, "v", 0.1, []]}')
{"k":[1,"v",0.1,[]]}
2015-07-15
(SELECT DOCUMENT('{"k":[1, "v", 0.1, []]}')) UNION ALL (SELECT DATE '2015-07-15');
DOCUMENT('{"k":[1, "v", 0.1, []]}')
{"k":[1,"v",0.1,[]]}
2015-07-15
(SELECT DATE '2015-07-15') UNION (SELECT DOCUMENT('{"k":[1, "v", 0.1, []]}'));
DATE '2015-07-15'
2015-07-15
{"k":[1,"v",0.1,[]]}
(SELECT DATE '2015-07-15') UNION DISTINCT (SELECT DOCUMENT('{"k":[1, "v", 0.1, []]}'));
DATE '2015-07-15'
2015-07-15
{"k":[1,"v",0.1,[]]}
(SELECT DATE '2015-07-15') UNION ALL (SELECT DOCUMENT('{"k":[1, "v", 0.1, []]}'));
DATE '2015-07-15'
2015-07-15
{"k":[1,"v",0.1,[]]}
