include/master-slave.inc
Warnings:
Note	####	Sending passwords in plain text without SSL/TLS is extremely insecure.
Note	####	Storing MySQL user name or password information in the master info repository is not secure and is therefore not recommended. Please consider using the USER and PASSWORD connection options for START SLAVE; see the 'START SLAVE Syntax' in the MySQL Manual for more information.
[connection master]
drop table if exists t1, t2, t3, t4;
CREATE TABLE t1 (
a int not null,
doc document not null,
primary key (a),
key (doc)) engine=innodb;
ERROR HY000: DOCUMENT column 'doc' cannot be part of a key
CREATE TABLE t1 (
a int primary key,
b blob not null,
doc document not null,
key(doc.a.a.a.a.a.a.a.a.a.a.a.a.a.a.a.a.a.a.a.a.a.a.a.a.a.a.a.a.a.a.a.a.a.a.a.a.a.a.a.a.a.a.a.a.a.a.a.a.a.a.a.a.a.a.a.a.a.a.a.a.a.a.a.a.a.a.a.a.a.a.a.a.a.a.a.a.a.a.a.a.a.a.a.a.a.a.a.a.a.a.a.a.a.a.a.a.a.a.a.a.a.a.a.a.a.a.a.a.a.a.a.a.a.a.a.a.a.a.a.a.a.a.a.a.a.a.a.a.a.a.a.a.a.a.a.a.a.a.a.a.a.a.a.a.a.a.a.a.a.a.a.a.a.a.a.a.a.a.a.a.a.a.a.a.a.a.a.a.a.a.a.a.a.a.a.a.a.a.a.a.a.a.a.a.a.a.a.a.a.a.a.a.a.a.a.a.a.a.a.a.a.a.a.a.a.a.a.a.a.a.a.a.a.a.a.a.a.a.a.a.a.a.a.a.a.a.a.a.a.a.a.a.a.a.a.a.a.a.a.a.a.a.a.a.a.a.a.a.a.a.a.a.a.a.a.a.a.a.a.a.a.a.a.a.a.a.a.a.a.a.a.a.a.a.a.a.a.a.a.a.a.a.a.a.a.a.a.a.a.a.a.a.a.a.a.a.a.a.a.a.a.a.a.a.a.a.a.a.a.a.a.a.a.a.a.a.a.a.a.a.a.a.a.a.a.a.a.a.a.a.a.a.a.a.a.a.a.a.a.a.a.a.a.a.a.a.a.a.a.a.a.a.a.a.a.a.a.a.a.a.a.a.a.a.a.a.a.a.a.a.a.a.a.a.a.a.a.a.a.a.a.a.a.a.a.a.a.a.a.a.a.a.a.a.a.a.a.a.a.a.a.a.a.a.a.a.a.a.a.a.a.a.a.a.a.a.a.a.a.a.a.a.a.a.a.a.a.a.a.a.a.a.a.a.a.a.a.a.a.a.a.a.a.a.a.a.a.a.a.a.a.a.a.a.a.a.a.a.a.a.a.a.a.a.a.a.a.a.a.a.a.a.a.a.a.a.a.a.a.a.a.a.a.a.a.a.a.a.a.a.a.a.a.a.a.a.a.a.a.a.a.a.a.a.a.a.a.a.a.a.a.a.a.a.a.a.a.a.a.a.a.a.a.a.a.a.a.a.a.a.a.a.a.a.a.a.a.a.a.a.a.a.a.a.a.a.a.a.a.a.a.a.a.a.a.a.a.a.a.a.a.a.a.a.a.a.a.a.a.a.a.a.a.a.a.a.a.a.a.a.a.a.a.a.a.a.a.a.a.a.a.a.a.a.a.a.a.a.a.a.a.a.a.a.a.a.a.a.a.a.a.a.a.a.a.a.a.a.a.a.a.a.a.a.a.a.a.a.a.a.a.a.a.a.a.a.a.a.a.a.a.a.a.a.a.a.a.a.a.a.a.a.a.a.a.a.a.a.a.a.a.a.a.a.a.a.a.a.a.a.a.a.a.a.a.a.a.a.a.a.a.a.a.a.a.a.a.a.a.a.a.a.a.a.a.a.a.a.a.a.a.a.a.a.a.a.a.a.a.a.a.a.a.a.a.a.a.a.a.a.a.a.a.a.a.a.a.a.a.a.a.a.a.a.a.a.a.a.a.a.a.a.a.a.a.a.a.a.a.a.a.a.a.a.a.a.a.a.a.a.a.a.a.a.a.a.a.a.a.a.a.a.a.a.a.a.a.a.a.a.a.a.a.a.a.a.a.a.a.a.a.a.a.a.a.a.a.a.a.a.a.a.a.a.a.a.a.a.a.a.a.a.a.a.a.a.a.a.a.a.a.a.a.a.a.a.a.a.a.a.a.a.a.a.a.a.a.a.a.a.a.a.a.a.a.a.a.a.a.a.a.a.a.a.a.a.a.a.a.a.a.a.a.a.a.a.a.a.a.a.a.a.a.a.a.a.a.a.a.a.a.a.a.a.a.a.a.a.a.a.a.a.a.a.a.a.a.a.a.a.a.a.a.a.a.a.a.a.a.a.a.a.a.a.a.a.a.a.a.a.a.a.a.a.a.a.a.a.a.a.a.a.a.a.a.a.a.a.a.a.a.a.a.a.a.a.a.a.a.a.a.a.a.a.a.a.a.a.a.a.a.a.a.a.a.a.a.a.a.a.a.a.a.a.a.a.a.a.a.a.a.a.a.a.a.a.a.a.a.a.a.a.a.a.a.a.a.a.a.a.a.a.a.a.a.a.a.a.a.a.a.a.a.a.a.a.a.a.a.a.a.a.a.a.a.a.a.a.a.a.a.a.a.a.a.a.a.a.a.a.a.a.a.a.a.a.a.a.a.a.a.a.a.a.a.a.a.a.a.a.a.a.a.a.a.a.a.a.a.a.a.a.a.a.a.a.a.a.a.a.a.a.a.a.a.a.a.a.a.a.a.a.a.a.a.a.a.a.a.a.a.a.a.a.a.a.a.a.a.a.a.a.a.a.a.a.a.a.a.a.a.a.a.a.a.a.a.a.a.a.a.a.a.a.a.a.a.a.a.a.a.a.a.a.a.a.a.a.a.a.a.a.a.a.a.a.a.a.a.a.a.a.a.a.a.a.a.a.a.a.a.a.a.a.a.a.a.a.a.a.a.a.a.a.a.a.a.a.a.a.a.a.a.a.a.a.a.a.a.a.a.a.a.a.a.a.a.a.a.a.a.a.a.a.a.a.a.a.a.a.a.a.a.a.a.a.a.a.a.a.a.a.a.a.a.a.a.a.a.a.a.a.a.a.a.a.a.a.a.a.a.a.a.a.a.a.a.a.a.a.a.a.a.a.a.a.a.a.a.a.a.a.a.a.a.a.a.a.a.a.a.a.a.a.a.a.a.a.a.a.a.a.a.a.a.a.a.a.a.a.a.a.a.a.a.a.a.a.a.a.a.a.a.a.a.a.a.a.a.a.a.a.a.a.a.a.a.a.a.a.a.a.a.a.a.a.a.a.a.a.a.a.a.a.a.a.a.a.a.a.a.a.a.a.a.a.a.a.a.a.a.a.a.a.a.a.a.a.a.a.a.a.a.a.a.a.a.a.a.a.a.a.a.a.a.a.a.a.a.a.a.a.a.a.a.a.a.a.a.a.a.a.a.a.a.a.a.a.a.a.a.a.a.a.a.a.a.a.a.a.a.a.a.a.a.a.a.a.a.a.a.a.a.a.a.a.a.a.a.a.a.a.a.a.a.a.a.a.a.a.a.a.a.a.a.a.a.a.a.a.a.a.a.a.a.a.a.a.a.a.a.a.a.a.a.a.a.a.a.a.a.a.a.a.a.a.a.a.a.a.a.a.a.a.a.a.a.a.a.a.a.a.a.a.a.a.a.a.a.a.a.a.a.a.a.a.a.a.a.a.a.a.a.a.a.a.a.a.a.a.a.a.a.a.a.a.a.a.a.a.a.a.a.a.a.a.a.a.a.a.a.a.a.a.a.a.a.a.a.a.a.a.a.a.a.a.a.a.a.a.a.a.a.a.a.a.a.a.a.a.a.a.a.a.a.a.a.a.a.a.a.a.a.a.a.a.a.a.a.a.a.a.a.a.a.a.a.a.a.a.a.a.a.a.a.a.a.a.a.a.a.a.a.a.a.a.a.a.a.a.a.a.a.a.a.a.a.a.a.a.a.a.a.a.a.a.a.a.a.a.a.a.a.a.a.a.a.a.a.a.a.a.a.a.a.a.a.a.a.a.a.a.a.a.a.a.a.a.a.a.a.a.a.a.a.a.a.a.a.a.a.a.a.a.a.a.a.a.a.a.a.a.a.a.a.a.a.a.a.a.a.a.a.a.a.a.a.a.a.a.a.a.a.a.a.a.a.a.a.a.a.a.a.a.a.a.a.a.a.a.a.a.a.a.a.a.a.a.a.a.a.a.a.a.a.a.a.a.a.a.a.a.a.a.a.a.a.a.a.a.a.a.a.a.a.a.a.a.a.a.a.a.a.a.a.a.a.a.a.a.a.a.a.a.a.a.a.a.a.a.a.a.a.a.a.a.a.a.a.a.a.a.a.a.a.a.a.a.a.a.a.a.a.a.a.a.a.a.a.a.a.a.a.a.a.a.a.a.a.a.a.a.a.a.a.a.a.a.a.a.a.a.a.a.a.a.a.a.a.a.a.a.a.a.a.a.a.a.a.a.a.a.a.a.a.a.a.a.a.a.a.a.a.a.a.a.a.a.a.a.a.a.a.a.a.a.a.a.a.a.a.a.a.a.a.a.a.a.a.a.a.a.a.a.a.a.a.a.a.a.a.a.a.a.a.a.a.a.a.a.a.a.a.a.a.a.a.a.a.a.a.a.a.a.a.a.a.a.a.a.a.a.a.a.a.a.a.a.a.a.a.a.a.a.a.a.a.a.a.a.a.a.a.a.a.a.a.a.a.a.a.a.a.a.a.a.a.a.a.a.a.a.a.a.a.a.a.a.a.a as string(100))) engine=innodb;
ERROR HY000: Specified document path key was too long; max path length is 641 bytes
CREATE TABLE t1 (
a int not null,
b char (10) not null,
doc document not null,
primary key (a),
key (doc.id as int),
key (doc.name as string)) engine=innodb;
ERROR 42000: You have an error in your SQL syntax; check the manual that corresponds to your MySQL server version for the right syntax to use near ')) engine=innodb' at line 7
CREATE TABLE t1 (
a int not null,
b char (10) not null,
doc document not null,
primary key (a),
key (doc.id as int),
key (doc.address as binary)) engine=innodb;
ERROR 42000: You have an error in your SQL syntax; check the manual that corresponds to your MySQL server version for the right syntax to use near ')) engine=innodb' at line 7
CREATE TABLE t1 (
a int not null,
b int,
c char (10),
doc document not null,
primary key (a),
UNIQUE key b_a (b, a),
UNIQUE key c_doc (c, doc.address.zipcode as int)
) engine=innodb;
SHOW CREATE TABLE t1;
Table	Create Table
t1	CREATE TABLE `t1` (
  `a` int(11) NOT NULL,
  `b` int(11) DEFAULT NULL,
  `c` char(10) DEFAULT NULL,
  `doc` document NOT NULL,
  PRIMARY KEY (`a`),
  UNIQUE KEY `b_a` (`b`,`a`),
  UNIQUE KEY `c_doc` (`c`,`doc`.`address`.`zipcode` AS INT)
) ENGINE=InnoDB DEFAULT CHARSET=latin1
select substr(document_path from 1 for 7), substr(document_path from 9), document_type from information_schema.innodb_sys_docstore_fields;
substr(document_path from 1 for 7)	substr(document_path from 9)	document_type
NULL	NULL	0
address	zipcode	8
SHOW INDEXES IN t1;
Table	Non_unique	Key_name	Seq_in_index	Column_name	Collation	Cardinality	Sub_part	Packed	Null	Index_type	Comment	Index_comment
t1	0	PRIMARY	1	a	A	-	NULL	NULL		BTREE		
t1	0	b_a	1	b	A	-	NULL	NULL	YES	BTREE		
t1	0	b_a	2	a	A	-	NULL	NULL		BTREE		
t1	0	c_doc	1	c	A	-	NULL	NULL	YES	BTREE	disabled	
t1	0	c_doc	2	doc	A	-	8	NULL	YES	BTREE	disabled	
insert into t1 values (1,10,'@1','{ "id":101, "name":"Alex", "phone":6507770001, "address":{ "houseNumber":1001, "streetName":"1st", "zipcode":98761 }, "bool":"True", "a.b.c.":1 }');
insert into t1 values (2,20,'@2','{ "id":102, "name":"Bob", "phone":6507770002, "address":{ "houseNumber":1002, "streetName":"2nd", "zipcode":98762 }, "int64":2222222220123456789, "a.b.c.":2 }');
insert into t1 values (3,30,'@3','{ "id":103, "name":"Charlie", "phone":6507770003, "address":{ "houseNumber":1003, "streetName":"3rd", "zipcode":98763 }, "double":3.333333, "a.b.c.":3 }');
insert into t1 values (4,40,'@4','{ "id":104, "name":"Don", "phone":6507770004, "address":{ "houseNumber":1004, "streetName":"4th", "zipcode":98764 }, "Children":["Alex", "Bob", "Charlei"], "a.b.c.":4 }');
insert into t1 values (5,50,'@5','{ "id":105, "name":"Eddard", "phone":6507770005, "address":{ "houseNumber":1005, "streetName":"5th", "zipcode":98765 }, "Children":["Rob", "Sansa", "Arya"], "a.b.c.":5 }');
insert into t1 values (6,60,'@5','{ "address":{ "zipcode":98765 } }');
ERROR 23000: Duplicate entry '@5-98765' for key 'c_doc'
insert into t1 values (6,60,'@5','{ "address":{ "zipcode":"98765" } }');
ERROR 23000: Duplicate entry '@5-98765' for key 'c_doc'
insert into t1 values (6,60,'@5','{ "address":{ "zipcode":98765.0 } }');
ERROR 23000: Duplicate entry '@5-98765' for key 'c_doc'
update t1 set doc='{ "id":105, "name":"Eddard", "phone":6507770005, "address":{ "houseNumber":1005, "streetName":"5th", "zipcode":98766 }, "Children":["Rob", "Sansa", "Arya"], "a.b.c.":5 }' where a = 5;
insert into t1 values (6,60,'@5','{ "address":{ "zipcode":98766 } }');
ERROR 23000: Duplicate entry '@5-98766' for key 'c_doc'
delete from t1 where a = 5;
SHOW INDEXES IN t1;
Table	Non_unique	Key_name	Seq_in_index	Column_name	Collation	Cardinality	Sub_part	Packed	Null	Index_type	Comment	Index_comment
t1	0	PRIMARY	1	a	A	-	NULL	NULL		BTREE		
t1	0	b_a	1	b	A	-	NULL	NULL	YES	BTREE		
t1	0	b_a	2	a	A	-	NULL	NULL		BTREE		
t1	0	c_doc	1	c	A	-	NULL	NULL	YES	BTREE	disabled	
t1	0	c_doc	2	doc	A	-	8	NULL	YES	BTREE	disabled	
SELECT * FROM t1;
a	b	c	doc
1	10	@1	{"id":101,"name":"Alex","phone":6507770001,"address":{"houseNumber":1001,"streetName":"1st","zipcode":98761},"bool":"True","a.b.c.":1}
2	20	@2	{"id":102,"name":"Bob","phone":6507770002,"address":{"houseNumber":1002,"streetName":"2nd","zipcode":98762},"int64":2222222220123456789,"a.b.c.":2}
3	30	@3	{"id":103,"name":"Charlie","phone":6507770003,"address":{"houseNumber":1003,"streetName":"3rd","zipcode":98763},"double":3.333333,"a.b.c.":3}
4	40	@4	{"id":104,"name":"Don","phone":6507770004,"address":{"houseNumber":1004,"streetName":"4th","zipcode":98764},"Children":["Alex","Bob","Charlei"],"a.b.c.":4}
ALTER TABLE t1 DROP KEY b_a;
SHOW INDEXES IN t1;
Table	Non_unique	Key_name	Seq_in_index	Column_name	Collation	Cardinality	Sub_part	Packed	Null	Index_type	Comment	Index_comment
t1	0	PRIMARY	1	a	A	-	NULL	NULL		BTREE		
t1	0	c_doc	1	c	A	-	NULL	NULL	YES	BTREE	disabled	
t1	0	c_doc	2	doc	A	-	8	NULL	YES	BTREE	disabled	
SELECT * FROM t1;
a	b	c	doc
1	10	@1	{"id":101,"name":"Alex","phone":6507770001,"address":{"houseNumber":1001,"streetName":"1st","zipcode":98761},"bool":"True","a.b.c.":1}
2	20	@2	{"id":102,"name":"Bob","phone":6507770002,"address":{"houseNumber":1002,"streetName":"2nd","zipcode":98762},"int64":2222222220123456789,"a.b.c.":2}
3	30	@3	{"id":103,"name":"Charlie","phone":6507770003,"address":{"houseNumber":1003,"streetName":"3rd","zipcode":98763},"double":3.333333,"a.b.c.":3}
4	40	@4	{"id":104,"name":"Don","phone":6507770004,"address":{"houseNumber":1004,"streetName":"4th","zipcode":98764},"Children":["Alex","Bob","Charlei"],"a.b.c.":4}
ALTER TABLE t1 DROP KEY c_doc;
SHOW INDEXES IN t1;
Table	Non_unique	Key_name	Seq_in_index	Column_name	Collation	Cardinality	Sub_part	Packed	Null	Index_type	Comment	Index_comment
t1	0	PRIMARY	1	a	A	-	NULL	NULL		BTREE		
SELECT * FROM t1;
a	b	c	doc
1	10	@1	{"id":101,"name":"Alex","phone":6507770001,"address":{"houseNumber":1001,"streetName":"1st","zipcode":98761},"bool":"True","a.b.c.":1}
2	20	@2	{"id":102,"name":"Bob","phone":6507770002,"address":{"houseNumber":1002,"streetName":"2nd","zipcode":98762},"int64":2222222220123456789,"a.b.c.":2}
3	30	@3	{"id":103,"name":"Charlie","phone":6507770003,"address":{"houseNumber":1003,"streetName":"3rd","zipcode":98763},"double":3.333333,"a.b.c.":3}
4	40	@4	{"id":104,"name":"Don","phone":6507770004,"address":{"houseNumber":1004,"streetName":"4th","zipcode":98764},"Children":["Alex","Bob","Charlei"],"a.b.c.":4}
CREATE TABLE t2 (
a int not null,
b char (10) not null,
doc document not null,
primary key (a),
key (doc.id as int),
UNIQUE key doc_double (doc.double as double),
UNIQUE key doc_bool (doc.bool as bool),
UNIQUE key doc_name (doc.name as string(64)),
key doc_name_100 (doc.name as string(100)),
# binary index type is an alias of string
UNIQUE key doc_address_streetName (doc.address.streetName as binary(64)),
key (doc.address.streetName as binary(100))) engine=innodb;
SHOW CREATE TABLE t2;
Table	Create Table
t2	CREATE TABLE `t2` (
  `a` int(11) NOT NULL,
  `b` char(10) NOT NULL,
  `doc` document NOT NULL,
  PRIMARY KEY (`a`),
  UNIQUE KEY `doc_double` (`doc`.`double` AS DOUBLE),
  UNIQUE KEY `doc_bool` (`doc`.`bool` AS BOOL),
  UNIQUE KEY `doc_name` (`doc`.`name` AS STRING(64)),
  UNIQUE KEY `doc_address_streetName` (`doc`.`address`.`streetName` AS BINARY(64)),
  KEY `doc` (`doc`.`id` AS INT),
  KEY `doc_name_100` (`doc`.`name` AS STRING(100)),
  KEY `doc_2` (`doc`.`address`.`streetName` AS BINARY(100))
) ENGINE=InnoDB DEFAULT CHARSET=latin1
SHOW INDEXES IN t2;
Table	Non_unique	Key_name	Seq_in_index	Column_name	Collation	Cardinality	Sub_part	Packed	Null	Index_type	Comment	Index_comment
t2	0	PRIMARY	1	a	A	-	NULL	NULL		BTREE		
t2	0	doc_double	1	doc	A	-	8	NULL	YES	BTREE	disabled	
t2	0	doc_bool	1	doc	A	-	1	NULL	YES	BTREE	disabled	
t2	0	doc_name	1	doc	A	-	64	NULL	YES	BTREE	disabled	
t2	0	doc_address_streetName	1	doc	A	-	64	NULL	YES	BTREE	disabled	
t2	1	doc	1	doc	A	-	8	NULL	YES	BTREE	disabled	
t2	1	doc_name_100	1	doc	A	-	100	NULL	YES	BTREE	disabled	
t2	1	doc_2	1	doc	A	-	100	NULL	YES	BTREE	disabled	
insert into t2 values (1,'@1','{ "id":101, "name":"Alex", "phone":6507770001, "address":{ "houseNumber":1001, "streetName":"1st", "zipcode":98761 }, "bool":"True" }');
insert into t2 values (2,'@2','{ "id":102, "name":"Bob", "phone":6507770002, "address":{ "houseNumber":1002, "streetName":"2nd", "zipcode":98762 }, "int64":2222222220123456789 }');
insert into t2 values (3,'@3','{ "id":103, "name":"Charlie", "phone":6507770003, "address":{ "houseNumber":1003, "streetName":"3rd", "zipcode":98763 }, "double":3.333333 }');
insert into t2 values (4,'@4','{ "id":104, "name":"Don", "phone":6507770004, "address":{ "houseNumber":1004, "streetName":"4th", "zipcode":98764 }, "Children":["Alex", "Bob", "Charlei"] }');
insert into t2 values (5,'@5','{ "id":105, "name":"Eddard", "phone":6507770005, "address":{ "houseNumber":1005, "streetName":"5th", "zipcode":98765 }, "Children":["Rob", "Sansa", "Arya"], "a.b.c.":5 }');
insert into t2 values (6,'@6','{ "double":3.333333 }');
ERROR 23000: Duplicate entry '3.333333' for key 'doc_double'
insert into t2 values (6,'@6','{ "double":"3.333333" }');
ERROR 23000: Duplicate entry '3.333333' for key 'doc_double'
insert into t2 values (6,'@6','{ "double":"1.2345678901234567456" }');
insert into t2 values (7,'@7','{ "double":"1.234567890123456" }');
insert into t2 values (8,'@8','{ "double":"1.2345678901234567123" }');
ERROR 23000: Duplicate entry '1.2345678901234567123' for key 'doc_double'
delete from t2 where a = 6 or a = 7;
insert into t2 values (6,'@6','{ "name":"Eddard" }');
ERROR 23000: Duplicate entry 'Eddard' for key 'doc_name'
insert into t2 values (6,'@6','{ "address":{ "houseNumber":1005, "streetName":"4th", "zipcode":98765 } }');
ERROR 23000: Duplicate entry '4th' for key 'doc_address_streetName'
update t2 set doc='{ "id":105, "name":"Ned", "phone":6507770005, "address":{ "houseNumber":1005, "streetName":"Winterfell", "zipcode":98766 }, "Children":["Rob", "Sansa", "Arya"], "a.b.c.":5 }' where a = 5;
insert into t2 values (6,'@6','{ "address":{ "houseNumber":1005, "streetName":"Winterfell", "zipcode":98766 } }');
ERROR 23000: Duplicate entry 'Winterfell' for key 'doc_address_streetName'
insert into t2 values(7,'@7','{ "double" : 123}');
insert into t2 values(8, '@8','{ "double" : 123.0}');
ERROR 23000: Duplicate entry '123' for key 'doc_double'
insert into t2 values(8,'@8','{ "name" : 123}');
insert into t2 values(9, '@9','{ "name" : "123"}');
ERROR 23000: Duplicate entry '123' for key 'doc_name'
insert into t2 values(9,'@9','{ "name" : 123.1231131232}');
insert into t2 values(10, '@10','{ "name" : "123.1231131232"}');
ERROR 23000: Duplicate entry '123.1231131232' for key 'doc_name'
insert into t2 values (10,'@10','{ "name":1.234567890123456 }');
insert into t2 values (11,'@11','{ "name":1.234567890123455 }');
insert into t2 values (12,'@12','{ "name":1.234567890123456123 }');
ERROR 23000: Duplicate entry '1.23456789012346' for key 'doc_name'
insert into t2 values (12,'@12','{ "name":1.234567890123456999 }');
delete from t2 where a = 10 or a = 11 or a = 12;
insert into t2 values(10,'@10','{ "bool" : true}');
ERROR 23000: Duplicate entry 'true' for key 'doc_bool'
insert into t2 values(10,'@10','{ "bool" : 1}');
ERROR 23000: Duplicate entry '1' for key 'doc_bool'
insert into t2 values(10,'@10','{ "bool" : 1.0}');
ERROR 23000: Duplicate entry '1' for key 'doc_bool'
insert into t2 values(10,'@10','{ "bool" : 123}');
ERROR 23000: Duplicate entry '123' for key 'doc_bool'
insert into t2 values(10,'@10','{ "bool" : 123.4}');
ERROR 23000: Duplicate entry '123.4' for key 'doc_bool'
insert into t2 values(10,'@10','{ "bool" : false}');
insert into t2 values(10,'@10','{ "bool" : "false"}');
ERROR 23000: Duplicate entry '10' for key 'PRIMARY'
insert into t2 values(10,'@10','{ "bool" : 0}');
ERROR 23000: Duplicate entry '10' for key 'PRIMARY'
delete from t2 where a = 5;
SHOW INDEXES IN t2;
Table	Non_unique	Key_name	Seq_in_index	Column_name	Collation	Cardinality	Sub_part	Packed	Null	Index_type	Comment	Index_comment
t2	0	PRIMARY	1	a	A	-	NULL	NULL		BTREE		
t2	0	doc_double	1	doc	A	-	8	NULL	YES	BTREE	disabled	
t2	0	doc_bool	1	doc	A	-	1	NULL	YES	BTREE	disabled	
t2	0	doc_name	1	doc	A	-	64	NULL	YES	BTREE	disabled	
t2	0	doc_address_streetName	1	doc	A	-	64	NULL	YES	BTREE	disabled	
t2	1	doc	1	doc	A	-	8	NULL	YES	BTREE	disabled	
t2	1	doc_name_100	1	doc	A	-	100	NULL	YES	BTREE	disabled	
t2	1	doc_2	1	doc	A	-	100	NULL	YES	BTREE	disabled	
ALTER TABLE t2 DROP KEY doc_bool;
SHOW INDEXES IN t2;
Table	Non_unique	Key_name	Seq_in_index	Column_name	Collation	Cardinality	Sub_part	Packed	Null	Index_type	Comment	Index_comment
t2	0	PRIMARY	1	a	A	-	NULL	NULL		BTREE		
t2	0	doc_double	1	doc	A	-	8	NULL	YES	BTREE	disabled	
t2	0	doc_name	1	doc	A	-	64	NULL	YES	BTREE	disabled	
t2	0	doc_address_streetName	1	doc	A	-	64	NULL	YES	BTREE	disabled	
t2	1	doc	1	doc	A	-	8	NULL	YES	BTREE	disabled	
t2	1	doc_name_100	1	doc	A	-	100	NULL	YES	BTREE	disabled	
t2	1	doc_2	1	doc	A	-	100	NULL	YES	BTREE	disabled	
ALTER TABLE t2 DROP KEY doc_name_100;
SHOW INDEXES IN t2;
Table	Non_unique	Key_name	Seq_in_index	Column_name	Collation	Cardinality	Sub_part	Packed	Null	Index_type	Comment	Index_comment
t2	0	PRIMARY	1	a	A	-	NULL	NULL		BTREE		
t2	0	doc_double	1	doc	A	-	8	NULL	YES	BTREE	disabled	
t2	0	doc_name	1	doc	A	-	64	NULL	YES	BTREE	disabled	
t2	0	doc_address_streetName	1	doc	A	-	64	NULL	YES	BTREE	disabled	
t2	1	doc	1	doc	A	-	8	NULL	YES	BTREE	disabled	
t2	1	doc_2	1	doc	A	-	100	NULL	YES	BTREE	disabled	
ALTER TABLE t2 DROP KEY doc_address_streetName;
SHOW INDEXES IN t2;
Table	Non_unique	Key_name	Seq_in_index	Column_name	Collation	Cardinality	Sub_part	Packed	Null	Index_type	Comment	Index_comment
t2	0	PRIMARY	1	a	A	-	NULL	NULL		BTREE		
t2	0	doc_double	1	doc	A	-	8	NULL	YES	BTREE	disabled	
t2	0	doc_name	1	doc	A	-	64	NULL	YES	BTREE	disabled	
t2	1	doc	1	doc	A	-	8	NULL	YES	BTREE	disabled	
t2	1	doc_2	1	doc	A	-	100	NULL	YES	BTREE	disabled	
CREATE TABLE t3 (
a int not null,
b int,
c char (10),
doc document not null,
primary key (a),
UNIQUE key b_a (b, a)
) engine=innodb;
SHOW CREATE TABLE t3;
Table	Create Table
t3	CREATE TABLE `t3` (
  `a` int(11) NOT NULL,
  `b` int(11) DEFAULT NULL,
  `c` char(10) DEFAULT NULL,
  `doc` document NOT NULL,
  PRIMARY KEY (`a`),
  UNIQUE KEY `b_a` (`b`,`a`)
) ENGINE=InnoDB DEFAULT CHARSET=latin1
SHOW INDEXES IN t3;
Table	Non_unique	Key_name	Seq_in_index	Column_name	Collation	Cardinality	Sub_part	Packed	Null	Index_type	Comment	Index_comment
t3	0	PRIMARY	1	a	A	-	NULL	NULL		BTREE		
t3	0	b_a	1	b	A	-	NULL	NULL	YES	BTREE		
t3	0	b_a	2	a	A	-	NULL	NULL		BTREE		
insert into t3 values (1,10,'@1','{ "id":101, "name":"Alex", "phone":6507770001, "address":{ "houseNumber":1001, "streetName":"1st", "zipcode":98761 }, "bool":"True", "a.b.c.":1 }');
insert into t3 values (2,20,'@2','{ "id":102, "name":"Bob", "phone":6507770002, "address":{ "houseNumber":1002, "streetName":"2nd", "zipcode":98762 }, "int64":2222222220123456789, "a.b.c.":2 }');
insert into t3 values (3,30,'@3','{ "id":103, "name":"Charlie", "phone":6507770003, "address":{ "houseNumber":1003, "streetName":"3rd", "zipcode":98763 }, "double":3.333333, "a.b.c.":3 }');
insert into t3 values (4,40,'@4','{ "id":104, "name":"Don", "phone":6507770004, "address":{ "houseNumber":1004, "streetName":"4th", "zipcode":98764 }, "Children":["Alex", "Bob", "Charlei"], "a.b.c.":4 }');
SELECT * FROM t3;
a	b	c	doc
1	10	@1	{"id":101,"name":"Alex","phone":6507770001,"address":{"houseNumber":1001,"streetName":"1st","zipcode":98761},"bool":"True","a.b.c.":1}
2	20	@2	{"id":102,"name":"Bob","phone":6507770002,"address":{"houseNumber":1002,"streetName":"2nd","zipcode":98762},"int64":2222222220123456789,"a.b.c.":2}
3	30	@3	{"id":103,"name":"Charlie","phone":6507770003,"address":{"houseNumber":1003,"streetName":"3rd","zipcode":98763},"double":3.333333,"a.b.c.":3}
4	40	@4	{"id":104,"name":"Don","phone":6507770004,"address":{"houseNumber":1004,"streetName":"4th","zipcode":98764},"Children":["Alex","Bob","Charlei"],"a.b.c.":4}
ALTER TABLE t3 ADD UNIQUE INDEX c_doc (c, doc.address.zipcode as int);
insert into t3 values (5,50,'@4','{ "address":{ "zipcode":98764 } }');
ERROR 23000: Duplicate entry '@4-98764' for key 'c_doc'
SHOW INDEXES IN t3;
Table	Non_unique	Key_name	Seq_in_index	Column_name	Collation	Cardinality	Sub_part	Packed	Null	Index_type	Comment	Index_comment
t3	0	PRIMARY	1	a	A	-	NULL	NULL		BTREE		
t3	0	b_a	1	b	A	-	NULL	NULL	YES	BTREE		
t3	0	b_a	2	a	A	-	NULL	NULL		BTREE		
t3	0	c_doc	1	c	A	-	NULL	NULL	YES	BTREE	disabled	
t3	0	c_doc	2	doc	A	-	8	NULL	YES	BTREE	disabled	
SELECT * FROM t3;
a	b	c	doc
1	10	@1	{"id":101,"name":"Alex","phone":6507770001,"address":{"houseNumber":1001,"streetName":"1st","zipcode":98761},"bool":"True","a.b.c.":1}
2	20	@2	{"id":102,"name":"Bob","phone":6507770002,"address":{"houseNumber":1002,"streetName":"2nd","zipcode":98762},"int64":2222222220123456789,"a.b.c.":2}
3	30	@3	{"id":103,"name":"Charlie","phone":6507770003,"address":{"houseNumber":1003,"streetName":"3rd","zipcode":98763},"double":3.333333,"a.b.c.":3}
4	40	@4	{"id":104,"name":"Don","phone":6507770004,"address":{"houseNumber":1004,"streetName":"4th","zipcode":98764},"Children":["Alex","Bob","Charlei"],"a.b.c.":4}
ALTER TABLE t3 DROP KEY b_a;
SHOW INDEXES IN t3;
Table	Non_unique	Key_name	Seq_in_index	Column_name	Collation	Cardinality	Sub_part	Packed	Null	Index_type	Comment	Index_comment
t3	0	PRIMARY	1	a	A	-	NULL	NULL		BTREE		
t3	0	c_doc	1	c	A	-	NULL	NULL	YES	BTREE	disabled	
t3	0	c_doc	2	doc	A	-	8	NULL	YES	BTREE	disabled	
ALTER TABLE t3 DROP KEY c_doc;
SHOW INDEXES IN t3;
Table	Non_unique	Key_name	Seq_in_index	Column_name	Collation	Cardinality	Sub_part	Packed	Null	Index_type	Comment	Index_comment
t3	0	PRIMARY	1	a	A	-	NULL	NULL		BTREE		
SELECT * FROM t3;
a	b	c	doc
1	10	@1	{"id":101,"name":"Alex","phone":6507770001,"address":{"houseNumber":1001,"streetName":"1st","zipcode":98761},"bool":"True","a.b.c.":1}
2	20	@2	{"id":102,"name":"Bob","phone":6507770002,"address":{"houseNumber":1002,"streetName":"2nd","zipcode":98762},"int64":2222222220123456789,"a.b.c.":2}
3	30	@3	{"id":103,"name":"Charlie","phone":6507770003,"address":{"houseNumber":1003,"streetName":"3rd","zipcode":98763},"double":3.333333,"a.b.c.":3}
4	40	@4	{"id":104,"name":"Don","phone":6507770004,"address":{"houseNumber":1004,"streetName":"4th","zipcode":98764},"Children":["Alex","Bob","Charlei"],"a.b.c.":4}
CREATE TABLE t4 (
a int not null,
b char (10) not null,
doc document not null,
primary key (a),
key id_a_double_b_bool (doc.id as int, a, doc.double as double, b, doc.bool as bool),
key a_name_b_name100_address_a_address100_b (a, doc.name as string(64), b, doc.name as string(100), doc.address as binary(64), a, doc.address as binary(100), b)) engine=innodb;
ERROR 42S21: Duplicate column name 'doc'
drop table t1, t2, t3;
select document_path, document_type from information_schema.innodb_sys_docstore_fields;
document_path	document_type
include/rpl_end.inc
